#"Step"     "Time (ps)"     "Potential Energy (kJ/mole)"     "Temperature (K)"     "Time Remaining"
500     1.0000000000000007     396.74643056166485     382.93624833706326     --
1000     2.0000000000000013     367.51465246181476     336.5480050605139     10:02
1500     2.999999999999891     310.3293085698722     312.1767052133444     10:00
2000     3.999999999999781     328.10488273884255     291.72386384579767     9:53
2500     4.999999999999671     341.05182865870813     289.70118847256225     9:47
3000     5.999999999999561     349.06972389979865     266.53122657219774     9:43
3500     6.999999999999451     316.21239880200676     260.0843818259855     9:38
4000     7.999999999999341     328.66885590866093     243.85303382881327     9:33
4500     8.999999999999675     333.10434208421646     260.76033741823665     9:28
5000     10.000000000000009     310.0538137046975     274.5407460440852     9:25
5500     11.000000000000343     322.86842392738663     279.7291060712249     9:23
6000     12.000000000000677     337.9397274940601     334.54610470635214     9:21
6500     13.00000000000101     352.6620866248762     305.88879674940284     9:19
7000     14.000000000001345     328.7685522203549     313.6152958159658     9:18
7500     15.000000000001679     312.39912488901734     245.8278012616549     9:17
8000     16.00000000000201     289.88192213842683     300.6894307390069     9:16
8500     17.000000000001457     322.59725040742455     283.1948053660885     9:15
9000     18.000000000000902     329.6434242184092     246.78126094317733     9:14
9500     19.000000000000348     319.0601234315345     330.7998770601623     9:13
10000     19.999999999999794     331.1020026513746     340.12803775713917     9:12
10500     20.99999999999924     330.2341646282756     410.50548783640676     9:12
11000     21.999999999998685     362.0249385422097     306.00085547985486     9:11
11500     22.99999999999813     340.71986988943206     303.16449115856636     9:11
12000     23.999999999997577     322.07600715527724     300.47684540863906     9:10
12500     24.999999999997023     320.7188267524531     287.6004519565376     9:10
13000     25.99999999999647     339.6081481144207     279.6915155468681     9:09
13500     26.999999999995914     358.3199338750369     259.2888300442899     9:09
14000     27.99999999999536     337.53866495153136     316.0985781525988     9:09
14500     28.999999999994806     314.5800188661998     268.11158940567265     9:08
15000     29.99999999999425     334.12870958447775     260.34275891081654     9:08
15500     30.999999999993697     314.74885006378656     310.16287692742463     9:07
16000     31.999999999993143     321.0560096015057     270.5474792121512     9:07
16500     32.999999999994365     350.75800096433863     272.36731768863496     9:07
17000     33.99999999999559     324.8436405016537     331.3463065208928     9:07
17500     34.99999999999681     331.5486421475506     261.8743730855479     9:06
18000     35.99999999999803     309.05976561152613     278.27873368169173     9:06
18500     36.999999999999254     328.6910843764135     277.691386320023     9:06
19000     38.000000000000476     359.1557676496619     319.1089393486703     9:06
19500     39.0000000000017     307.4541589513816     394.24110209052463     9:05
20000     40.00000000000292     331.3452943233457     333.07917434712317     9:05
20500     41.00000000000414     361.1203015105725     405.71313395529313     9:05
21000     42.000000000005365     352.8169179450955     331.63734150538636     9:05
21500     43.00000000000659     344.9228300104428     265.4716459697028     9:05
22000     44.00000000000781     324.42016944451893     326.4475918508983     9:04
22500     45.00000000000903     315.5556300307504     374.01153134622626     9:04
23000     46.00000000001025     346.90236081059186     316.0447991499823     9:04
23500     47.000000000011475     354.69821783090674     276.20170362285995     9:04
24000     48.0000000000127     357.67649891762017     255.5701770719467     9:04
24500     49.00000000001392     318.42736137559393     395.17157678747     9:04
25000     50.00000000001514     349.00199351531353     285.91397713078703     9:04
25500     51.000000000016364     357.54953447729145     254.38265734922078     9:03
26000     52.000000000017586     319.774762080236     341.364951559878     9:03
26500     53.00000000001881     336.198384373106     258.1782308757988     9:03
27000     54.00000000002003     335.80378626985294     332.13544996450656     9:03
27500     55.00000000002125     332.15626375438603     340.7108472054856     9:03
28000     56.000000000022474     311.7216072216114     287.68375078917717     9:03
28500     57.0000000000237     295.5864598232066     334.6902114200879     9:03
29000     58.00000000002492     347.3396055547024     324.9809205328644     9:02
29500     59.00000000002614     348.42028193021395     332.3280306544254     9:02
30000     60.00000000002736     325.9414647293378     276.6871467657966     9:02
30500     61.000000000028585     325.80376365183554     269.4882247896466     9:02
31000     62.00000000002981     347.98070165591776     243.28459871462738     9:02
31500     63.00000000003103     324.2162326591624     349.1900150846666     9:02
32000     64.00000000003224     345.5261786579964     287.1676362322877     9:02
32500     65.00000000002991     335.10295625834704     278.131772820383     9:01
33000     66.00000000002758     306.8984915672024     256.6704811219241     9:01
33500     67.00000000002525     332.1242663518626     243.96041183926687     9:01
34000     68.00000000002292     318.62293915654857     279.0810580616253     9:01
34500     69.00000000002059     332.2126022359232     257.9179644875847     9:01
35000     70.00000000001826     355.394681231401     338.9360970014469     9:01
35500     71.00000000001593     350.8539688337527     238.7702900333015     9:01
36000     72.0000000000136     325.5547312410871     305.3300323060187     9:01
36500     73.00000000001127     312.0201092267954     349.98150983521714     9:01
37000     74.00000000000894     325.1782918863345     220.80398149207113     9:00
37500     75.00000000000661     337.6029947792573     290.0399256256999     9:00
38000     76.00000000000428     310.7237353465439     313.013012593097     9:00
38500     77.00000000000195     318.6882668189022     323.48089687083177     9:00
39000     77.99999999999962     339.8127763789988     321.080843059405     9:00
39500     78.99999999999729     363.20351807860675     307.51096547554414     9:00
40000     79.99999999999496     336.7826189246921     347.06307599977794     9:00
40500     80.99999999999262     312.03827265529947     301.3608264110391     9:00
41000     81.9999999999903     317.39333865198785     376.8907585591338     9:00
41500     82.99999999998796     381.7102308721285     329.4640582210783     9:00
42000     83.99999999998563     354.2301615639276     286.7323759745262     9:00
42500     84.9999999999833     312.94359335410684     321.202645080996     8:59
43000     85.99999999998097     325.2224189028092     283.10962209099847     8:59
43500     86.99999999997864     320.26418840442204     262.2083739767028     8:59
44000     87.99999999997631     359.52873583246503     331.71638727516086     8:59
44500     88.99999999997398     334.4874049077431     327.77323189882674     8:59
45000     89.99999999997165     354.8604896271804     261.7436475902669     8:59
45500     90.99999999996932     338.7928659144434     309.81614059025804     8:59
46000     91.99999999996699     307.45754796480253     273.5976984179432     8:59
46500     92.99999999996466     347.8283493172099     284.7514731141478     8:59
47000     93.99999999996233     378.0942138789818     341.69083365798656     8:59
47500     94.99999999996     347.5815959959741     361.1593583649344     8:59
48000     95.99999999995767     338.37058684211377     372.8306802137216     8:59
48500     96.99999999995534     339.16060501331333     309.4575695156164     8:58
49000     97.999999999953     369.803638143497     308.48473968008614     8:58
49500     98.99999999995067     373.92415345243796     298.4072194151983     8:58
50000     99.99999999994834     358.2092236417053     340.8275692667741     8:58
50500     100.99999999994601     329.53614302100016     347.4221270604979     8:58
51000     101.99999999994368     321.8114561063262     273.8563534185563     8:58
51500     102.99999999994135     348.9150609250528     293.7858022110278     8:58
52000     103.99999999993902     358.37953844608205     254.62416536062372     8:58
52500     104.99999999993669     327.7798848146176     361.00131944495723     8:58
53000     105.99999999993436     358.7114716246475     308.6213090801428     8:58
53500     106.99999999993203     333.2446463196545     267.92615314255056     8:58
54000     107.9999999999297     328.34998502095755     283.4800435444806     8:58
54500     108.99999999992737     318.7601835842811     289.59354212489694     8:58
55000     109.99999999992504     332.93005057111645     312.0321096978548     8:58
55500     110.99999999992271     302.8210321896131     355.42234707659725     8:57
56000     111.99999999992038     351.2996011522315     350.8106451302022     8:57
56500     112.99999999991805     350.51973314881934     319.6299989505074     8:57
57000     113.99999999991572     320.5604045942114     270.92971942267843     8:57
57500     114.99999999991338     335.55451878857946     284.8915827627065     8:57
58000     115.99999999991105     345.36607363314135     407.66572500766125     8:57
58500     116.99999999990872     312.5738254390167     373.69975439336895     8:57
59000     117.9999999999064     337.87585302337413     342.5625090108434     8:57
59500     118.99999999990406     341.2217441803391     307.6241332311578     8:57
60000     119.99999999990173     325.7452865705735     326.7136873259649     8:57
60500     120.9999999998994     333.59783627012087     248.56753145893452     8:57
61000     121.99999999989707     351.17735705828875     299.23406239642253     8:57
61500     122.99999999989474     353.9917941422899     328.82934365413945     8:57
62000     123.99999999989241     327.18067276332306     349.2846530394467     8:57
62500     124.99999999989008     369.5539903711913     341.0293261383386     8:57
63000     125.99999999988775     341.89632476908514     314.59737969686836     8:56
63500     126.99999999988542     327.2462050041428     291.4240513144903     8:56
64000     127.99999999988309     342.5696338685227     252.95535461349888     8:56
64500     128.99999999988785     349.00758208795594     286.2099643370922     8:56
65000     129.99999999989262     370.7966591260812     260.52636280512587     8:56
65500     130.9999999998974     338.624704548419     282.52921132577126     8:56
66000     131.99999999990217     331.09626164057624     279.83171593149257     8:56
66500     132.99999999990695     337.3090030469365     279.181284080916     8:56
67000     133.99999999991172     341.906566705767     325.4280774073611     8:56
67500     134.9999999999165     371.4327021491139     334.439966525385     8:56
68000     135.99999999992127     350.82797652495265     306.13233084439827     8:56
68500     136.99999999992605     340.8718730662579     319.0982150633793     8:56
69000     137.99999999993082     367.16738953344395     278.26862085471544     8:56
69500     138.9999999999356     337.2768093372107     392.6972229620557     8:56
70000     139.99999999994037     320.6992110162362     291.3280751934634     8:56
70500     140.99999999994515     348.1239847619587     283.01022828922777     8:56
71000     141.99999999994992     351.1840733223203     241.72902626277346     8:56
71500     142.9999999999547     310.5211824181059     336.07684418363317     8:55
72000     143.99999999995947     313.9989635770652     360.5766539095061     8:55
72500     144.99999999996425     319.84710811067987     263.5118951357626     8:55
73000     145.99999999996902     309.6072665242715     323.6146207533127     8:55
73500     146.9999999999738     366.5302697575587     301.0481645322875     8:55
74000     147.99999999997857     325.90281526010824     352.1557053562527     8:55
74500     148.99999999998334     352.51303237031425     340.4244863292339     8:55
75000     149.99999999998812     320.94169969976394     336.61425366647586     8:55
75500     150.9999999999929     355.06493829790656     259.3367518621068     8:55
76000     151.99999999999767     334.0912220171459     237.07176023964968     8:55
76500     153.00000000000244     306.3768153979331     294.66819036942246     8:55
77000     154.00000000000722     327.91985910640585     318.1760612418861     8:55
77500     155.000000000012     345.9408987406123     290.3269663745898     8:55
78000     156.00000000001677     342.9336757986298     309.03371177697267     8:55
78500     157.00000000002154     358.6972844219831     290.2457445215369     8:55
79000     158.00000000002632     348.4612542348949     356.70938486013785     8:55
79500     159.0000000000311     346.84607726864726     310.48262841755536     8:54
80000     160.00000000003587     356.5601015523888     331.6979842782466     8:54
80500     161.00000000004064     348.7271813985395     246.95001704423817     8:54
81000     162.00000000004542     338.7180447666367     349.2339174227251     8:54
81500     163.0000000000502     313.670446428687     247.52378028967712     8:54
82000     164.00000000005497     320.94837288560177     236.62910362214012     8:54
82500     165.00000000005974     317.5161735732928     307.1817769763036     8:54
83000     166.00000000006452     319.96921422255116     280.67192088522825     8:54
83500     167.0000000000693     339.11724159128244     270.81996440904726     8:54
84000     168.00000000007407     309.7259096308404     253.69516200959313     8:54
84500     169.00000000007884     348.8861567454122     241.10921677028634     8:54
85000     170.00000000008362     332.8817100554638     255.6813117064887     8:54
85500     171.0000000000884     315.4514603868305     295.141958885956     8:54
86000     172.00000000009317     319.9040647427927     254.98624551809434     8:54
86500     173.00000000009794     318.5076721008553     238.3488879123473     8:54
87000     174.00000000010272     311.8631875549157     286.4703902066871     8:54
87500     175.0000000001075     326.78813896910845     337.8198146527972     8:53
88000     176.00000000011227     323.9361765952144     220.23026684586847     8:53
88500     177.00000000011704     306.24600039087363     247.48569615208064     8:53
89000     178.00000000012182     325.30200122228655     216.44456019941742     8:53
89500     179.0000000001266     338.5786796081687     281.51714421466943     8:53
90000     180.00000000013137     329.47590487825016     308.12860881992106     8:53
90500     181.00000000013614     336.25558816318494     296.4519533421931     8:53
91000     182.00000000014091     364.6072536482051     338.84586858171576     8:53
91500     183.0000000001457     345.0429834375185     322.1452431561296     8:53
92000     184.00000000015046     334.7361772903222     357.3409112687393     8:53
92500     185.00000000015524     313.32697855678487     246.14345142833002     8:53
93000     186.00000000016001     325.1553103021332     258.0705496044963     8:53
93500     187.0000000001648     334.887858951168     297.6048442200002     8:53
94000     188.00000000016956     343.23989492595797     251.10733159522752     8:53
94500     189.00000000017434     346.73789637399045     249.2810030903509     8:53
95000     190.0000000001791     363.4800943643264     241.45056177751488     8:53
95500     191.0000000001839     305.35270425694137     260.9825616401881     8:52
96000     192.00000000018866     326.95463915798905     207.71042574332176     8:52
96500     193.00000000019344     318.32387415894846     340.06778214339414     8:52
97000     194.0000000001982     327.46133960548525     248.35392651336045     8:52
97500     195.000000000203     312.0546606850436     302.98530474108327     8:52
98000     196.00000000020776     318.40156381549855     297.52905329123615     8:52
98500     197.00000000021254     340.6419722970933     260.43343773930843     8:52
99000     198.0000000002173     327.3216166796084     269.23921289470366     8:52
99500     199.0000000002221     341.53622023766536     301.9980027311193     8:52
100000     200.00000000022686     315.6523164664594     293.2976505567677     8:52
100500     201.00000000023164     299.57229072575126     277.18750853415776     8:52
101000     202.0000000002364     368.6314164083369     238.22224461567305     8:52
101500     203.0000000002412     341.6088282947883     279.494245157798     8:52
102000     204.00000000024596     344.09118965136406     244.90792533157443     8:52
102500     205.00000000025074     356.2432745102185     308.77888854358605     8:52
103000     206.0000000002555     309.9011524789844     306.1477506918298     8:52
103500     207.0000000002603     359.79594816982944     293.04531626626124     8:51
104000     208.00000000026506     321.43460651834107     313.83038257808744     8:51
104500     209.00000000026984     336.6811440906131     274.4821829714001     8:51
105000     210.0000000002746     324.26299023460376     278.2282862697433     8:51
105500     211.00000000027939     351.03188263211314     281.2699833491928     8:51
106000     212.00000000028416     340.37582203397744     321.59549182457823     8:51
106500     213.00000000028894     336.7099746645267     409.20219015310425     8:51
107000     214.0000000002937     356.1740469222958     313.1197123777968     8:51
107500     215.00000000029848     325.36404937737393     256.5516182723507     8:51
108000     216.00000000030326     348.8050755244417     245.1943359372772     8:51
108500     217.00000000030803     300.60047629373264     324.73262858474715     8:51
109000     218.0000000003128     295.9076057703005     276.80720283156904     8:51
109500     219.00000000031758     323.1562364714806     286.3468416318784     8:51
110000     220.00000000032236     305.8281066664574     296.53501986725405     8:51
110500     221.00000000032713     317.1695532695762     325.14487213926066     8:51
111000     222.0000000003319     332.845166053698     328.30104200723895     8:51
111500     223.00000000033668     320.2033883445645     254.4253355193407     8:51
112000     224.00000000034146     352.9820786818541     255.96798400535482     8:50
112500     225.00000000034623     332.5406276521102     291.81402250100217     8:50
113000     226.000000000351     366.332828186567     338.36210898857667     8:50
113500     227.00000000035578     310.18120753861376     353.76380252256024     8:50
114000     228.00000000036056     309.0158239109371     329.94959751300235     8:50
114500     229.00000000036533     342.8582824338413     291.12409747404155     8:50
115000     230.0000000003701     340.7841791585381     319.3150237158173     8:50
115500     231.00000000037488     352.2076055043617     352.2585266877819     8:50
116000     232.00000000037966     348.9094055698963     379.9556014406166     8:50
116500     233.00000000038443     353.8823593580129     286.4459096734527     8:50
117000     234.0000000003892     336.4696654187419     259.4022175682788     8:50
117500     235.00000000039398     310.58668593439313     254.41734502989277     8:50
118000     236.00000000039876     316.77386173373804     358.7817912425267     8:50
118500     237.00000000040353     355.6870876566122     255.07574305415332     8:50
119000     238.0000000004083     342.6627990342032     275.917347360156     8:50
119500     239.00000000041308     321.82971496020525     267.77902452507413     8:50
120000     240.00000000041786     294.32718632929357     322.9873059771311     8:50
120500     241.00000000042263     331.8233893277535     327.21022697025353     8:49
121000     242.0000000004274     391.0141038917309     251.94723011947633     8:49
121500     243.00000000043218     326.7470891788083     387.7705646232658     8:49
122000     244.00000000043696     316.72020717176713     334.6766940834067     8:49
122500     245.00000000044173     325.60351719467496     291.9054313675234     8:49
123000     246.0000000004465     304.62632312361677     278.8778492515488     8:49
123500     247.00000000045128     330.4072820945486     216.68099968183324     8:49
124000     248.00000000045605     338.61536218432104     288.4235542941033     8:49
124500     249.00000000046083     345.33252970533306     232.5672718736012     8:49
125000     250.0000000004656     321.3595855516195     291.5519923722324     8:49
125500     251.00000000047038     324.7014600377287     336.0094445386665     8:49
126000     252.00000000047515     317.09589380585487     310.9210771323539     8:49
126500     253.00000000047993     347.94777990485477     277.04395649755253     8:49
127000     254.0000000004847     323.58570385431335     250.32037208584856     8:49
127500     255.00000000048948     326.20317519760806     306.68818802011396     8:49
128000     256.00000000049425     351.2833772204348     180.56371179844072     8:49
128500     257.000000000499     305.4805475690463     311.6521382643653     8:49
129000     258.0000000005038     312.1731508405013     311.312938134882     8:49
129500     259.0000000005086     336.1885181702104     242.30881889738225     8:49
130000     260.00000000051335     303.0709000695174     328.8576396149236     8:48
130500     261.0000000005181     316.6073415352736     278.8300298392655     8:48
131000     262.0000000005229     333.6707953633519     216.68965363965893     8:48
131500     263.0000000005277     335.5429924286194     251.20923730342122     8:48
132000     264.00000000053245     331.39445914978467     326.3820484303496     8:48
132500     265.0000000005372     348.44594607354384     296.01348906272216     8:48
133000     266.000000000542     354.2889256487955     320.5361950028729     8:48
133500     267.0000000005468     319.8618819951979     258.0712758623607     8:48
134000     268.00000000055155     303.2569996352437     280.035788467863     8:48
134500     269.0000000005563     324.9990631093274     323.90141434037247     8:48
135000     270.0000000005611     323.58388876880497     339.7264924405021     8:48
135500     271.0000000005659     320.82831154749726     333.0297510550943     8:48
136000     272.00000000057065     334.1794624808249     404.53136089043255     8:48
136500     273.0000000005754     340.5173922212223     277.3578168722209     8:48
137000     274.0000000005802     302.45513231560756     289.88453100469974     8:48
137500     275.000000000585     297.46291137072217     281.02620790086394     8:48
138000     276.00000000058975     336.513435222363     235.33896956672513     8:48
138500     277.0000000005945     315.81259417394824     326.3816851954597     8:48
139000     278.0000000005993     323.11355192496626     313.8007215115796     8:47
139500     279.0000000006041     312.7172861779769     317.161282652647     8:47
140000     280.00000000060885     314.8501573873448     311.08723733992286     8:47
140500     281.0000000006136     346.07187884340055     263.8381018961446     8:47
141000     282.0000000006184     322.24677708670345     245.488221331562     8:47
141500     283.0000000006232     334.60806731672926     234.57893231066464     8:47
142000     284.00000000062795     338.3241675714271     231.29439036138547     8:47
142500     285.0000000006327     317.9098177953447     328.1493303364685     8:47
143000     286.0000000006375     303.883994876776     269.74436633786434     8:47
143500     287.0000000006423     381.87595659681983     269.53817188779624     8:47
144000     288.00000000064705     344.70641092525443     326.9741889804985     8:47
144500     289.0000000006518     305.1040130926451     305.66680283293516     8:47
145000     290.0000000006566     361.3037133667883     308.1635611807526     8:47
145500     291.0000000006614     345.6882460675497     244.91232532236316     8:47
146000     292.00000000066615     341.7077409830473     359.9317805037393     8:47
146500     293.0000000006709     312.1574928378783     364.3577440483051     8:47
147000     294.0000000006757     362.4463418527679     276.04500227980327     8:47
147500     295.0000000006805     323.9272907793436     271.09781980540583     8:47
148000     296.00000000068525     319.78945376201455     265.27912853952074     8:46
148500     297.00000000069     321.8898197011184     281.853203069547     8:46
149000     298.0000000006948     338.7157027439639     330.7398412126481     8:46
149500     299.0000000006996     327.0142780415232     312.5327488047812     8:46
150000     300.00000000070435     322.75006083125584     279.73494053063416     8:46
150500     301.0000000007091     313.89482323288826     266.3570704138215     8:46
151000     302.0000000007139     306.71764725467096     281.91979989468797     8:46
151500     303.00000000071867     363.15696259101765     305.5895589969035     8:46
152000     304.00000000072345     372.83659007375684     288.60234960882883     8:46
152500     305.0000000007282     358.21548554644903     275.99212424405823     8:46
153000     306.000000000733     302.17065971404986     285.1482158211571     8:46
153500     307.00000000073777     310.24604851755976     228.36774633081473     8:46
154000     308.00000000074255     322.50795362004453     289.7606376013564     8:46
154500     309.0000000007473     318.62520301911843     271.88209928083774     8:46
155000     310.0000000007521     342.4489536077301     234.58900247606886     8:46
155500     311.00000000075687     286.6043014101547     363.5577717664587     8:46
156000     312.00000000076164     311.5587486936987     322.25800126349804     8:46
156500     313.0000000007664     329.8057829517353     324.39254485333544     8:45
157000     314.0000000007712     354.3218650826799     356.6367482720699     8:45
157500     315.00000000077597     339.2576268245806     323.9186783068142     8:45
158000     316.00000000078074     335.3601764404044     262.59333592206656     8:45
158500     317.0000000007855     354.12351409686494     301.4286990710807     8:45
159000     318.0000000007903     353.448257646137     381.27311446511305     8:45
159500     319.00000000079507     332.99852476643196     395.88108055765224     8:45
160000     320.00000000079984     362.7080864408771     324.13461418316683     8:45
160500     321.0000000008046     316.4569907852107     318.26781580074885     8:45
161000     322.0000000008094     333.80633069611633     263.7392691329991     8:45
161500     323.00000000081417     328.5042744531572     314.7183527543434     8:45
162000     324.00000000081894     315.1045884560276     345.9757761689639     8:45
162500     325.0000000008237     329.27093813387626     244.35352166456204     8:45
163000     326.0000000008285     304.5631184950962     277.2943656245749     8:45
163500     327.00000000083327     339.3675204498901     276.32731093235935     8:45
164000     328.00000000083804     327.1342271849169     292.96159894737417     8:45
164500     329.0000000008428     368.71810206864757     316.80757479540165     8:44
165000     330.0000000008476     339.7276699936965     364.85137779329256     8:44
165500     331.00000000085237     330.0082524699269     347.8394587451523     8:44
166000     332.00000000085714     332.9744967189904     255.66198503345865     8:44
166500     333.0000000008619     329.7575673461341     309.2737471830787     8:44
167000     334.0000000008667     361.14909945895374     294.47249611534284     8:44
167500     335.00000000087147     309.4519681161064     327.14419844536803     8:44
168000     336.00000000087624     323.0069221489706     281.65631766594686     8:44
168500     337.000000000881     363.59506332400827     299.87569378104394     8:44
169000     338.0000000008858     326.5954694040953     314.9012016934237     8:44
169500     339.00000000089057     358.91031299577764     353.3135729653866     8:44
170000     340.00000000089534     315.4998452194874     319.2491465145836     8:44
170500     341.0000000009001     350.9802791241153     232.22965638599297     8:44
171000     342.0000000009049     345.8828978565234     286.44602140325844     8:44
171500     343.00000000090967     329.0969393808881     310.0758091352094     8:44
172000     344.00000000091444     334.3252091549052     334.07172785170405     8:44
172500     345.0000000009192     318.10358947539805     335.61594908004605     8:44
173000     346.000000000924     379.84183143311554     276.3951667199087     8:44
173500     347.00000000092876     309.9265131640525     319.9730359331839     8:43
174000     348.00000000093354     336.0252620403028     322.91448604400415     8:43
174500     349.0000000009383     331.028666258749     248.23967045159182     8:43
175000     350.0000000009431     320.9546665618808     340.04101164966755     8:43
175500     351.00000000094786     323.9562207065535     387.9531495643519     8:43
176000     352.00000000095264     360.4318247305731     293.43718590685955     8:43
176500     353.0000000009574     361.3198001037222     373.77704682863686     8:43
177000     354.0000000009622     346.1213605285403     274.0610261958595     8:43
177500     355.00000000096696     334.54545157490384     305.6331177496637     8:43
178000     356.00000000097174     393.016965716791     279.2536428541139     8:43
178500     357.0000000009765     339.1499197891869     344.55431774166584     8:43
179000     358.0000000009813     337.1056439764021     307.2606076460197     8:43
179500     359.00000000098606     318.2485609115298     263.66562812304096     8:43
180000     360.00000000099084     350.61724412033584     278.4080804683065     8:43
180500     361.0000000009956     349.1994862113455     314.40031502505536     8:43
181000     362.0000000010004     344.4011931629417     318.2934377540528     8:43
181500     363.00000000100516     320.65402216897917     390.9815425140686     8:43
182000     364.00000000100994     322.28130680577635     349.97622575812227     8:43
182500     365.0000000010147     325.76119663921077     239.39245306439506     8:43
183000     366.0000000010195     334.4753990192554     293.3915559709001     8:42
183500     367.00000000102426     335.36860101397644     294.8996417457069     8:42
184000     368.00000000102904     343.10520941437005     337.50054692689145     8:42
184500     369.0000000010338     349.9544717152063     315.59688153597864     8:42
185000     370.0000000010386     353.38091895346497     326.8757936790997     8:42
185500     371.00000000104336     346.6498199378469     386.2530675498437     8:42
186000     372.00000000104814     377.07300221097523     260.2811354828687     8:42
186500     373.0000000010529     336.0253048641317     311.3961845417009     8:42
187000     374.0000000010577     330.67845639861855     348.14608488938524     8:42
187500     375.00000000106246     343.6781049776122     310.547957351591     8:42
188000     376.00000000106724     345.27351132208685     328.2919530297379     8:42
188500     377.000000001072     387.09805591120676     349.38990945912104     8:42
189000     378.0000000010768     342.18698619956876     268.4815174437027     8:42
189500     379.00000000108156     353.83155103867205     320.69991614232606     8:42
190000     380.00000000108633     349.76630321532286     363.6847169838701     8:42
190500     381.0000000010911     335.6503095134666     295.7512029241549     8:42
191000     382.0000000010959     328.0372421891733     299.8813686541238     8:42
191500     383.00000000110066     326.0948133402734     252.3280595353466     8:42
192000     384.00000000110543     318.85410906299217     253.62341306800784     8:41
192500     385.0000000011102     332.6674034422417     297.19897671979015     8:41
193000     386.000000001115     348.5189289463742     324.51124037057167     8:41
193500     387.00000000111976     328.78382252365986     344.31163041570585     8:41
194000     388.00000000112453     368.5241810466342     272.60006232934694     8:41
194500     389.0000000011293     341.7272973534891     258.35335874845634     8:41
195000     390.0000000011341     346.49708331920726     300.4128099892928     8:41
195500     391.00000000113886     344.69112096974425     348.25675663638424     8:41
196000     392.00000000114363     341.63645810048547     207.81157388064645     8:41
196500     393.0000000011484     343.73813981304295     305.02950428819764     8:41
197000     394.0000000011532     330.06653144291454     371.91289633544943     8:41
197500     395.00000000115796     308.0413003056684     284.1879730586545     8:41
198000     396.00000000116273     350.5447350844795     281.631081067451     8:41
198500     397.0000000011675     325.4022824711078     303.82974132800416     8:41
199000     398.0000000011723     306.6890809644789     245.409374221257     8:41
199500     399.00000000117706     322.0883382592075     244.5848384484101     8:41
200000     400.00000000118183     319.36652788917615     230.05619216135972     8:41
200500     401.0000000011866     341.9606738880641     246.48537581948727     8:41
201000     402.0000000011914     302.7740529369985     339.6735512741876     8:40
201500     403.00000000119616     371.7273197326873     262.62391204276605     8:40
202000     404.00000000120093     330.8123764838226     281.48360046879486     8:40
202500     405.0000000012057     312.4582679012648     262.37624402165454     8:40
203000     406.0000000012105     302.2750051615187     262.80395945788155     8:40
203500     407.00000000121526     319.8039686086437     254.29607727698234     8:40
204000     408.00000000122003     340.6856207475015     284.2668816364985     8:40
204500     409.0000000012248     316.90184914657334     389.1869155130203     8:40
205000     410.0000000012296     322.5691073525743     259.16180145739133     8:40
205500     411.00000000123435     346.3313714994167     302.00017745814     8:40
206000     412.00000000123913     330.101738923575     278.28504970140705     8:40
206500     413.0000000012439     294.3499457998489     317.7961090139751     8:40
207000     414.0000000012487     324.3374364743963     215.40714346430357     8:40
207500     415.00000000125345     307.04292648446415     326.44409822375667     8:40
208000     416.00000000125823     334.55658141706124     356.6515497345847     8:40
208500     417.000000001263     370.5998545768259     309.8616531776298     8:40
209000     418.0000000012678     367.4175801794605     303.9639763016893     8:40
209500     419.00000000127255     344.8439996247265     285.716892486464     8:40
210000     420.00000000127733     385.4487209439003     284.94031613529495     8:39
210500     421.0000000012821     318.3135581279098     325.3953141111323     8:39
211000     422.0000000012869     306.1913945553316     377.47257287757037     8:39
211500     423.00000000129165     332.09095413368345     272.3345710388555     8:39
212000     424.0000000012964     332.15777348184326     214.174609231794     8:39
212500     425.0000000013012     302.83640404837195     245.88055754097448     8:39
213000     426.000000001306     309.6862205986082     266.9091516064838     8:39
213500     427.00000000131075     325.9899355982401     274.82380125195255     8:39
214000     428.0000000013155     329.1258989202695     296.1013621975641     8:39
214500     429.0000000013203     318.4134490453906     242.31014895030137     8:39
215000     430.0000000013251     303.42052164831887     257.20890711995537     8:39
215500     431.00000000132985     330.5305566640143     327.76593677403264     8:39
216000     432.0000000013346     323.7222783711559     307.0953327558837     8:39
216500     433.0000000013394     330.0878115545478     249.5735424311042     8:39
217000     434.0000000013442     352.6364693852223     229.66971562422847     8:39
217500     435.00000000134895     312.89852669979416     338.0945745179757     8:39
218000     436.0000000013537     349.03985450043365     330.1538708723962     8:39
218500     437.0000000013585     304.77734077220555     307.40543805647246     8:39
219000     438.0000000013633     336.32105184008026     279.19819267553356     8:38
219500     439.00000000136805     327.0254180973642     278.82593728304744     8:38
220000     440.0000000013728     364.87638164158454     278.27120459436173     8:38
220500     441.0000000013776     353.1924540594672     316.2546471404765     8:38
221000     442.0000000013824     341.59386023357786     294.50266292068056     8:38
221500     443.00000000138715     348.3978201993723     275.9751102488378     8:38
222000     444.0000000013919     332.67002929183366     314.206097638797     8:38
222500     445.0000000013967     347.58070601253416     299.53367773552134     8:38
223000     446.0000000014015     327.9709684881824     344.412481274247     8:38
223500     447.00000000140625     334.7000336604573     270.05537248423013     8:38
224000     448.000000001411     341.79873665593084     277.7125600546581     8:38
224500     449.0000000014158     338.91947705044174     303.3495203667563     8:38
225000     450.0000000014206     309.14939268079354     278.50276162958374     8:38
225500     451.00000000142535     360.86905720276377     244.32093506934373     8:38
226000     452.0000000014301     326.93278642235896     258.5793229157551     8:38
226500     453.0000000014349     319.3875732359162     326.6289708971972     8:38
227000     454.0000000014397     324.13862353014326     343.732424733933     8:38
227500     455.00000000144445     346.72395210406967     282.2486103793358     8:37
228000     456.0000000014492     340.12734651759126     311.0588148596652     8:37
228500     457.000000001454     336.9660907254904     341.13466183450794     8:37
229000     458.0000000014588     300.75770669870917     319.4250966346519     8:37
229500     459.00000000146355     335.4038405017309     270.9931031117349     8:37
230000     460.0000000014683     348.9223332629423     233.69282491407242     8:37
230500     461.0000000014731     332.41221227239146     296.57866471009     8:37
231000     462.0000000014779     356.8451374584092     327.5584579478691     8:37
231500     463.00000000148265     332.9763247997913     320.9858166336532     8:37
232000     464.0000000014874     305.088547024243     322.96510768663643     8:37
232500     465.0000000014922     321.6403533026988     273.3082009050029     8:37
233000     466.00000000149697     333.43866838196857     354.6003265160516     8:37
233500     467.00000000150175     336.2903551160681     276.70010222426447     8:37
234000     468.0000000015065     322.86281548442776     240.27622888437165     8:37
234500     469.0000000015113     280.6701490564907     306.37340198338086     8:37
235000     470.00000000151607     338.46676796880024     258.5114463645453     8:37
235500     471.00000000152085     373.59913893689134     248.53143494937208     8:37
236000     472.0000000015256     326.3467308906726     296.5657896421861     8:37
236500     473.0000000015304     363.03337806361117     334.8053721057801     8:37
237000     474.00000000153517     340.50835999225     341.8595711427951     8:36
237500     475.00000000153995     341.07353299451006     368.18020299127227     8:36
238000     476.0000000015447     315.99436720405845     348.2699421258551     8:36
238500     477.0000000015495     376.5292482418048     241.66808359548975     8:36
239000     478.00000000155427     327.2535884862633     217.09982824718375     8:36
239500     479.00000000155904     316.81156175848594     278.6368284353801     8:36
240000     480.0000000015638     324.7362285540528     302.742122203437     8:36
240500     481.0000000015686     336.22789548058836     313.7252134917251     8:36
241000     482.00000000157337     331.00146793528495     265.16791238823646     8:36
241500     483.00000000157814     334.3213947859774     351.39204824016724     8:36
242000     484.0000000015829     340.13717369847325     313.6227944762989     8:36
242500     485.0000000015877     332.9065946350655     324.6434720910032     8:36
243000     486.00000000159247     358.2620462544876     280.36829562677724     8:36
243500     487.00000000159724     327.6467395079343     343.2392028392176     8:36
244000     488.000000001602     325.6260466643889     278.0154924470372     8:36
244500     489.0000000016068     345.56156935986746     258.3700052180072     8:36
245000     490.00000000161157     320.7789131850068     235.58373156340443     8:36
245500     491.00000000161634     308.9062635103593     274.2655862100177     8:35
246000     492.0000000016211     306.32498602981525     348.3863043106062     8:35
246500     493.0000000016259     363.4102034027022     226.57412410686692     8:35
247000     494.00000000163067     336.5084159379238     295.52247147436333     8:35
247500     495.00000000163544     327.4787793766344     292.3231647562492     8:35
248000     496.0000000016402     344.53316895400474     252.78396532185792     8:35
248500     497.000000001645     329.737266306405     244.50769492701468     8:35
249000     498.00000000164977     304.05887997974764     324.98096331149446     8:35
249500     499.00000000165454     309.2476546811239     306.523952439177     8:35
250000     500.0000000016593     356.9569591952642     326.8117317481434     8:35
250500     501.0000000016641     390.6360595270031     285.8543471434064     8:35
251000     502.00000000166887     318.7026650423113     250.19388253875152     8:35
251500     503.00000000167364     341.30212088144833     236.999335599148     8:35
252000     504.0000000016784     343.74603766717655     307.70036439473125     8:35
252500     505.0000000016832     325.19718839241375     304.2948551439995     8:35
253000     506.00000000168797     333.1676004072175     278.1025405250772     8:35
253500     507.00000000169274     373.28454127298994     314.48230913773324     8:35
254000     508.0000000016975     355.1891457435239     358.13442932981957     8:35
254500     509.0000000017023     348.8856446543052     311.225408456171     8:35
255000     510.00000000170706     340.8242544671642     354.50120286286364     8:34
255500     511.00000000171184     317.70746008945287     280.1325235846369     8:34
256000     512.0000000017166     323.51349510349894     289.60926267001173     8:34
256500     513.0000000016929     317.46740501433146     362.1614633470572     8:34
257000     514.0000000016693     323.69240540094927     296.953671303727     8:34
257500     515.0000000016456     325.1464410591316     222.12156161903474     8:34
258000     516.000000001622     335.7666511452584     322.4405713180406     8:34
258500     517.0000000015983     330.63731123621255     310.80459845474905     8:34
259000     518.0000000015747     315.18106773643933     354.1979726316393     8:34
259500     519.000000001551     329.2626757577915     301.18655003413676     8:34
260000     520.0000000015274     319.4999199269538     341.8066478338745     8:34
260500     521.0000000015037     334.7121455564651     261.79483270955933     8:34
261000     522.0000000014801     324.63545093389496     294.1808513234555     8:34
261500     523.0000000014564     389.0232139687022     270.2489523001755     8:34
262000     524.0000000014328     352.74902131891463     292.47126848117415     8:34
262500     525.0000000014091     355.570130344218     297.49431638163674     8:34
263000     526.0000000013855     364.509835405329     332.73464393090575     8:34
263500     527.0000000013619     370.1633514229295     317.5164832168667     8:34
264000     528.0000000013382     336.42809733120293     369.8140098195884     8:33
264500     529.0000000013146     320.9897400907096     283.62748138468913     8:33
265000     530.0000000012909     319.6158463908986     312.5085600122778     8:33
265500     531.0000000012673     319.17492292188797     297.18700400327083     8:33
266000     532.0000000012436     339.37749233903264     226.2489919062762     8:33
266500     533.00000000122     318.9212022078739     273.7533206399845     8:33
267000     534.0000000011963     355.9255688854586     219.30826924427905     8:33
267500     535.0000000011727     352.57214652615573     271.5147979588716     8:33
268000     536.000000001149     343.0699995994586     245.02303845136962     8:33
268500     537.0000000011254     329.46234563634425     329.30464296588605     8:33
269000     538.0000000011017     372.09902118101445     286.24172962136333     8:33
269500     539.0000000010781     309.01391833790785     287.6335540830897     8:33
270000     540.0000000010544     301.1832008659486     264.3044931697062     8:33
270500     541.0000000010308     328.93866223365     325.94004554522456     8:33
271000     542.0000000010072     347.7149530949141     287.84781028264877     8:33
271500     543.0000000009835     341.1112754229297     288.94203019262244     8:33
272000     544.0000000009599     300.617554534644     244.58064234837076     8:33
272500     545.0000000009362     343.11974164801575     223.97863778296164     8:33
273000     546.0000000009126     339.5345283520446     297.3126360483284     8:32
273500     547.0000000008889     324.8221614022615     335.71355858749774     8:32
274000     548.0000000008653     359.61634318934114     321.246755410869     8:32
274500     549.0000000008416     355.35683282733487     353.2458781042784     8:32
275000     550.000000000818     332.72658725969325     344.5906969018031     8:32
275500     551.0000000007943     345.9537948164814     291.900722844241     8:32
276000     552.0000000007707     348.50350096364116     195.10262498395403     8:32
276500     553.000000000747     330.75405262138065     260.0202004111428     8:32
277000     554.0000000007234     356.5813846926404     236.67292453024075     8:32
277500     555.0000000006997     317.59928575158403     256.0912128101056     8:32
278000     556.0000000006761     340.64518608582296     266.864517938722     8:32
278500     557.0000000006524     334.0576952977075     256.702098105868     8:32
279000     558.0000000006288     296.1931376127169     201.07349629373098     8:32
279500     559.0000000006052     337.97148328809647     257.378968368845     8:32
280000     560.0000000005815     332.06009670546985     310.57020315954486     8:32
280500     561.0000000005579     370.56671337440457     283.0428737282722     8:32
281000     562.0000000005342     335.57495986360004     314.9987831836578     8:32
281500     563.0000000005106     316.68314234614047     285.11316212849607     8:32
282000     564.0000000004869     359.5595390628316     284.2472293970232     8:32
282500     565.0000000004633     325.8116680809893     329.5978283131985     8:32
283000     566.0000000004396     311.62953654193825     305.81536306120324     8:32
283500     567.000000000416     342.980382075173     325.8363510016702     8:31
284000     568.0000000003923     344.828166415855     294.62747648840093     8:31
284500     569.0000000003687     319.63538769048535     360.09023148388553     8:31
285000     570.000000000345     330.66195829875767     293.5277796301773     8:31
285500     571.0000000003214     329.9523557879379     291.7489473647722     8:31
286000     572.0000000002977     322.5382953840352     273.2051524406643     8:31
286500     573.0000000002741     330.31289528109414     297.3601580445878     8:31
287000     574.0000000002505     305.96037289878086     325.6733979077554     8:31
287500     575.0000000002268     385.8316873638838     232.07361851131407     8:31
288000     576.0000000002032     330.48896710383076     313.4635683827354     8:31
288500     577.0000000001795     348.61401389234516     273.4536898875814     8:31
289000     578.0000000001559     292.71905989411687     371.85149944291175     8:31
289500     579.0000000001322     310.51440030710273     255.19397922384059     8:31
290000     580.0000000001086     314.4986625589703     213.7280699470272     8:31
290500     581.0000000000849     293.88579659687025     239.32730406055512     8:31
291000     582.0000000000613     301.387572842768     236.35328631790628     8:31
291500     583.0000000000376     322.775595516977     312.1298636629035     8:31
292000     584.000000000014     337.71221007303177     325.43355286211295     8:31
292500     584.9999999999903     328.51279647445335     293.8782828118033     8:30
293000     585.9999999999667     326.8998087588478     302.5452078179002     8:30
293500     586.999999999943     313.9145486400513     371.431126011174     8:30
294000     587.9999999999194     322.93256439629056     281.1994754480384     8:30
294500     588.9999999998957     349.09022525882415     327.3761432572869     8:30
295000     589.9999999998721     348.6287289852422     308.3773484784113     8:30
295500     590.9999999998485     395.053615791721     288.1148950387637     8:30
296000     591.9999999998248     338.720808661231     348.122652662667     8:30
296500     592.9999999998012     323.4774545817612     243.89595741700342     8:30
297000     593.9999999997775     329.7486401390818     296.6351575441124     8:30
297500     594.9999999997539     340.60300978836574     332.58118850016257     8:30
298000     595.9999999997302     342.6803928927144     293.34791430881154     8:30
298500     596.9999999997066     334.4160974134767     331.9699250022373     8:30
299000     597.9999999996829     331.0260081511552     374.58003696159665     8:30
299500     598.9999999996593     364.4709782349988     340.4582810110488     8:30
300000     599.9999999996356     320.41648176932256     311.6899534754238     8:30
300500     600.999999999612     332.90002978034863     311.49796663265124     8:30
301000     601.9999999995883     306.30269775717625     274.51121467779825     8:30
301500     602.9999999995647     302.9703989465246     299.05017985572795     8:29
302000     603.999999999541     310.48514667885263     291.4860094959152     8:29
302500     604.9999999995174     347.8287733556949     291.28319316099993     8:29
303000     605.9999999994938     341.4308437614296     370.5447473105562     8:29
303500     606.9999999994701     360.6897901518631     331.79223925166986     8:29
304000     607.9999999994465     390.81386110333995     303.805859647153     8:29
304500     608.9999999994228     325.231105897209     360.65460684633786     8:29
305000     609.9999999993992     304.3403964129691     341.0159337065383     8:29
305500     610.9999999993755     319.1067331566637     251.90460630057865     8:29
306000     611.9999999993519     320.8965409322785     253.7507040100527     8:29
306500     612.9999999993282     325.9978606028975     320.55538331742946     8:29
307000     613.9999999993046     308.4016561546322     299.73244709618507     8:29
307500     614.9999999992809     312.1102737887993     277.5566354436478     8:29
308000     615.9999999992573     324.8008549073942     242.95063171377043     8:29
308500     616.9999999992336     331.8985536530125     265.6762554226855     8:29
309000     617.99999999921     331.3934079527911     269.76793599870194     8:29
309500     618.9999999991863     340.8340216404023     231.43378407134443     8:29
310000     619.9999999991627     353.46187364510536     249.66031144296485     8:29
310500     620.999999999139     303.25354639897034     264.4430630257347     8:29
311000     621.9999999991154     335.63043105479494     271.82588477835503     8:28
311500     622.9999999990918     356.7064855183104     289.96746335711845     8:28
312000     623.9999999990681     339.50190648881266     334.74891062714534     8:28
312500     624.9999999990445     369.3582523540473     362.29159518087     8:28
313000     625.9999999990208     317.40944787269166     410.78207324268965     8:28
313500     626.9999999989972     342.7588737338683     383.50624853233535     8:28
314000     627.9999999989735     349.04658638411547     347.13550331243033     8:28
314500     628.9999999989499     387.4325387557959     313.5069332511836     8:28
315000     629.9999999989262     380.5644387645291     305.87258255875656     8:28
315500     630.9999999989026     335.0300742898347     396.2364612619647     8:28
316000     631.9999999988789     355.14094543126805     317.5386537848069     8:28
316500     632.9999999988553     297.69545617594076     312.01944150769657     8:28
317000     633.9999999988316     342.06917516428405     320.4049995723523     8:28
317500     634.999999998808     332.86365510807934     285.62935273269545     8:28
318000     635.9999999987843     346.2600203826032     278.37844970770107     8:28
318500     636.9999999987607     366.3613982370201     293.1700584124794     8:28
319000     637.999999998737     369.23253869418136     382.6782692533365     8:28
319500     638.9999999987134     348.4330018659947     353.32560355294004     8:28
320000     639.9999999986898     366.63672395304593     362.29482397850234     8:28
320500     640.9999999986661     353.4308513360414     253.90627484768558     8:27
321000     641.9999999986425     369.67659573873925     314.7826295552785     8:27
321500     642.9999999986188     345.84892313947205     294.4727668502245     8:27
322000     643.9999999985952     358.78361651139915     286.78505009530295     8:27
322500     644.9999999985715     343.01563068844314     357.4711768554004     8:27
323000     645.9999999985479     346.84938449405206     295.0872834938381     8:27
323500     646.9999999985242     308.27019328069287     242.1404537214738     8:27
324000     647.9999999985006     320.9907969685287     282.91971255073105     8:27
324500     648.9999999984769     360.19287952434684     352.35738788390245     8:27
325000     649.9999999984533     358.48595616856255     301.207187728076     8:27
325500     650.9999999984296     325.71238151608213     384.7581665056493     8:27
326000     651.999999998406     322.02792654243206     343.9026717013327     8:27
326500     652.9999999983823     328.93006149547045     295.8441024471179     8:27
327000     653.9999999983587     322.1406071200331     322.10101854539465     8:27
327500     654.999999998335     358.83622246559946     286.5556335335203     8:27
328000     655.9999999983114     345.59522609318765     309.9543956895386     8:27
328500     656.9999999982878     356.6945272301899     259.0882263147369     8:27
329000     657.9999999982641     297.21355600547406     238.38495873374202     8:27
329500     658.9999999982405     316.85660529828715     261.76214106894855     8:26
330000     659.9999999982168     335.6214780826373     239.39593172022714     8:26
330500     660.9999999981932     320.81990498882976     318.54520230327995     8:26
331000     661.9999999981695     344.64972844963154     276.97715171288894     8:26
331500     662.9999999981459     342.500764148593     364.08468489604326     8:26
332000     663.9999999981222     370.0518943309934     340.2315485237311     8:26
332500     664.9999999980986     305.8584059274301     294.71477793234305     8:26
333000     665.9999999980749     343.94947400007516     263.78428689618676     8:26
333500     666.9999999980513     344.4653426672277     325.76478946180777     8:26
334000     667.9999999980276     343.6787938794031     323.0237429719741     8:26
334500     668.999999998004     341.1284193500211     305.8396523943859     8:26
335000     669.9999999979804     338.14493744755555     309.23839293401124     8:26
335500     670.9999999979567     306.86774322729786     296.8921076157041     8:26
336000     671.9999999979331     313.67315738121806     284.581548330622     8:26
336500     672.9999999979094     331.97588667317996     333.9709429169773     8:26
337000     673.9999999978858     351.96914217457675     301.05626620257965     8:26
337500     674.9999999978621     332.56742269322956     338.6241861181361     8:26
338000     675.9999999978385     350.78419333194665     302.4816385960118     8:26
338500     676.9999999978148     345.28812408396016     363.1204574240331     8:25
339000     677.9999999977912     341.01427721233654     317.2290584048427     8:25
339500     678.9999999977675     332.3920569374328     304.98327172170826     8:25
340000     679.9999999977439     313.53007162472875     315.57154344419405     8:25
340500     680.9999999977202     302.4447367889635     251.27886673705157     8:25
341000     681.9999999976966     339.14734280857215     185.99826049239806     8:25
341500     682.999999997673     299.7074447855589     296.06191695843336     8:25
342000     683.9999999976493     334.0460791946274     290.9915633202397     8:25
342500     684.9999999976257     350.26725981293407     288.889718313761     8:25
343000     685.999999997602     320.3049238384839     327.60036150105896     8:25
343500     686.9999999975784     326.6051787010375     282.91262545811634     8:25
344000     687.9999999975547     306.2720238758619     252.79331052712644     8:25
344500     688.9999999975311     329.2729313249373     323.12343406867427     8:25
345000     689.9999999975074     355.0617001278739     336.6562438990677     8:25
345500     690.9999999974838     319.64635460222337     273.9334631465293     8:25
346000     691.9999999974601     345.0245442776586     262.66011245136025     8:25
346500     692.9999999974365     323.7087914260658     297.8549103066492     8:25
347000     693.9999999974128     326.95419322240275     293.3456600146691     8:25
347500     694.9999999973892     327.99458066808245     396.1753702459159     8:24
348000     695.9999999973655     371.49430569142555     296.9856444506453     8:24
348500     696.9999999973419     337.1300145818641     301.2911057529287     8:24
349000     697.9999999973182     316.48588519543966     246.49890089813985     8:24
349500     698.9999999972946     290.9209663624848     253.9435454243793     8:24
350000     699.999999997271     306.6526894444643     213.35994797609695     8:24
350500     700.9999999972473     295.3823604208617     283.46468011898634     8:24
351000     701.9999999972237     358.51144697522557     309.21561658708566     8:24
351500     702.9999999972     341.70849845633927     312.64458593240334     8:24
352000     703.9999999971764     311.85183550963825     284.505599470486     8:24
352500     704.9999999971527     333.87223589699795     342.0735988532871     8:24
353000     705.9999999971291     329.8308584211311     343.2245169573118     8:24
353500     706.9999999971054     372.3855529332569     393.17632887760374     8:24
354000     707.9999999970818     376.96148524644093     346.401838472299     8:24
354500     708.9999999970581     339.65881286848037     376.57212080284654     8:24
355000     709.9999999970345     360.22708483722363     270.1737778874373     8:24
355500     710.9999999970108     334.7176003187734     295.548636754212     8:24
356000     711.9999999969872     334.28023684821903     313.38814589995866     8:23
356500     712.9999999969635     324.03300343116587     272.3008929548428     8:23
357000     713.9999999969399     317.5042893899971     275.8162393938944     8:23
357500     714.9999999969162     322.1857986886944     233.7860758934725     8:23
358000     715.9999999968926     337.79845072479065     269.079872241761     8:23
358500     716.999999996869     333.09064300174225     215.13303079039147     8:23
359000     717.9999999968453     365.7701667562984     329.6938480040059     8:23
359500     718.9999999968217     356.30946643241964     367.2561160221347     8:23
360000     719.999999996798     351.73179118233725     265.8276009522995     8:23
360500     720.9999999967744     356.0681812034777     264.5819961973828     8:23
361000     721.9999999967507     323.57807659412185     322.91215902861245     8:23
361500     722.9999999967271     366.2042051974819     332.2794529568158     8:23
362000     723.9999999967034     328.5544526424193     292.2954815883414     8:23
362500     724.9999999966798     344.0765711167686     373.3241932194769     8:23
363000     725.9999999966561     346.88406931221334     302.59908425310516     8:23
363500     726.9999999966325     348.7274497036003     335.2149677204103     8:23
364000     727.9999999966088     358.15536832893645     309.6692335917573     8:23
364500     728.9999999965852     336.8085384208864     339.4273033356768     8:23
365000     729.9999999965615     324.3952357373719     313.5908104631726     8:22
365500     730.9999999965379     355.15435355691443     328.04537858831816     8:22
366000     731.9999999965142     352.499020473679     344.690070036789     8:22
366500     732.9999999964906     348.21070550678076     329.9500850069362     8:22
367000     733.999999996467     339.2508364258571     314.5168080483152     8:22
367500     734.9999999964433     340.06500641187426     320.1165755374263     8:22
368000     735.9999999964197     333.44173576156436     308.81836472638327     8:22
368500     736.999999996396     353.4216730767821     315.75247811021706     8:22
369000     737.9999999963724     359.11533004811133     265.10637307652485     8:22
369500     738.9999999963487     346.81665612956704     253.15277218680927     8:22
370000     739.9999999963251     323.9025127298438     254.7321198452075     8:22
370500     740.9999999963014     328.372904830326     251.03563624600605     8:22
371000     741.9999999962778     335.12603426923124     311.2029282255223     8:22
371500     742.9999999962541     350.8555783673578     319.17193668187144     8:26
372000     743.9999999962305     330.5155005383109     227.31261468970104     8:26
372500     744.9999999962068     331.76201372327296     268.4932307315249     8:26
373000     745.9999999961832     339.88062101790183     225.98599437822378     8:26
373500     746.9999999961595     317.8717046313825     270.94204639291644     8:26
374000     747.9999999961359     327.16759287219634     351.6694965614112     8:26
374500     748.9999999961123     335.5661052391348     286.0974576379324     8:26
375000     749.9999999960886     314.41101609388693     238.34571197647563     8:26
375500     750.999999996065     340.09925202381123     300.85062113377836     8:26
376000     751.9999999960413     343.1839976797871     344.6425632661374     8:26
376500     752.9999999960177     337.52600169118125     320.09422633096443     8:26
377000     753.999999995994     363.86555112176643     343.562163073741     8:26
377500     754.9999999959704     320.2574062329637     293.51040906026134     8:25
378000     755.9999999959467     305.928275726935     325.32671078337023     8:25
378500     756.9999999959231     321.08506028500733     286.2785174994631     8:25
379000     757.9999999958994     344.98792519388496     294.67552945149913     8:25
379500     758.9999999958758     312.1014127828779     314.2683283473013     8:25
380000     759.9999999958521     345.9476538841751     316.84606154780073     8:25
380500     760.9999999958285     314.7191336661997     252.86020557558746     8:25
381000     761.9999999958048     313.7108350440842     311.4441563311578     8:25
381500     762.9999999957812     338.21169460274075     258.15528654060785     8:25
382000     763.9999999957575     344.2721734585458     246.3750495145681     8:25
382500     764.9999999957339     304.44056687857153     335.26693580407635     8:25
383000     765.9999999957103     343.676723924622     280.798238345013     8:25
383500     766.9999999956866     314.86869006327026     308.92507696766467     8:25
384000     767.999999995663     325.9974214891852     289.58586483411517     8:25
384500     768.9999999956393     313.24297873861804     250.90420632013394     8:25
385000     769.9999999956157     325.0483490631958     263.91781429889824     8:25
385500     770.999999995592     318.2487632882671     270.66884723126     8:24
386000     771.9999999955684     330.96656391457725     243.512305713508     8:24
386500     772.9999999955447     309.08511080918834     238.75879970456697     8:24
387000     773.9999999955211     324.7800608339784     238.87165974116417     8:24
387500     774.9999999954974     316.89135421571234     256.217380350934     8:24
388000     775.9999999954738     307.76096201748805     294.8193059003252     8:24
388500     776.9999999954501     366.43771993905955     296.2443494173974     8:24
389000     777.9999999954265     356.67148771566156     252.5951404325853     8:24
389500     778.9999999954028     348.57843327370745     280.3271105672798     8:24
390000     779.9999999953792     342.2415311662945     334.39091187713103     8:24
390500     780.9999999953556     365.92635392459647     313.0803456885945     8:24
391000     781.9999999953319     335.3493300904563     338.4365133052439     8:24
391500     782.9999999953083     318.6354894472406     353.5852578894767     8:24
392000     783.9999999952846     336.80232458948694     316.17240945036394     8:24
392500     784.999999995261     308.8894215956228     317.94518587957293     8:24
393000     785.9999999952373     338.559034742614     256.43673726638303     8:24
393500     786.9999999952137     330.6583624865756     259.70985544850635     8:24
394000     787.99999999519     337.459270671147     332.0776043763935     8:23
394500     788.9999999951664     351.72684019380904     320.7037564830392     8:23
395000     789.9999999951427     345.5482947969066     363.94696111881177     8:23
395500     790.9999999951191     323.7108772976138     248.24908630335813     8:23
396000     791.9999999950954     320.64955558603424     257.55021572972635     8:23
396500     792.9999999950718     322.31033434930214     279.95677612015464     8:23
397000     793.9999999950481     331.05556986610156     265.6999373138524     8:23
397500     794.9999999950245     310.2122891445921     300.1790198595287     8:23
398000     795.9999999950008     344.2785982084281     315.3554066398692     8:23
398500     796.9999999949772     337.8627769355322     285.47995102721904     8:23
399000     797.9999999949536     320.97042539504173     284.6848248319418     8:23
399500     798.9999999949299     285.3772662207017     250.81240208025784     8:23
400000     799.9999999949063     335.42100547116775     248.77856643330048     8:23
400500     800.9999999948826     329.3438967675962     299.133265497565     8:23
401000     801.999999994859     335.535337206599     348.3211601666899     8:23
401500     802.9999999948353     369.4054532361928     266.3000643532962     8:23
402000     803.9999999948117     338.40706533521256     313.08318459441364     8:22
402500     804.999999994788     365.99206823222767     308.5715798187859     8:22
403000     805.9999999947644     362.57420019888     345.8621714661287     8:22
403500     806.9999999947407     333.8263335388359     270.97081721344756     8:22
404000     807.9999999947171     334.36277879310103     306.1600042223249     8:22
404500     808.9999999946934     313.57465566243945     335.41847967831427     8:22
405000     809.9999999946698     302.83637002131275     340.1941419014676     8:22
405500     810.9999999946461     324.37036608792175     240.06477901622665     8:22
406000     811.9999999946225     333.70478494927306     248.42307253797617     8:22
406500     812.9999999945989     306.2063639162483     298.8618014820298     8:22
407000     813.9999999945752     314.89657674239163     312.10869458233145     8:22
407500     814.9999999945516     329.3743541992013     256.3262802763415     8:22
408000     815.9999999945279     300.44546705209257     286.99991946060834     8:22
408500     816.9999999945043     380.9864555993911     261.5810304769194     8:22
409000     817.9999999944806     349.53012963514493     338.06298646954883     8:22
409500     818.999999994457     339.83946785900343     252.25296957387266     8:22
410000     819.9999999944333     325.0383320997922     312.7939801623162     8:22
410500     820.9999999944097     322.7286262326501     341.01629506042786     8:21
411000     821.999999994386     311.36345915756135     299.0159677855885     8:21
411500     822.9999999943624     324.33413717116696     298.596320274669     8:21
412000     823.9999999943387     292.1763483973898     267.16180687799255     8:21
412500     824.9999999943151     340.6786528571613     265.07214012970354     8:21
413000     825.9999999942914     329.67235859246534     273.0612549660158     8:21
413500     826.9999999942678     345.24400597115414     260.00485922262465     8:21
414000     827.9999999942441     316.83814923315515     297.4288517572418     8:21
414500     828.9999999942205     319.0500524219043     270.3126899079228     8:21
415000     829.9999999941969     319.86287058302264     297.529348896898     8:21
415500     830.9999999941732     363.7480417583215     331.73067453030774     8:21
416000     831.9999999941496     336.0689104723356     297.82939335837295     8:21
416500     832.9999999941259     320.3360221845942     308.44371430379357     8:21
417000     833.9999999941023     332.0595922433664     344.59992439520056     8:21
417500     834.9999999940786     356.37557508572945     368.2933158528831     8:21
418000     835.999999994055     338.85272893099966     326.50391655336017     8:21
418500     836.9999999940313     315.67829907590533     251.37108858322227     8:20
419000     837.9999999940077     320.47188404938765     311.0534046183071     8:20
419500     838.999999993984     337.4805224210503     229.22752946670113     8:20
420000     839.9999999939604     343.69444349733055     308.64509018802295     8:20
420500     840.9999999939367     351.07578366607424     279.0723087298167     8:20
421000     841.9999999939131     330.8669502900286     257.7009046852729     8:20
421500     842.9999999938894     326.56156595927587     329.6619230607487     8:20
422000     843.9999999938658     384.85200504719467     321.81051983974936     8:20
422500     844.9999999938422     376.4069876997155     313.9833413924488     8:20
423000     845.9999999938185     401.8207487829442     315.85547361591944     8:20
423500     846.9999999937949     324.9975042151592     301.08069615062885     8:20
424000     847.9999999937712     314.6627801958689     299.48633794401485     8:20
424500     848.9999999937476     339.16333711511663     308.19149513373725     8:20
425000     849.9999999937239     333.84394998633024     345.50303444450043     8:20
425500     850.9999999937003     332.60484677207546     315.2889155382496     8:20
426000     851.9999999936766     338.1050353998909     324.59670201050227     8:20
426500     852.999999993653     360.8289884692198     291.5219087345578     8:20
427000     853.9999999936293     331.01519270304925     325.7860573029707     8:19
427500     854.9999999936057     306.97142623231184     300.88208452153134     8:19
428000     855.999999993582     329.4139240867414     257.1086251308134     8:19
428500     856.9999999935584     332.7171504336985     260.287147386001     8:19
429000     857.9999999935347     334.955560771333     280.07337793466166     8:19
429500     858.9999999935111     379.3382362321986     354.5308272024363     8:19
430000     859.9999999934874     369.45894028698865     335.0334901395635     8:19
430500     860.9999999934638     358.3687107265762     248.19224928663814     8:19
431000     861.9999999934402     295.8858638150822     324.9431262630715     8:19
431500     862.9999999934165     329.04767695165003     225.08652261952312     8:19
432000     863.9999999933929     300.92839621389487     270.15596825329163     8:19
432500     864.9999999933692     299.4067093809822     272.1321821673224     8:19
433000     865.9999999933456     320.6658198851461     307.6979018665855     8:19
433500     866.9999999933219     339.9218437266039     279.43981711520655     8:19
434000     867.9999999932983     312.4625114553636     370.91281775580114     8:19
434500     868.9999999932746     368.5528553751991     313.1637510843435     8:19
435000     869.999999993251     315.7920101203873     304.81198770150263     8:19
435500     870.9999999932273     328.2375758174313     275.80725478365684     8:18
436000     871.9999999932037     337.0495681605088     279.90843269992655     8:18
436500     872.99999999318     314.8924878470091     285.9557640458099     8:18
437000     873.9999999931564     331.3355933926149     334.36859990317373     8:18
437500     874.9999999931327     331.3086915207547     346.6014520045223     8:18
438000     875.9999999931091     362.23505284127395     305.5059169826138     8:18
438500     876.9999999930855     349.3563412316681     298.9920324033885     8:18
439000     877.9999999930618     362.87060607803005     358.81112380403084     8:18
439500     878.9999999930382     342.0243361056888     269.8366860283447     8:18
440000     879.9999999930145     322.2794486748959     315.0705181549809     8:18
440500     880.9999999929909     340.6085551780584     322.6911995533473     8:18
441000     881.9999999929672     346.51331497511376     341.4918118093555     8:18
441500     882.9999999929436     356.4361964171179     333.14346703564917     8:18
442000     883.9999999929199     363.49306730609885     351.63127787577963     8:18
442500     884.9999999928963     333.080509115777     373.24386472049144     8:18
443000     885.9999999928726     354.0134642137376     327.042041365294     8:18
443500     886.999999992849     325.91902200400875     347.76764938551315     8:18
444000     887.9999999928253     338.77694275764577     303.579625318153     8:17
444500     888.9999999928017     347.5863690689371     347.34053150999534     8:17
445000     889.999999992778     376.42547631679986     255.12157093916161     8:17
445500     890.9999999927544     346.19717748405867     366.4891486441489     8:17
446000     891.9999999927307     336.09454089455846     311.75954222132145     8:17
446500     892.9999999927071     308.3515951710275     235.2003863983808     8:17
447000     893.9999999926835     335.9111186537799     332.0559255649115     8:17
447500     894.9999999926598     341.63778406647157     295.1664409934182     8:17
448000     895.9999999926362     331.1718345362617     336.0390198339807     8:17
448500     896.9999999926125     352.4541960551934     259.0916571624831     8:17
449000     897.9999999925889     356.9408418216434     232.98970512180662     8:17
449500     898.9999999925652     372.6052742034997     260.01182334786944     8:17
450000     899.9999999925416     372.8253354514909     291.27911970843934     8:17
450500     900.9999999925179     342.2200425395523     312.499222686221     8:17
451000     901.9999999924943     326.84251189556915     317.1894291990349     8:17
451500     902.9999999924706     348.942269227575     269.8419617822148     8:17
452000     903.999999992447     326.2229852482943     302.7911808397346     8:17
452500     904.9999999924233     290.7602873121193     357.1398104061349     8:16
453000     905.9999999923997     333.9907141900293     225.71913314630385     8:16
453500     906.999999992376     362.0102874574254     255.84774105049274     8:16
454000     907.9999999923524     358.4510587563766     317.67337881155504     8:16
454500     908.9999999923288     358.7302743999478     358.04031280770903     8:16
455000     909.9999999923051     339.27826527368063     324.1239745267453     8:16
455500     910.9999999922815     379.9902443564557     229.86034723047436     8:16
456000     911.9999999922578     317.1053485971456     301.09502992622413     8:16
456500     912.9999999922342     326.32085540372475     329.16703134632724     8:16
457000     913.9999999922105     340.00056620910004     264.26097786563196     8:16
457500     914.9999999921869     320.54273065188795     310.6664117415367     8:16
458000     915.9999999921632     298.60516808282205     331.26116966029355     8:16
458500     916.9999999921396     349.5643400816406     275.1501831603089     8:16
459000     917.9999999921159     333.7420950193392     362.4657721150162     8:16
459500     918.9999999920923     338.3816308905499     298.62859549571067     8:16
460000     919.9999999920686     346.7826936457476     316.0761218663579     8:16
460500     920.999999992045     362.9916520751144     352.3969569461371     8:16
461000     921.9999999920213     333.4266593280588     332.19104252593235     8:15
461500     922.9999999919977     334.2633092889329     236.9604965830156     8:15
462000     923.999999991974     343.2868510448942     275.52092915396094     8:15
462500     924.9999999919504     332.4652763603152     332.47604896084425     8:15
463000     925.9999999919268     346.72070823096897     261.08610135238825     8:15
463500     926.9999999919031     331.7062547548247     240.45098886403977     8:15
464000     927.9999999918795     317.9627627751822     293.4359253863694     8:15
464500     928.9999999918558     308.0457292723961     337.6919519996702     8:15
465000     929.9999999918322     324.76818950517406     282.7301053752137     8:15
465500     930.9999999918085     329.8911343965468     255.98014695720695     8:15
466000     931.9999999917849     325.17606973641546     314.33541608931233     8:15
466500     932.9999999917612     329.20888390594837     315.02554432889343     8:15
467000     933.9999999917376     335.4519637463794     255.72368268422684     8:15
467500     934.9999999917139     335.11142220206966     311.486930892454     8:15
468000     935.9999999916903     310.6970306902182     360.66572187513964     8:15
468500     936.9999999916666     338.05606450409016     289.26256811850084     8:15
469000     937.999999991643     343.9879928325839     335.51599750112706     8:15
469500     938.9999999916193     361.5075393563328     337.27120406318653     8:15
470000     939.9999999915957     347.3199519225392     348.6467128879148     8:14
470500     940.999999991572     363.3552687211983     318.09686125430255     8:14
471000     941.9999999915484     343.2054681078856     359.67918169453253     8:14
471500     942.9999999915248     337.2058578261598     343.82660579130845     8:14
472000     943.9999999915011     324.73264798636546     315.19179952294314     8:14
472500     944.9999999914775     334.41212418997554     297.5867369841524     8:14
473000     945.9999999914538     358.8276354642421     320.562197499499     8:14
473500     946.9999999914302     353.0761043444229     334.7636460608971     8:14
474000     947.9999999914065     370.69874793015424     291.6620010222099     8:14
474500     948.9999999913829     336.86089987018624     267.6527091521503     8:14
475000     949.9999999913592     336.67570321932624     338.2689314004817     8:14
475500     950.9999999913356     380.7182113741395     258.62218627964245     8:14
476000     951.9999999913119     387.1532776406915     319.73273116459984     8:14
476500     952.9999999912883     324.0788668325082     246.79577085063926     8:14
477000     953.9999999912646     341.22025707319676     281.7800251328101     8:14
477500     954.999999991241     334.32248151542797     286.4288021448849     8:14
478000     955.9999999912174     345.86932276107893     273.0874860728035     8:13
478500     956.9999999911937     309.40217025035713     317.65749616134656     8:13
479000     957.9999999911701     336.62247618410197     263.51779267730336     8:13
479500     958.9999999911464     344.34457006975936     286.36062184037553     8:13
480000     959.9999999911228     316.282728942541     286.5440982706746     8:13
480500     960.9999999910991     350.571088481386     297.61754106917647     8:13
481000     961.9999999910755     325.24860490602543     317.35914553866036     8:13
481500     962.9999999910518     335.1745467883592     333.5052257681044     8:13
482000     963.9999999910282     363.43704762562027     228.08529502900535     8:13
482500     964.9999999910045     332.8436313797532     332.17208096879244     8:13
483000     965.9999999909809     368.30856697422814     245.35371417793485     8:13
483500     966.9999999909572     345.8366733808597     309.649924356327     8:13
484000     967.9999999909336     348.645742058966     306.4989695577571     8:13
484500     968.9999999909099     323.04077519025566     267.27947499364984     8:13
485000     969.9999999908863     353.94219809087633     339.7833080154328     8:13
485500     970.9999999908626     331.7193555656746     258.2093864334058     8:13
486000     971.999999990839     347.2109370698689     254.53025726626765     8:13
486500     972.9999999908154     327.0793881973194     205.427973429463     8:12
487000     973.9999999907917     327.9112900537011     288.072217466043     8:12
487500     974.9999999907681     346.6934485451019     328.5175237369739     8:12
488000     975.9999999907444     290.4372268421878     338.5504551511531     8:12
488500     976.9999999907208     340.13218956753235     282.6028571875801     8:12
489000     977.9999999906971     337.46036749996597     339.54118711276425     8:12
489500     978.9999999906735     361.10848019521325     269.8394798143745     8:12
490000     979.9999999906498     329.8153122068603     270.93148615830324     8:12
490500     980.9999999906262     338.6685024696087     289.52299498914317     8:12
491000     981.9999999906025     333.3514662590027     273.9150515680556     8:12
491500     982.9999999905789     312.4684170553443     242.82132911048126     8:12
492000     983.9999999905552     304.689502141464     230.43183142603039     8:12
492500     984.9999999905316     337.6043243346304     222.86683203751804     8:12
493000     985.999999990508     318.61143990906214     327.6727021262364     8:12
493500     986.9999999904843     352.97695031148464     299.6652487545832     8:12
494000     987.9999999904607     324.2625323389674     329.85994378933134     8:12
494500     988.999999990437     362.6821121131429     312.2392585012977     8:12
495000     989.9999999904134     310.6223911698197     331.9462675317829     8:12
495500     990.9999999903897     351.0412511782083     274.98208208633406     8:11
496000     991.9999999903661     380.20312365534437     276.2611172709825     8:11
496500     992.9999999903424     375.00891299507737     257.2637261543011     8:11
497000     993.9999999903188     319.36616781886664     394.09104910684437     8:11
497500     994.9999999902951     368.42903885135536     398.18527855941716     8:11
498000     995.9999999902715     358.65335458724724     294.7368946576577     8:11
498500     996.9999999902478     336.00083126392724     280.9116216872071     8:11
499000     997.9999999902242     336.80273632939156     336.82317651964786     8:11
499500     998.9999999902005     364.9488867375861     336.6859109153492     8:11
500000     999.9999999901769     333.1527805266685     415.5153878189675     8:11
500500     1000.9999999901532     344.4185406433435     367.2139091192933     8:11
501000     1001.9999999901296     348.07642822690843     325.32446463484735     8:11
501500     1002.999999990106     346.495595114798     355.8141948071745     8:11
502000     1003.9999999900823     351.20389987022145     312.29091789908375     8:11
502500     1004.9999999900587     337.55477542717006     293.7389643499308     8:11
503000     1005.999999990035     322.98793941897316     253.43355126316968     8:11
503500     1006.9999999900114     313.5914496092349     307.74276012417346     8:11
504000     1007.9999999899877     332.04955511329183     202.6957088660255     8:10
504500     1008.9999999899641     320.4773352865308     300.9693113995522     8:10
505000     1009.9999999899404     317.35183651427485     270.97883962339057     8:10
505500     1010.9999999899168     316.785937652519     295.82947033114453     8:10
506000     1011.9999999898931     323.78963744243254     277.4695295954857     8:10
506500     1012.9999999898695     324.9030142156497     247.6981980725965     8:10
507000     1013.9999999898458     355.6785361201984     291.42024600236306     8:10
507500     1014.9999999898222     325.99410538744246     240.95321296805164     8:10
508000     1015.9999999897985     320.5940617385402     257.8430119360112     8:10
508500     1016.9999999897749     318.1338662721081     332.2628487128971     8:10
509000     1017.9999999897512     308.79320757243056     326.61115976148034     8:10
509500     1018.9999999897276     321.4710355222086     298.62295363297585     8:10
510000     1019.999999989704     347.6398624306735     286.3771796849403     8:10
510500     1020.9999999896803     346.85957171581856     257.9387036384844     8:10
511000     1021.9999999896567     325.2338892191748     266.835644761095     8:10
511500     1022.999999989633     348.8829264155819     302.87838054416255     8:10
512000     1023.9999999896094     356.8323253230968     279.8101037542458     8:10
512500     1024.9999999895858     361.3436928230602     316.7151976577179     8:10
513000     1025.9999999895622     346.58639132296264     251.17871938878383     8:09
513500     1026.9999999895385     337.59403574138526     302.5944186214743     8:09
514000     1027.999999989515     315.50531455005523     321.8429234854838     8:09
514500     1028.9999999894912     337.17355806988894     293.69196848480533     8:09
515000     1029.9999999894676     347.59312715596604     315.34085646446863     8:09
515500     1030.999999989444     341.1200552708235     224.82956914114106     8:09
516000     1031.9999999894203     302.22146574134035     267.70701049968113     8:09
516500     1032.9999999893967     321.60645594657774     281.55117158752864     8:09
517000     1033.999999989373     296.3833771237962     354.6528981667111     8:09
517500     1034.9999999893494     345.53525557668945     296.7979368594292     8:09
518000     1035.9999999893257     317.372763659371     288.71607083680954     8:09
518500     1036.999999989302     316.0505534193122     283.707598420486     8:09
519000     1037.9999999892784     320.5604760925013     301.1636953471798     8:09
519500     1038.9999999892548     282.4178779232062     266.31279964592153     8:09
520000     1039.9999999892311     347.0359440174815     249.1324268937623     8:09
520500     1040.9999999892075     353.5349790282726     241.08432022567214     8:09
521000     1041.9999999891838     332.8571270426128     266.37455590639985     8:09
521500     1042.9999999891602     332.6644633742807     297.7629376244035     8:09
522000     1043.9999999891365     327.7836780601191     304.41925468982083     8:09
522500     1044.999999989113     307.6158862972021     345.32172616983024     8:09
523000     1045.9999999890892     348.3030028611712     258.439353789224     8:08
523500     1046.9999999890656     327.46793194801876     283.15147029595516     8:08
524000     1047.999999989042     310.9283224981517     350.5047221733241     8:08
524500     1048.9999999890183     316.7583860065737     327.7182729035243     8:08
525000     1049.9999999889947     364.2050417923143     261.57350185782127     8:08
525500     1050.999999988971     351.7327624744063     284.34794731808535     8:08
526000     1051.9999999889474     350.781321728458     396.84091046883543     8:08
526500     1052.9999999889237     349.5337700277968     313.7862926082267     8:08
527000     1053.9999999889     376.3462292920127     303.43297135859945     8:08
527500     1054.9999999888764     364.7326929362804     368.8522381993838     8:08
528000     1055.9999999888528     342.4280047334762     358.48651400486517     8:08
528500     1056.9999999888291     345.82088837397407     237.1210088812006     8:08
529000     1057.9999999888055     354.9142218854671     343.81410642294907     8:08
529500     1058.9999999887818     306.89888213974064     355.0779632976768     8:08
530000     1059.9999999887582     315.5227342030977     310.5258861618232     8:08
530500     1060.9999999887345     304.3155047263874     237.01469514558366     8:08
531000     1061.999999988711     330.1834566244585     291.67003650227974     8:08
531500     1062.9999999886873     306.75717807850174     317.44230429732175     8:07
532000     1063.9999999886636     342.1141161266055     280.93297506141136     8:07
532500     1064.99999998864     330.679143841164     305.05812723626843     8:07
533000     1065.9999999886163     349.25173929397386     308.81257943939073     8:07
533500     1066.9999999885927     330.19006174399885     376.89149228247067     8:07
534000     1067.999999988569     331.94313112104646     328.526498231789     8:07
534500     1068.9999999885454     348.0510841038765     265.4042548457484     8:07
535000     1069.9999999885217     304.3206525947245     294.77747972648416     8:07
535500     1070.999999988498     321.8608357052774     279.8893335229892     8:07
536000     1071.9999999884744     353.33892242266836     271.87644555892047     8:07
536500     1072.9999999884508     302.72323237354874     316.5178922178613     8:07
537000     1073.9999999884271     322.76451334885735     317.7512594267493     8:07
537500     1074.9999999884035     340.1444132770986     284.56439234005825     8:07
538000     1075.9999999883798     362.8459799572315     279.8656306905567     8:07
538500     1076.9999999883562     348.8437809705084     357.80843930427085     8:07
539000     1077.9999999883325     338.30345311548695     276.30987057167965     8:07
539500     1078.999999988309     337.21267076297727     358.0060079953725     8:07
540000     1079.9999999882853     327.7397868929726     351.52154955136365     8:06
540500     1080.9999999882616     356.6771198478665     279.70050367691744     8:06
541000     1081.999999988238     310.9345943985279     294.6864551975777     8:06
541500     1082.9999999882143     326.46306417682035     268.9564403939219     8:06
542000     1083.9999999881907     343.50993835217     248.11666044027982     8:06
542500     1084.999999988167     330.63070254206457     339.8474521291507     8:06
543000     1085.9999999881434     327.9700792912639     315.4446688248426     8:06
543500     1086.9999999881197     316.99216022853136     227.83396761456984     8:06
544000     1087.999999988096     325.33338453642045     274.7256949424409     8:06
544500     1088.9999999880724     324.89815345556633     304.2320836761527     8:06
545000     1089.9999999880488     339.5089849811243     297.68315270222473     8:06
545500     1090.9999999880251     347.10180590396567     347.70561367135326     8:06
546000     1091.9999999880015     347.55139197006474     332.9713613331401     8:06
546500     1092.9999999879778     346.7804563519942     284.19669749344575     8:06
547000     1093.9999999879542     350.7706703733335     328.31301204757114     8:06
547500     1094.9999999879306     351.7579576702054     388.93363731555314     8:06
548000     1095.999999987907     338.8391065518837     345.09822715439026     8:06
548500     1096.9999999878833     338.5920071757092     260.2898304029078     8:06
549000     1097.9999999878596     340.8953137704641     315.8850390662555     8:05
549500     1098.999999987836     341.70955816516323     265.0019413584421     8:05
550000     1099.9999999878123     341.15776701314917     275.90837309542036     8:05
550500     1100.9999999877887     326.62803763671525     273.41401552161955     8:05
551000     1101.999999987765     340.7265203394252     278.3060819412226     8:05
551500     1102.9999999877414     308.3596626534371     294.7032568738755     8:05
552000     1103.9999999877177     335.9527989888627     282.334942425937     8:05
552500     1104.999999987694     345.1257983352799     288.03874306288276     8:05
553000     1105.9999999876704     337.633309720399     312.7199227731538     8:05
553500     1106.9999999876468     318.6481509799079     297.7404598237166     8:05
554000     1107.9999999876231     339.5989797826463     372.8959121430358     8:05
554500     1108.9999999875995     351.3994920708691     233.39065327734622     8:05
555000     1109.9999999875758     356.87880926911134     304.5948250657903     8:05
555500     1110.9999999875522     348.72596703457486     286.29476650879815     8:05
556000     1111.9999999875286     324.26804682538693     322.48007217181225     8:05
556500     1112.999999987505     345.4852321019671     302.1213329645752     8:05
557000     1113.9999999874813     349.13823440792464     305.57788095563717     8:05
557500     1114.9999999874576     310.28881701934404     280.0003003367798     8:05
558000     1115.999999987434     321.40421102059963     272.0612134937412     8:04
558500     1116.9999999874103     317.6951586032076     328.97667682434826     8:04
559000     1117.9999999873867     348.19954199492474     320.9689302639022     8:04
559500     1118.999999987363     319.49765068608144     247.87676505971416     8:04
560000     1119.9999999873394     314.4339465785183     281.2532417034466     8:04
560500     1120.9999999873157     332.2507634586585     229.98015561371048     8:04
561000     1121.999999987292     333.0913196638329     267.28220615770704     8:04
561500     1122.9999999872684     318.52902438785645     288.58329321052156     8:04
562000     1123.9999999872448     317.6080206091526     300.8125753589013     8:04
562500     1124.9999999872211     340.35177337823654     241.9916499965006     8:04
563000     1125.9999999871975     371.46694760129526     268.14120392347684     8:04
563500     1126.9999999871739     360.26904892820255     293.27274598308736     8:04
564000     1127.9999999871502     332.2445156834782     307.65119781081114     8:04
564500     1128.9999999871266     341.22901132655863     286.3601492814229     8:04
565000     1129.999999987103     342.3810258305024     254.81971070083088     8:04
565500     1130.9999999870793     339.20943710665927     274.87554610205024     8:04
566000     1131.9999999870556     302.1888297384495     358.52231962943074     8:04
566500     1132.999999987032     342.88875570635525     256.2672975508657     8:04
567000     1133.9999999870083     340.8612708549882     339.0884629697093     8:03
567500     1134.9999999869847     340.2332113514491     254.73940319962173     8:03
568000     1135.999999986961     376.82253731148865     297.0372129226509     8:03
568500     1136.9999999869374     350.80974250874397     289.49701617051716     8:03
569000     1137.9999999869137     342.83536569166006     336.0752711183867     8:03
569500     1138.99999998689     331.9008780560806     237.3402531505627     8:03
570000     1139.9999999868664     335.6093217915676     287.7643352979601     8:03
570500     1140.9999999868428     329.3135311231367     291.8363842205565     8:03
571000     1141.9999999868191     341.67993060863193     291.79012013722024     8:03
571500     1142.9999999867955     332.11463471494415     317.6809915832178     8:03
572000     1143.9999999867719     322.912087815463     306.571613774775     8:03
572500     1144.9999999867482     351.95300491018656     285.3058354798824     8:03
573000     1145.9999999867246     351.9567557971967     341.52664674086964     8:03
573500     1146.999999986701     305.6138526270139     333.3425912171571     8:03
574000     1147.9999999866773     321.62472156104036     304.9655516651582     8:03
574500     1148.9999999866536     295.112793556046     324.7929051195754     8:03
575000     1149.99999998663     296.4206470281364     266.09984334676534     8:03
575500     1150.9999999866063     345.09876752980006     317.21470636416905     8:02
576000     1151.9999999865827     316.7543006053055     306.1134888195826     8:02
576500     1152.999999986559     323.4155873138899     226.48705333875577     8:02
577000     1153.9999999865354     339.64343893614466     275.2757446506986     8:02
577500     1154.9999999865117     337.4228621275006     281.5812606179424     8:02
578000     1155.999999986488     319.2384935973123     368.8281109228572     8:02
578500     1156.9999999864644     340.6614893877389     298.17038281163116     8:02
579000     1157.9999999864408     354.43099306518945     305.34266588133056     8:02
579500     1158.9999999864172     325.60322398682956     259.2102755788878     8:02
580000     1159.9999999863935     341.4629632110493     293.12286496966146     8:02
580500     1160.9999999863699     328.0658044512627     308.01871207735445     8:02
581000     1161.9999999863462     350.7120698469254     345.069763308271     8:02
581500     1162.9999999863226     333.97423831130277     341.42761964536277     8:02
582000     1163.999999986299     383.44965688602076     253.42349633144633     8:02
582500     1164.9999999862753     382.05245656351315     375.5951546394937     8:02
583000     1165.9999999862516     336.31343018055816     360.7042569442212     8:02
583500     1166.999999986228     329.7669837288656     292.81179596720705     8:02
584000     1167.9999999862043     347.1561447459543     290.2817531165341     8:02
584500     1168.9999999861807     346.4215693964271     344.25982135326177     8:01
585000     1169.999999986157     331.54932737951117     360.3893152849835     8:01
585500     1170.9999999861334     331.36678614281425     319.26932028360403     8:01
586000     1171.9999999861097     332.82179847630925     292.4451978325958     8:01
586500     1172.999999986086     377.2668024726785     251.01681251856067     8:01
587000     1173.9999999860624     360.50908270899185     298.9808825114968     8:01
587500     1174.9999999860388     332.63991961201634     350.97004860694165     8:01
588000     1175.9999999860152     361.2722565047079     300.3759875266202     8:01
588500     1176.9999999859915     348.0234855104709     299.6766694136485     8:01
589000     1177.9999999859679     353.2271833275561     323.67407814478435     8:01
589500     1178.9999999859442     353.56477195995274     230.61836430730557     8:01
590000     1179.9999999859206     322.97338937783127     293.69389495207287     8:01
590500     1180.999999985897     344.1469137739366     316.2116383986743     8:01
591000     1181.9999999858733     341.191560189696     252.3236679646581     8:01
591500     1182.9999999858496     338.75377257114883     333.32411310939676     8:01
592000     1183.999999985826     326.6880119512913     350.75910436460504     8:01
592500     1184.9999999858023     334.30109637492933     332.3606373190293     8:01
593000     1185.9999999857787     377.24431705367385     315.66991643596     8:00
593500     1186.999999985755     327.3592370950108     295.0023020297004     8:00
594000     1187.9999999857314     334.7960508373583     312.794417038773     8:00
594500     1188.9999999857077     310.5041701523455     351.0325358742049     8:00
595000     1189.999999985684     358.56722224079056     265.5977623602386     8:00
595500     1190.9999999856605     322.38794860820656     243.63005003793447     8:00
596000     1191.9999999856368     328.0949068202485     300.344541140527     8:00
596500     1192.9999999856132     306.39401416488147     270.16924470890774     8:00
597000     1193.9999999855895     332.346981508662     286.55842423567833     8:00
597500     1194.9999999855659     316.0157144219668     308.1055047591421     8:00
598000     1195.9999999855422     359.8460992971543     247.0020593507245     8:00
598500     1196.9999999855186     293.25362643441645     319.8606244788396     8:00
599000     1197.999999985495     331.84601749616365     275.2254238873912     8:00
599500     1198.9999999854713     321.4611374042162     361.827033272979     8:00
600000     1199.9999999854476     325.90715346851493     379.2068694648365     8:00
600500     1200.999999985424     345.13453097363333     259.79402997157064     8:00
601000     1201.9999999854003     348.18900204051226     276.9041746153215     8:00
601500     1202.9999999853767     371.15070641416867     310.2574479089051     7:59
602000     1203.999999985353     346.35627994315814     304.70215648717533     7:59
602500     1204.9999999853294     355.75645359667067     325.22298732246304     7:59
603000     1205.9999999853057     363.3139278878971     367.5094140145067     7:59
603500     1206.999999985282     352.73851054880583     276.74502944110094     7:59
604000     1207.9999999852585     356.35515726937547     264.1420865992294     7:59
604500     1208.9999999852348     331.401411094094     316.23404971851227     7:59
605000     1209.9999999852112     316.4909081580822     354.245122028372     7:59
605500     1210.9999999851875     337.04940457902705     283.44338422427757     7:59
606000     1211.9999999851639     327.80319802391887     264.5385072757511     7:59
606500     1212.9999999851402     372.3546425311581     293.42139783948363     7:59
607000     1213.9999999851166     336.2311938303121     285.51239526381073     7:59
607500     1214.999999985093     316.86567259468245     344.669410226968     7:59
608000     1215.9999999850693     311.80182611095165     335.75421027441354     7:59
608500     1216.9999999850456     346.97038946824193     242.28123439066695     7:59
609000     1217.999999985022     328.857657280348     265.5785092480459     7:59
609500     1218.9999999849983     346.70801645878737     194.95282865187178     7:59
610000     1219.9999999849747     332.2325330135433     302.3526204920059     7:59
610500     1220.999999984951     331.63486964967126     294.67884085168714     7:58
611000     1221.9999999849274     313.6742884021254     236.37560332131943     7:58
611500     1222.9999999849038     343.244832837588     278.35141262859577     7:58
612000     1223.99999998488     302.52755717842354     254.22688982192133     7:58
612500     1224.9999999848565     316.62480674107564     254.97451461506725     7:58
613000     1225.9999999848328     334.74487033527     324.1262386376105     7:58
613500     1226.9999999848092     355.2209846449729     253.48337378742974     7:58
614000     1227.9999999847855     303.23867057914595     244.9972541911479     7:58
614500     1228.9999999847619     334.19097305832304     329.7489441024361     7:58
615000     1229.9999999847382     298.3653239117293     299.285204159868     7:58
615500     1230.9999999847146     339.58781890477655     257.20785863583404     7:58
616000     1231.999999984691     334.1254584978848     297.9704981085862     7:58
616500     1232.9999999846673     319.3569705810745     291.3680672547318     7:58
617000     1233.9999999846436     341.19677175237246     339.24367267142276     7:58
617500     1234.99999998462     366.4320245739227     263.8564635514161     7:58
618000     1235.9999999845963     344.9865180316639     248.26887583163946     7:58
618500     1236.9999999845727     319.70133958541624     285.0125700084138     7:58
619000     1237.999999984549     346.8777872015968     316.6525586833371     7:57
619500     1238.9999999845254     368.356682941451     305.2307910549902     7:57
620000     1239.9999999845018     341.1752426994775     361.7360879559838     7:57
620500     1240.999999984478     326.13827174527773     277.73132741667695     7:57
621000     1241.9999999844545     303.7336003615303     265.4969810583452     7:57
621500     1242.9999999844308     340.33522646305914     230.13572000911904     7:57
622000     1243.9999999844072     344.5936990027342     297.16206046947184     7:57
622500     1244.9999999843835     338.3549970754955     353.40342961105137     7:57
623000     1245.9999999843599     336.7234368863584     353.4187779441416     7:57
623500     1246.9999999843362     317.0996527333772     326.60780638188555     7:57
624000     1247.9999999843126     317.89977640982977     346.3626078771042     7:57
624500     1248.999999984289     342.89502485775597     287.5681496910704     7:57
625000     1249.9999999842653     321.19395941131313     331.7590801057813     7:57
625500     1250.9999999842416     313.50428897451513     343.9925227605072     7:57
626000     1251.999999984218     325.687038155785     265.90634686397885     7:57
626500     1252.9999999841943     327.4305372973869     409.80429952471843     7:57
627000     1253.9999999841707     346.8222942782353     266.8849618149512     7:57
627500     1254.999999984147     319.2629056167692     261.25097231586517     7:57
628000     1255.9999999841234     330.3262424042341     310.1253529242816     7:56
628500     1256.9999999840998     351.98122943269743     291.9963656285959     7:56
629000     1257.999999984076     330.9982162054258     319.4113345338104     7:56
629500     1258.9999999840525     361.3716841707301     285.0519513904084     7:56
630000     1259.9999999840288     354.5725131108121     368.29367734401296     7:56
630500     1260.9999999840052     356.0707436247884     335.75817921742464     7:56
631000     1261.9999999839815     326.576163352002     307.75146781967624     7:56
631500     1262.9999999839579     325.30555512426633     304.95347793569135     7:56
632000     1263.9999999839342     308.7183461969761     315.1711100530567     7:56
632500     1264.9999999839106     333.7873848786745     323.30843923558086     7:56
633000     1265.999999983887     319.05073179977273     339.471475443898     7:56
633500     1266.9999999838633     347.1039130690872     273.85309833535706     7:56
634000     1267.9999999838396     355.4074377254377     340.3701555315346     7:56
634500     1268.999999983816     341.4856844471833     414.69803856534566     7:56
635000     1269.9999999837923     346.47076283441913     387.02735403739615     7:56
635500     1270.9999999837687     350.2400382851745     300.10679251416576     7:56
636000     1271.999999983745     315.2018432544578     316.7977326589057     7:56
636500     1272.9999999837214     328.2472918758921     310.714048260847     7:56
637000     1273.9999999836978     311.592719666892     339.7512277725895     7:55
637500     1274.9999999836741     358.43341267601215     304.67225872947006     7:55
638000     1275.9999999836505     338.356085242243     349.66765470797463     7:55
638500     1276.9999999836268     363.71468663764813     378.4656538695429     7:55
639000     1277.9999999836032     372.39318122769794     282.6350006255764     7:55
639500     1278.9999999835795     331.38985285815613     288.0654482059752     7:55
640000     1279.9999999835559     303.73748722045764     390.0819997455868     7:55
640500     1280.9999999835322     341.5764527175037     244.42836754000464     7:55
641000     1281.9999999835086     317.697322881231     322.4127767528323     7:55
641500     1282.999999983485     317.8240478490603     274.9040885465357     7:55
642000     1283.9999999834613     323.1880800484813     259.2890323043008     7:55
642500     1284.9999999834376     334.252829128485     204.56976292288303     7:55
643000     1285.999999983414     331.7277158322055     296.58527215569075     7:55
643500     1286.9999999833904     352.46709306149376     314.39160282080286     7:55
644000     1287.9999999833667     347.56662315606286     293.86655712391024     7:55
644500     1288.999999983343     335.8864820915262     309.3954108663785     7:55
645000     1289.9999999833194     319.1066344990686     321.9444051007573     7:55
645500     1290.9999999832958     336.98546727853693     334.3635555123455     7:54
646000     1291.9999999832721     339.62794006830234     344.95378073895586     7:54
646500     1292.9999999832485     365.1088282313473     258.00073628491845     7:54
647000     1293.9999999832248     358.0980690086644     274.93817155421823     7:54
647500     1294.9999999832012     323.3494579960926     275.37203567782336     7:54
648000     1295.9999999831775     332.915306215005     327.0680883762371     7:54
648500     1296.9999999831539     328.8000852725813     270.99186804529654     7:54
649000     1297.9999999831302     326.82117138839317     282.13683216819646     7:54
649500     1298.9999999831066     328.4299471782199     263.1733466679488     7:54
650000     1299.999999983083     328.52162339022027     271.7591586324224     7:54
650500     1300.9999999830593     330.88614824260185     298.350917833702     7:54
651000     1301.9999999830357     368.7153055765475     239.93358324664163     7:54
651500     1302.999999983012     352.67618471826813     275.2721907548529     7:54
652000     1303.9999999829884     334.6002493778452     230.32008084056986     7:54
652500     1304.9999999829647     357.7526957749268     294.18716386372387     7:54
653000     1305.999999982941     310.6378218949078     254.32441205257177     7:54
653500     1306.9999999829174     363.9055799890531     226.5913735419755     7:54
654000     1307.9999999828938     345.0173189775462     330.4258762123814     7:54
654500     1308.9999999828701     313.37872276209725     317.949138531345     7:53
655000     1309.9999999828465     305.1562506605618     286.87466892762853     7:53
655500     1310.9999999828228     346.8995620546566     189.98331494142766     7:53
656000     1311.9999999827992     353.57396597248373     300.81718996133407     7:57
656500     1312.9999999827755     329.875076658911     320.49493102209084     7:57
657000     1313.999999982752     356.1117441984351     282.48695885912764     7:57
657500     1314.9999999827282     343.8071167073823     295.52564644147947     7:57
658000     1315.9999999827046     310.420590888835     272.90633069601296     7:57
658500     1316.999999982681     316.5990201866422     259.92386478493484     7:57
659000     1317.9999999826573     322.77866221376485     344.5361278951894     7:57
659500     1318.9999999826337     342.2376118718995     409.28916392759436     7:57
660000     1319.99999998261     365.150285305435     354.2735347403447     7:57
660500     1320.9999999825864     367.3403720217941     252.68455848225219     7:57
661000     1321.9999999825627     315.3220890869211     292.0840813850638     7:57
661500     1322.999999982539     344.1951663174174     258.4041157585295     7:57
662000     1323.9999999825154     291.4429406857108     360.1070878464336     7:57
662500     1324.9999999824918     341.4627039088308     288.47588236732815     7:57
663000     1325.9999999824681     325.1520983297369     360.007763100787     7:57
663500     1326.9999999824445     365.97823916585537     329.4380302784733     7:57
664000     1327.9999999824208     363.4093356628656     301.2643225685045     7:56
664500     1328.9999999823972     324.8239853399032     292.693039051052     7:56
665000     1329.9999999823735     332.5626726035646     253.55764817783316     7:56
665500     1330.99999998235     322.0547517206727     245.6186526400042     7:56
666000     1331.9999999823262     334.67162956225366     297.0515422137153     7:56
666500     1332.9999999823026     321.06111210976906     287.74103984337825     7:56
667000     1333.999999982279     361.2945563298864     295.8787103346252     7:56
667500     1334.9999999822553     304.5800735083027     333.9652416291631     7:56
668000     1335.9999999822317     379.90422836233597     310.79805037771695     7:56
668500     1336.999999982208     326.28549784585266     325.256761345566     7:56
669000     1337.9999999821844     332.0526454834144     319.49136279930804     7:56
669500     1338.9999999821607     327.2185363936684     361.616828118463     7:56
670000     1339.999999982137     321.1061821714794     379.0759179023772     7:56
670500     1340.9999999821134     327.6162793277729     239.32926272279846     7:56
671000     1341.9999999820898     323.7217464105205     233.66824421958813     7:56
671500     1342.9999999820661     308.973534880226     252.48357421745004     7:56
672000     1343.9999999820425     331.2964776369042     290.09376130858845     7:55
672500     1344.9999999820188     339.95880520970456     322.66019885534985     7:55
673000     1345.9999999819952     398.6402504715919     289.4250555235545     7:55
673500     1346.9999999819715     336.72887302619586     363.47225895605317     7:55
674000     1347.999999981948     342.5048121260879     352.81090211975726     7:55
674500     1348.9999999819242     346.1365206544425     322.58655538313803     7:55
675000     1349.9999999819006     333.482440542958     335.68551365549297     7:55
675500     1350.999999981877     363.5804156945577     238.55834802119608     7:55
676000     1351.9999999818533     307.1603967636139     282.24105424758034     7:55
676500     1352.9999999818297     319.87165215044195     259.9930676512819     7:55
677000     1353.999999981806     311.90278558064085     272.21846714047734     7:55
677500     1354.9999999817824     342.40607896550785     261.8461968710215     7:55
678000     1355.9999999817587     329.663758875123     298.33396467632946     7:55
678500     1356.999999981735     343.80024017451217     286.2300545670932     7:55
679000     1357.9999999817114     346.23677795204924     294.59382172515967     7:55
679500     1358.9999999816878     346.654659243742     286.2017128083909     7:55
680000     1359.9999999816641     326.43526527056815     295.6795051974459     7:55
680500     1360.9999999816405     318.45625023559353     320.25891097853207     7:54
681000     1361.9999999816168     369.93020702618     295.11540197507526     7:54
681500     1362.9999999815932     336.1411735586447     291.55050613977426     7:54
682000     1363.9999999815695     332.4632993846735     314.61743803866614     7:54
682500     1364.999999981546     340.65462309422776     302.35887397047816     7:54
683000     1365.9999999815223     347.0771652358263     330.7536897507026     7:54
683500     1366.9999999814986     331.16559524283366     269.69544974534784     7:54
684000     1367.999999981475     313.3832480429511     307.97601377326515     7:54
684500     1368.9999999814513     332.5796902334663     341.19800498114506     7:54
685000     1369.9999999814277     317.0255010519562     333.79720778379533     7:54
685500     1370.999999981404     321.94765053494905     301.1705849751236     7:54
686000     1371.9999999813804     317.41588054393776     308.5987546670386     7:54
686500     1372.9999999813567     329.7168014250328     286.96219416620994     7:54
687000     1373.999999981333     331.9070069870876     276.63587901165664     7:54
687500     1374.9999999813094     353.9623172719049     331.563666645495     7:54
688000     1375.9999999812858     336.43216369833794     304.49280661463405     7:54
688500     1376.9999999812621     347.0855460692227     270.2064079959253     7:54
689000     1377.9999999812385     299.66865248124213     242.81927806932418     7:53
689500     1378.9999999812148     360.1285935357415     218.09971835544164     7:53
690000     1379.9999999811912     325.2240521637898     328.0737833887872     7:53
690500     1380.9999999811675     373.15608584618053     322.2851096914489     7:53
691000     1381.999999981144     344.66374625236506     331.0434447588655     7:53
691500     1382.9999999811203     324.4717269051115     318.8154199502287     7:53
692000     1383.9999999810966     350.4493027757503     325.6030527898236     7:53
692500     1384.999999981073     312.3030912393157     274.60523828010656     7:53
693000     1385.9999999810493     318.2870654470074     320.5109087072178     7:53
693500     1386.9999999810257     378.6414103501645     299.0686634934679     7:53
694000     1387.999999981002     321.16879114248866     323.68527819803063     7:53
694500     1388.9999999809784     346.47946389566584     303.77162704746905     7:53
695000     1389.9999999809547     348.13205656822436     324.5139676071324     7:53
695500     1390.999999980931     342.23042564305456     314.7832062554517     7:53
696000     1391.9999999809074     334.7894899891661     360.9730955434394     7:53
696500     1392.9999999808838     330.23459210404815     343.54325261038286     7:53
697000     1393.9999999808601     347.7549192396647     332.8760445067692     7:53
697500     1394.9999999808365     336.31820149201474     319.69773233579417     7:52
698000     1395.9999999808128     335.8617496661425     292.79807992261857     7:52
698500     1396.9999999807892     377.29206112159943     262.66150721714945     7:52
699000     1397.9999999807656     345.8259751144343     300.9779926593814     7:52
699500     1398.999999980742     383.5574603397358     261.69063972109706     7:52
700000     1399.9999999807183     351.6627650054485     334.4109602407469     7:52
700500     1400.9999999806946     329.8677459829761     313.7185055861748     7:52
701000     1401.999999980671     342.83006536052426     320.2867758753926     7:52
701500     1402.9999999806473     334.88253365544097     254.29239816948302     7:52
702000     1403.9999999806237     323.0789431088009     242.52371354720725     7:52
702500     1404.9999999806     358.4313014690871     240.72557485576291     7:52
703000     1405.9999999805764     311.7577068749464     350.200195338493     7:52
703500     1406.9999999805527     320.6343643359004     289.2514726868164     7:52
704000     1407.999999980529     345.29057985874726     296.49375714585415     7:52
704500     1408.9999999805054     315.16731428908156     307.6053972083807     7:52
705000     1409.9999999804818     329.5276085731215     293.94705136889564     7:52
705500     1410.9999999804581     340.935508003053     382.4114477565397     7:52
706000     1411.9999999804345     356.3809008036245     292.14088837036206     7:51
706500     1412.9999999804108     337.07271932364176     272.2869538542912     7:51
707000     1413.9999999803872     310.23624384927064     319.91216266916166     7:51
707500     1414.9999999803636     311.84308640825566     250.68956844703789     7:51
708000     1415.99999998034     333.49001282412144     287.4180012284587     7:51
708500     1416.9999999803163     353.3853548720324     328.07954244672356     7:51
709000     1417.9999999802926     345.8432947523095     293.0193306259816     7:51
709500     1418.999999980269     345.80722236833833     435.93390598396843     7:51
710000     1419.9999999802453     339.1395169973267     335.58543586387304     7:51
710500     1420.9999999802217     307.9415237365522     311.95722776856024     7:51
711000     1421.999999980198     318.46760397548303     226.73224212573396     7:51
711500     1422.9999999801744     313.86290242041207     292.59657636448196     7:51
712000     1423.9999999801507     331.2368478087059     314.96315617339496     7:51
712500     1424.999999980127     333.0336556248931     216.48186143722396     7:51
713000     1425.9999999801034     339.3216989345618     331.32417535708413     7:51
713500     1426.9999999800798     327.76549176075457     274.5690361519713     7:51
714000     1427.9999999800561     326.45601729845     299.97012170962296     7:50
714500     1428.9999999800325     347.75552180096065     257.7280717875177     7:50
715000     1429.9999999800089     322.1205874767411     297.54525241773376     7:50
715500     1430.9999999799852     324.3410539384878     259.6974183065444     7:50
716000     1431.9999999799616     344.50125948235075     206.7600447507607     7:50
716500     1432.999999979938     338.4506735083763     274.0494862749143     7:50
717000     1433.9999999799143     353.34190311500447     302.0106622347696     7:50
717500     1434.9999999798906     339.597299487452     250.7754959332525     7:50
718000     1435.999999979867     318.15986429663803     309.70844668476866     7:50
718500     1436.9999999798433     308.6466518040829     254.55702651070322     7:50
719000     1437.9999999798197     361.1934127839079     313.77128527708663     7:50
719500     1438.999999979796     350.2882574595495     260.8659107985778     7:50
720000     1439.9999999797724     344.01214745370135     302.1244260718481     7:50
720500     1440.9999999797487     348.63424268868005     271.3466968011398     7:50
721000     1441.999999979725     341.2461573782083     289.9539501215023     7:50
721500     1442.9999999797014     309.8576283328448     258.21418335563135     7:50
722000     1443.9999999796778     335.1944101983439     236.28285941278807     7:50
722500     1444.9999999796541     328.56071480512344     300.7553058574162     7:49
723000     1445.9999999796305     342.51725924642994     281.00197716124563     7:49
723500     1446.9999999796069     398.01800032634196     336.0421665780188     7:49
724000     1447.9999999795832     345.1156565103191     322.6902498964188     7:49
724500     1448.9999999795596     326.7937051328304     257.00369136728125     7:49
725000     1449.999999979536     336.04062658761654     334.8151175604731     7:49
725500     1450.9999999795123     339.1954348972638     293.1239950068533     7:49
726000     1451.9999999794886     360.9690264792881     343.77735868362055     7:49
726500     1452.999999979465     323.10111882537524     300.38148107288174     7:49
727000     1453.9999999794413     318.17051793984     281.61385694915384     7:49
727500     1454.9999999794177     345.43436629014286     287.6751556348128     7:49
728000     1455.999999979394     301.7872913489663     345.9702469644254     7:49
728500     1456.9999999793704     358.46074880339927     299.9383828965969     7:49
729000     1457.9999999793467     365.77369399073666     341.8088310294332     7:49
729500     1458.999999979323     351.42856646250164     312.71114093959676     7:49
730000     1459.9999999792994     341.89550677614614     274.5972933958348     7:49
730500     1460.9999999792758     333.58536162335065     263.01753149805916     7:49
731000     1461.9999999792522     310.76564409832474     325.75434573215773     7:48
731500     1462.9999999792285     313.29693507567833     237.40353377613917     7:48
732000     1463.9999999792049     343.3105728008537     231.29827650808969     7:48
732500     1464.9999999791812     364.8593707490314     253.97711391792143     7:48
733000     1465.9999999791576     313.17781861254093     295.30104539395563     7:48
733500     1466.999999979134     311.73849986485607     322.15770577636215     7:48
734000     1467.9999999791103     313.6261707045584     387.58298120632764     7:48
734500     1468.9999999790866     319.2498412891159     298.7728614244195     7:48
735000     1469.999999979063     330.9568078640267     284.14082119159514     7:48
735500     1470.9999999790393     349.9482535005118     247.22635682255378     7:48
736000     1471.9999999790157     347.9471264445061     277.5276056989796     7:48
736500     1472.999999978992     316.80961651846997     272.5642787681888     7:48
737000     1473.9999999789684     310.71830546896     317.01138646205095     7:48
737500     1474.9999999789447     386.2756050363098     329.11551463815937     7:48
738000     1475.999999978921     349.7151837789419     311.94305873388106     7:48
738500     1476.9999999788974     341.6581191211236     262.8007386040447     7:48
739000     1477.9999999788738     327.0824901564581     334.8082022927994     7:48
739500     1478.9999999788502     361.3668150989737     281.87509476505915     7:47
740000     1479.9999999788265     368.281117085637     328.32832255075755     7:47
740500     1480.9999999788029     299.48229719042615     370.3288921032846     7:47
741000     1481.9999999787792     308.03971000643014     316.39782912457474     7:47
741500     1482.9999999787556     334.2515772419997     234.03981400763243     7:47
742000     1483.999999978732     324.66254511411455     385.62188251454876     7:47
742500     1484.9999999787083     320.6941680262047     246.83622035020085     7:47
743000     1485.9999999786846     303.17564716686536     257.7614271386951     7:47
743500     1486.999999978661     306.068282216433     357.72001569831207     7:47
744000     1487.9999999786373     287.96997861217255     360.49017148782616     7:47
744500     1488.9999999786137     321.66252780384787     281.5357756723954     7:47
745000     1489.99999997859     375.04523461700774     316.91523364808637     7:47
745500     1490.9999999785664     328.5679318227641     307.04852484547894     7:47
746000     1491.9999999785427     325.2779628632395     358.0055218899883     7:47
746500     1492.999999978519     344.3046537044954     267.21071022277704     7:47
747000     1493.9999999784955     321.236251635508     347.19022818373753     7:47
747500     1494.9999999784718     332.1302225387359     338.63491635723716     7:47
748000     1495.9999999784482     338.8292139170984     281.7191506820624     7:46
748500     1496.9999999784245     338.62822625425554     332.1620754355288     7:46
749000     1497.9999999784009     346.7864254960642     343.7961416264576     7:46
749500     1498.9999999783772     339.61390179361126     353.19813075933433     7:46
750000     1499.9999999783536     357.78540305155     306.412561891713     7:46
750500     1500.99999997833     333.30820499443985     343.6180506938855     7:46
751000     1501.9999999783063     332.2178135695483     312.2335146205315     7:46
751500     1502.9999999782826     340.8831980325141     314.3187651190847     7:46
752000     1503.999999978259     373.58057540730886     359.7672623529571     7:46
752500     1504.9999999782353     388.37074206014813     308.5686559006316     7:46
753000     1505.9999999782117     347.94765030120084     219.96210880549035     7:46
753500     1506.999999978188     329.5748959432424     204.5459000278164     7:46
754000     1507.9999999781644     325.0186448934734     270.59446428372536     7:46
754500     1508.9999999781407     327.7031012501966     355.89191898449485     7:46
755000     1509.999999978117     345.06215107569733     338.1454245951827     7:46
755500     1510.9999999780935     319.2839761539499     231.5849703214017     7:46
756000     1511.9999999780698     320.4251061553215     300.08028900946607     7:46
756500     1512.9999999780462     357.6962569895626     319.39080204268635     7:46
757000     1513.9999999780225     370.26727389609437     314.2802698577828     7:45
757500     1514.9999999779989     379.59047226238044     294.3646969222721     7:45
758000     1515.9999999779752     330.450744504206     280.5791365836273     7:45
758500     1516.9999999779516     342.89605618192866     275.49320148132267     7:45
759000     1517.999999977928     361.5482730280263     352.1183029722948     7:45
759500     1518.9999999779043     338.67260092135314     257.12606679931304     7:45
760000     1519.9999999778806     309.09159205762796     318.50980550969837     7:45
760500     1520.999999977857     343.0026753198831     238.58089259335864     7:45
761000     1521.9999999778333     342.21272136876746     282.4838731143968     7:45
761500     1522.9999999778097     346.1699571904851     279.8515603559212     7:45
762000     1523.999999977786     302.69257885439083     319.9415978138046     7:45
762500     1524.9999999777624     329.9790253684281     311.94485004360484     7:45
763000     1525.9999999777388     350.7103181830605     267.85655732473754     7:45
763500     1526.999999977715     307.5980342115141     344.7859398611143     7:45
764000     1527.9999999776915     325.6919185160174     281.30642279821654     7:45
764500     1528.9999999776678     314.0554753906748     321.7579695985873     7:45
765000     1529.9999999776442     327.5363044671361     327.8555693949788     7:45
765500     1530.9999999776205     317.8898962288109     270.2666829000151     7:44
766000     1531.9999999775969     302.94329960461914     273.3465444430412     7:44
766500     1532.9999999775732     352.12296599492777     246.12319321611824     7:44
767000     1533.9999999775496     333.172157513707     279.52382809618973     7:44
767500     1534.999999977526     350.1918516410698     256.26972694353555     7:44
768000     1535.9999999775023     314.1815346753185     299.5711504289308     7:44
768500     1536.9999999774786     322.8592173309146     272.3302516485277     7:44
769000     1537.999999977455     321.93234053811136     294.768475926814     7:44
769500     1538.9999999774313     313.69402989588286     277.8667599094503     7:44
770000     1539.9999999774077     327.439188965599     259.5760628651116     7:44
770500     1540.999999977384     332.21028677688093     294.01814138718123     7:44
771000     1541.9999999773604     329.61760939220426     242.16255867237214     7:44
771500     1542.9999999773368     333.8747078868472     263.9561355232672     7:44
772000     1543.999999977313     333.22600229127636     287.6723471277352     7:44
772500     1544.9999999772895     332.7313954826692     338.37322662090884     7:44
773000     1545.9999999772658     322.1290439865037     276.91580042451835     7:44
773500     1546.9999999772422     332.5363901595964     332.8606966903485     7:44
774000     1547.9999999772185     346.3039250081183     335.2545922519726     7:43
774500     1548.9999999771949     310.0685351222194     268.4986386478696     7:43
775000     1549.9999999771712     339.89616635383027     236.40926676905045     7:43
775500     1550.9999999771476     344.19225429015273     298.04784931502354     7:43
776000     1551.999999977124     326.3411119561722     332.52743516149496     7:43
776500     1552.9999999771003     353.0724189573335     277.5309685562328     7:43
777000     1553.9999999770766     346.7128639523345     315.40690308893693     7:43
777500     1554.999999977053     356.5147762403785     290.2387582440821     7:43
778000     1555.9999999770293     308.0642407588647     256.56632795335105     7:43
778500     1556.9999999770057     285.76257123358903     252.48681265419998     7:43
779000     1557.999999976982     323.32868988990936     309.4368456387624     7:43
779500     1558.9999999769584     343.05576888401424     243.99164360564308     7:43
780000     1559.9999999769348     303.2397103210385     313.79626920799166     7:43
780500     1560.999999976911     311.4548474293075     266.7187767567844     7:43
781000     1561.9999999768875     347.8165172845479     308.9203479713485     7:43
781500     1562.9999999768638     334.67248646776     249.9962923977876     7:43
782000     1563.9999999768402     338.71112193096326     274.18899847982175     7:43
782500     1564.9999999768165     320.7166696066039     328.72715211058704     7:42
783000     1565.9999999767929     333.19380323091116     297.36974576166     7:42
783500     1566.9999999767692     340.083626311678     319.2781242370792     7:42
784000     1567.9999999767456     324.0447046347381     258.7792531987482     7:42
784500     1568.999999976722     318.02701311915814     252.75014564615006     7:42
785000     1569.9999999766983     346.23482766395557     260.7858188212576     7:42
785500     1570.9999999766746     348.42798002666393     284.72809674022295     7:42
786000     1571.999999976651     309.99668422331376     359.1774029435885     7:42
786500     1572.9999999766274     312.77157603521516     345.8360522667519     7:42
787000     1573.9999999766037     370.1391323292527     345.1014010074375     7:42
787500     1574.99999997658     375.3190590497601     320.5502216143417     7:42
788000     1575.9999999765564     346.5144594438816     375.6038431334544     7:42
788500     1576.9999999765328     336.89272239762136     358.3084040362467     7:42
789000     1577.9999999765091     331.5719648000098     297.56100531928365     7:42
789500     1578.9999999764855     357.0894916009296     254.7444589975465     7:42
790000     1579.9999999764618     338.52402680489297     250.14702131450022     7:42
790500     1580.9999999764382     332.7194172491962     288.0566493546125     7:42
791000     1581.9999999764145     320.89190964406237     296.3507071264429     7:41
791500     1582.9999999763909     347.6922264890037     265.6320270741687     7:41
792000     1583.9999999763672     371.1878335943826     298.15938388414446     7:41
792500     1584.9999999763436     369.14838180033803     311.6471532421058     7:41
793000     1585.99999997632     359.3955445496241     369.46802516406444     7:41
793500     1586.9999999762963     366.4857937770827     277.01473252950797     7:41
794000     1587.9999999762726     324.6177151873636     348.99752513485     7:41
794500     1588.999999976249     342.92032232851636     315.25319992721967     7:41
795000     1589.9999999762254     332.74921586888684     251.44443083704476     7:41
795500     1590.9999999762017     315.40120184544844     302.4952942709842     7:41
796000     1591.999999976178     342.99079519148154     268.72566670250274     7:41
796500     1592.9999999761544     362.0936550706101     325.53392284654984     7:41
797000     1593.9999999761308     362.78231073223344     318.4550073358886     7:41
797500     1594.9999999761071     305.66878133771604     352.92869533404667     7:41
798000     1595.9999999760835     315.83338393931865     323.22210558246     7:41
798500     1596.9999999760598     316.4266608821024     276.49694062487464     7:41
799000     1597.9999999760362     309.65187661236894     275.84967290749796     7:41
799500     1598.9999999760125     314.26669026046613     285.456422102552     7:40
800000     1599.9999999759889     325.686763676082     236.4618349564089     7:40
800500     1600.9999999759652     355.6813097330288     279.7069827301173     7:40
801000     1601.9999999759416     305.850385942099     391.5700578881465     7:40
801500     1602.999999975918     347.5721996420766     241.37074420020141     7:40
802000     1603.9999999758943     351.6531843341071     299.21903485058357     7:40
802500     1604.9999999758707     385.4061213152032     277.9971931231118     7:40
803000     1605.999999975847     351.3102921596935     381.49776435406204     7:40
803500     1606.9999999758234     374.3148368260423     270.5827079266465     7:40
804000     1607.9999999757997     337.95474978268044     260.78863138499895     7:40
804500     1608.999999975776     318.6736305954539     324.5369223988285     7:40
805000     1609.9999999757524     324.01318560015704     374.24177780051554     7:40
805500     1610.9999999757288     365.40474935498366     313.15457884230375     7:40
806000     1611.9999999757051     323.8907635279455     382.98265243786693     7:40
806500     1612.9999999756815     310.7858776388065     348.19115201066774     7:40
807000     1613.9999999756578     356.22312342918735     337.8224642960757     7:40
807500     1614.9999999756342     342.9794553496488     289.4372665821921     7:40
808000     1615.9999999756105     377.0866114906572     256.23960500772523     7:39
808500     1616.999999975587     325.06005375940447     283.018053638148     7:39
809000     1617.9999999755632     343.0585364302018     271.4847427460992     7:39
809500     1618.9999999755396     364.06166101077076     345.3811233410356     7:39
810000     1619.999999975516     356.81544567135336     415.7887678553563     7:39
810500     1620.9999999754923     371.8131193987077     307.3808922129688     7:39
811000     1621.9999999754687     352.2631802346217     327.5392307014493     7:39
811500     1622.999999975445     351.3833497427754     295.5123956659581     7:39
812000     1623.9999999754214     349.1919242556444     245.74171313962577     7:39
812500     1624.9999999753977     347.825922723859     278.548331252438     7:39
813000     1625.999999975374     321.8864783130507     291.83929600908414     7:39
813500     1626.9999999753504     327.05037912207695     321.51961508021924     7:39
814000     1627.9999999753268     355.7410301134603     307.91247966876506     7:39
814500     1628.9999999753031     356.6461012018964     369.03845829875945     7:39
815000     1629.9999999752795     392.9031179343     358.5305333201552     7:39
815500     1630.9999999752558     343.4556030957276     222.3889262001875     7:39
816000     1631.9999999752322     336.79939336622306     273.4721486525229     7:39
816500     1632.9999999752085     307.5430881140868     347.8198518757281     7:39
817000     1633.999999975185     343.53695597544345     288.8695466114191     7:38
817500     1634.9999999751612     333.3103878766261     253.44474136648927     7:38
818000     1635.9999999751376     347.9020892976222     325.0967334816619     7:38
818500     1636.999999975114     336.47243945809566     344.39605247195664     7:38
819000     1637.9999999750903     305.48184908669623     310.9293911538605     7:38
819500     1638.9999999750667     332.5504749006393     306.31487087155557     7:38
820000     1639.999999975043     351.95097197792165     249.5469165645068     7:38
820500     1640.9999999750194     370.43849131948616     299.7952480626381     7:38
821000     1641.9999999749957     349.68683767344123     239.98878125815477     7:38
821500     1642.999999974972     327.46842452509634     312.1066657498951     7:38
822000     1643.9999999749484     339.7665339637731     309.31833499641164     7:38
822500     1644.9999999749248     341.64660886134334     248.33395380955233     7:38
823000     1645.9999999749011     344.47981478147165     278.7525816523256     7:38
823500     1646.9999999748775     337.130471283557     312.8337409735641     7:38
824000     1647.9999999748538     329.3860370032703     289.07084681162183     7:38
824500     1648.9999999748302     317.87687148465227     278.6754754683833     7:38
825000     1649.9999999748065     339.3889084747142     288.25646240203935     7:38
825500     1650.999999974783     336.9937494657763     250.22929919182175     7:37
826000     1651.9999999747592     340.2926585800633     318.79065106690774     7:37
826500     1652.9999999747356     292.4498344259973     278.90450636051236     7:37
827000     1653.999999974712     329.9050686292949     267.50597326816984     7:37
827500     1654.9999999746883     344.46359702453356     292.517913237     7:37
828000     1655.9999999746647     365.11464921150775     336.1604843734333     7:37
828500     1656.999999974641     363.98565430777387     347.9302456544707     7:37
829000     1657.9999999746174     371.9105284687072     328.63948494124605     7:37
829500     1658.9999999745937     334.45024448915956     265.7809919349756     7:37
830000     1659.99999997457     337.8335140823     297.3006791992174     7:37
830500     1660.9999999745464     357.4512604679435     394.8228175918596     7:37
831000     1661.9999999745228     325.4881908596276     319.1557638247948     7:37
831500     1662.9999999744991     311.3978785775622     346.0469756324066     7:37
832000     1663.9999999744755     361.3663640999513     332.17198714481844     7:37
832500     1664.9999999744518     338.2093905639333     333.42370381073107     7:37
833000     1665.9999999744282     340.53680805816464     288.55292282927996     7:37
833500     1666.9999999744045     332.39256597835674     308.6368875491846     7:37
834000     1667.999999974381     338.9096656180857     311.32417857312487     7:36
834500     1668.9999999743573     320.79590058437077     403.1748707779203     7:36
835000     1669.9999999743336     332.2881299000238     360.84424886072634     7:36
835500     1670.99999997431     347.51897441470237     269.33693327622694     7:36
836000     1671.9999999742863     328.0667083497782     307.115173127685     7:36
836500     1672.9999999742627     278.5858943666266     296.10257890608494     7:36
837000     1673.999999974239     315.1123067148334     236.65562378136212     7:36
837500     1674.9999999742154     314.9539706782824     312.2215085102014     7:36
838000     1675.9999999741917     371.662794253754     381.2689479363366     7:36
838500     1676.999999974168     357.5302504088228     280.6430087676651     7:36
839000     1677.9999999741444     344.262968485078     299.0218543640458     7:36
839500     1678.9999999741208     338.95983532820344     266.7302432420232     7:36
840000     1679.9999999740971     334.00336083392733     358.14495647335815     7:36
840500     1680.9999999740735     325.108709557751     268.2785303333316     7:36
841000     1681.9999999740498     330.29798363081215     288.111100455604     7:36
841500     1682.9999999740262     321.0648677358274     287.99973727952056     7:36
842000     1683.9999999740025     335.9746778100483     302.0367519839779     7:36
842500     1684.999999973979     347.93315863378166     302.1679121517969     7:35
843000     1685.9999999739553     320.68816442598893     320.61597337787884     7:35
843500     1686.9999999739316     362.3332171726936     289.18893273539777     7:35
844000     1687.999999973908     358.39032474977284     361.66252095894896     7:35
844500     1688.9999999738843     348.96148997436444     311.12161934593     7:35
845000     1689.9999999738607     349.24556592457463     371.328517313413     7:35
845500     1690.999999973837     349.639973296217     417.03772805654626     7:35
846000     1691.9999999738134     367.2346987191903     275.0024809214854     7:35
846500     1692.9999999737897     360.8177787229823     294.0648664528414     7:35
847000     1693.999999973766     360.1740031948822     280.3029899428746     7:35
847500     1694.9999999737424     340.10161057742255     357.6975566511178     7:35
848000     1695.9999999737188     354.8886971550078     297.79333484017354     7:35
848500     1696.9999999736951     325.5230560160833     292.0708999885851     7:35
849000     1697.9999999736715     304.1496343941918     312.023707551886     7:35
849500     1698.9999999736478     335.88432699361795     291.8596508425516     7:35
850000     1699.9999999736242     336.70995091924476     318.95590464845833     7:35
850500     1700.9999999736006     337.6499592342212     308.3193000813259     7:35
851000     1701.999999973577     318.9203517213256     273.9513383331332     7:35
851500     1702.9999999735533     313.7365869794538     267.8445379101646     7:34
852000     1703.9999999735296     318.50892908668754     346.1737685856659     7:34
852500     1704.999999973506     350.4673745531469     326.8588411271994     7:34
853000     1705.9999999734823     374.06328876651503     347.73898756612624     7:34
853500     1706.9999999734587     325.4552276661408     317.44534982255175     7:34
854000     1707.999999973435     327.64979238004787     372.82330062151743     7:34
854500     1708.9999999734114     372.03753844432765     330.2276734788515     7:34
855000     1709.9999999733877     354.20819115220854     292.6879117791508     7:34
855500     1710.999999973364     347.23874106234837     287.6120663344191     7:34
856000     1711.9999999733404     361.0000334356283     240.31598207474266     7:34
856500     1712.9999999733168     356.14775654704863     254.92459840811     7:34
857000     1713.9999999732931     351.52498247574385     243.89254313497702     7:34
857500     1714.9999999732695     337.64502917326627     308.0408419737079     7:34
858000     1715.9999999732458     333.05329139690764     309.0722595286789     7:34
858500     1716.9999999732222     338.61397898261623     366.01512331859453     7:34
859000     1717.9999999731986     357.5094359164027     289.82749920353245     7:34
859500     1718.999999973175     343.07173349222785     299.8564568147769     7:34
860000     1719.9999999731513     359.5128161794627     219.73421799331894     7:33
860500     1720.9999999731276     346.6812823385318     241.6083271693652     7:33
861000     1721.999999973104     369.8157779706694     310.7776470862901     7:33
861500     1722.9999999730803     355.71229514454205     308.76820219718394     7:33
862000     1723.9999999730567     335.162943250387     272.16801640246825     7:33
862500     1724.999999973033     325.9200380517077     282.489193281672     7:33
863000     1725.9999999730094     360.23180195813813     291.52587081555043     7:33
863500     1726.9999999729857     315.3861973704585     258.4976590195491     7:33
864000     1727.999999972962     313.82377797063054     301.9631895844954     7:33
864500     1728.9999999729384     350.70862859057854     255.23808537999182     7:33
865000     1729.9999999729148     331.97519698908536     296.7152995899482     7:33
865500     1730.9999999728911     317.83542861780836     282.31648623627075     7:33
866000     1731.9999999728675     342.9963804627041     250.1567237403013     7:33
866500     1732.9999999728439     323.0379702567535     305.98159836347253     7:33
867000     1733.9999999728202     351.6943695857568     270.03872354838916     7:33
867500     1734.9999999727966     324.8195889042747     319.32931589547155     7:33
868000     1735.999999972773     330.58724593036516     281.4595903793968     7:33
868500     1736.9999999727493     354.3378057994345     216.09864575445133     7:32
869000     1737.9999999727256     330.7901863629555     266.68840880550465     7:32
869500     1738.999999972702     330.70211385020195     289.9146843604814     7:32
870000     1739.9999999726783     322.726185855871     282.98419608409847     7:32
870500     1740.9999999726547     346.0245279898862     333.9979848560063     7:32
871000     1741.999999972631     349.68874203607834     266.661602257926     7:32
871500     1742.9999999726074     320.83324715663366     303.3455810838107     7:32
872000     1743.9999999725837     346.84253351638824     316.90878006508433     7:32
872500     1744.99999997256     340.1614310791987     283.4562607776066     7:32
873000     1745.9999999725364     322.8967682814691     356.794691188373     7:32
873500     1746.9999999725128     324.35401804407195     317.6904706624291     7:32
874000     1747.9999999724891     347.9944573392751     339.03224447111     7:32
874500     1748.9999999724655     323.57395681165076     309.4533383143347     7:32
875000     1749.9999999724419     321.234295521352     330.7591115525435     7:32
875500     1750.9999999724182     345.5425374057744     270.60104506432987     7:32
876000     1751.9999999723946     334.83518915588     253.37021802205794     7:32
876500     1752.999999972371     328.2616291195942     340.7723936698423     7:32
877000     1753.9999999723473     368.28786473154514     309.12994359295146     7:32
877500     1754.9999999723236     315.4260282417275     298.7038197347755     7:31
878000     1755.9999999723     339.68167715949187     302.2977763184539     7:31
878500     1756.9999999722763     353.4126638679305     256.38780251777314     7:31
879000     1757.9999999722527     346.7486482453802     226.9787104561302     7:31
879500     1758.999999972229     363.0314013633922     280.55293880203027     7:31
880000     1759.9999999722054     323.0304637560304     331.3724708400589     7:31
880500     1760.9999999721817     302.3299386427715     289.9127741037232     7:31
881000     1761.999999972158     297.13355152864335     293.46717379919494     7:31
881500     1762.9999999721344     328.09263451868344     340.1764077818163     7:31
882000     1763.9999999721108     326.71804325216397     229.0852582702336     7:31
882500     1764.9999999720872     301.29118597107674     308.06827160870415     7:31
883000     1765.9999999720635     340.8966073142884     260.2323137880303     7:31
883500     1766.9999999720399     297.1943306631507     266.48587954514784     7:31
884000     1767.9999999720162     330.2291564078365     260.49399597210186     7:31
884500     1768.9999999719926     314.71813336767957     279.7432476739763     7:31
885000     1769.999999971969     312.9678110334406     259.61274769991377     7:31
885500     1770.9999999719453     338.9274552933165     261.7665707843865     7:31
886000     1771.9999999719216     316.53402677390136     334.9468284981086     7:30
886500     1772.999999971898     337.0243360164685     383.4861152088587     7:30
887000     1773.9999999718743     351.5138834714918     329.1283529094986     7:30
887500     1774.9999999718507     354.9892216458237     304.32690722834843     7:30
888000     1775.999999971827     351.44313371977785     309.638922449917     7:30
888500     1776.9999999718034     359.1222026435976     307.4235421600106     7:30
889000     1777.9999999717797     352.43878266301977     274.2420378940939     7:30
889500     1778.999999971756     319.0932886435536     286.7510086391601     7:30
890000     1779.9999999717324     352.80020239091766     311.39474805483974     7:30
890500     1780.9999999717088     337.37894874295955     321.13682776500065     7:30
891000     1781.9999999716852     339.777265574451     242.0036711063957     7:30
891500     1782.9999999716615     344.17718838093083     245.08215199517164     7:30
892000     1783.9999999716379     341.4728330947406     252.94495537798355     7:30
892500     1784.9999999716142     311.86662273782565     254.9388856915123     7:30
893000     1785.9999999715906     341.0826770064683     235.94379571637666     7:30
893500     1786.999999971567     320.6489270512179     306.2588633356211     7:30
894000     1787.9999999715433     364.86670225269063     267.0446247062602     7:30
894500     1788.9999999715196     366.884127358663     307.29141620750164     7:30
895000     1789.999999971496     351.18604868149146     329.2122407535797     7:29
895500     1790.9999999714723     316.0573002130667     279.22385213582277     7:29
896000     1791.9999999714487     316.2338940444721     367.9106343257694     7:29
896500     1792.999999971425     332.865960401822     342.3390094222231     7:29
897000     1793.9999999714014     367.72482405997255     269.8550460286587     7:29
897500     1794.9999999713777     347.0977836033518     322.867338681658     7:29
898000     1795.999999971354     361.1634204758169     262.4982804336485     7:29
898500     1796.9999999713305     381.0655276366226     277.16156382379967     7:29
899000     1797.9999999713068     392.2358729064392     354.2867387411194     7:29
899500     1798.9999999712832     376.1371157124215     296.71406631167105     7:29
900000     1799.9999999712595     340.98737766063493     337.0164756386755     7:29
900500     1800.9999999712359     314.80027319139583     284.6722173020263     7:29
901000     1801.9999999712122     365.6538588070787     343.0807779912521     7:29
901500     1802.9999999711886     325.34351594314955     362.7551163223922     7:29
902000     1803.999999971165     335.4063550422353     296.2802328976165     7:29
902500     1804.9999999711413     325.3747180416085     275.0359890696304     7:29
903000     1805.9999999711176     347.2245686868026     369.1920973732613     7:29
903500     1806.999999971094     380.0295256055291     293.4219461551195     7:28
904000     1807.9999999710703     377.8480279384207     286.2481949020885     7:28
904500     1808.9999999710467     347.6177755150411     274.39147658988605     7:28
905000     1809.999999971023     375.6547740166054     308.8198688404541     7:28
905500     1810.9999999709994     323.11212601265174     298.46152922723076     7:28
906000     1811.9999999709758     343.1016531105337     384.4707665744968     7:28
906500     1812.999999970952     343.64331016776475     331.1887668087186     7:28
907000     1813.9999999709285     376.31131306710665     259.94693106424774     7:28
907500     1814.9999999709048     340.22284658539957     293.4466878809934     7:28
908000     1815.9999999708812     334.94481230644726     304.74147722507314     7:28
908500     1816.9999999708575     368.6536636118175     334.9674774094297     7:28
909000     1817.9999999708339     366.0332982157546     266.6052858342875     7:28
909500     1818.9999999708102     329.3122066970907     347.5022424090456     7:28
910000     1819.9999999707866     370.4905262059382     301.33912480151     7:28
910500     1820.999999970763     333.9089535102959     343.8001000261792     7:28
911000     1821.9999999707393     340.53845245477066     354.60186790299184     7:28
911500     1822.9999999707156     331.35708634652485     290.06547892652776     7:28
912000     1823.999999970692     316.7658601253505     294.63101209898576     7:27
912500     1824.9999999706683     355.0757635748687     244.04872610501698     7:27
913000     1825.9999999706447     349.1561942210285     313.1466045431828     7:27
913500     1826.999999970621     307.88723873784033     315.5327361305866     7:27
914000     1827.9999999705974     307.95139260826454     325.6161368344435     7:27
914500     1828.9999999705738     331.8080409125931     244.3017550174647     7:27
915000     1829.99999997055     329.79380719019196     306.4304148938151     7:27
915500     1830.9999999705265     347.81625998464506     256.98906350172285     7:27
916000     1831.9999999705028     337.1555377727707     311.24530304599074     7:27
916500     1832.9999999704792     326.7480335566944     277.4421015185713     7:27
917000     1833.9999999704555     318.18886831807515     338.6993094774573     7:27
917500     1834.9999999704319     340.9036290341022     319.05581755788535     7:27
918000     1835.9999999704082     332.05443270993965     305.0598144935742     7:27
918500     1836.9999999703846     327.16626337398816     273.81809404922853     7:27
919000     1837.999999970361     345.1088806672949     322.0514759834128     7:27
919500     1838.9999999703373     327.47763669232666     318.1770701684895     7:27
920000     1839.9999999703136     324.04733574406396     290.52964114202877     7:27
920500     1840.99999997029     360.40209265852127     270.3184438314547     7:27
921000     1841.9999999702663     373.43512122163463     272.0105199855937     7:26
921500     1842.9999999702427     352.95860276102576     344.3091666766156     7:26
922000     1843.999999970219     364.03969642790514     317.97762223695287     7:26
922500     1844.9999999701954     349.408419525952     274.52507448570896     7:26
923000     1845.9999999701718     306.2440930170827     306.30445838427175     7:26
923500     1846.999999970148     311.362746493862     341.633893807866     7:26
924000     1847.9999999701245     333.2949761437518     331.1686896246255     7:26
924500     1848.9999999701008     343.9831706671911     290.65119461323997     7:26
925000     1849.9999999700772     311.35049637062764     280.11611822623064     7:26
925500     1850.9999999700535     347.3134635184774     267.9426949178829     7:26
926000     1851.9999999700299     325.08568319995857     297.97462436135106     7:26
926500     1852.9999999700062     316.35772973116593     291.9938232386653     7:26
927000     1853.9999999699826     309.48352669617464     271.41343956930285     7:26
927500     1854.999999969959     302.0803421020954     299.76262894952555     7:26
928000     1855.9999999699353     348.80541541894877     260.9051231327307     7:26
928500     1856.9999999699116     337.530066435928     273.80431020789814     7:26
929000     1857.999999969888     332.13537330780775     307.6026565545558     7:26
929500     1858.9999999698643     332.62866095626543     307.337405705153     7:25
930000     1859.9999999698407     331.10862097552183     309.2746749602597     7:25
930500     1860.999999969817     342.75070061265103     331.35096803531263     7:25
931000     1861.9999999697934     334.09588241353424     310.7848924816331     7:25
931500     1862.9999999697698     352.46038124217364     335.8723260035683     7:25
932000     1863.999999969746     349.3848215652323     252.26807516104344     7:25
932500     1864.9999999697225     343.9446777648045     265.9080163163651     7:25
933000     1865.9999999696988     317.63093132074334     276.310482857473     7:25
933500     1866.9999999696752     334.04202425666324     264.0187619845556     7:25
934000     1867.9999999696515     338.7955732788064     362.5915813696809     7:25
934500     1868.9999999696279     348.2182781738994     322.8022980492712     7:25
935000     1869.9999999696042     384.06131399662115     296.4087396924482     7:25
935500     1870.9999999695806     353.4817430767481     354.5313329412661     7:25
936000     1871.999999969557     311.33910780974065     364.5002770186656     7:25
936500     1872.9999999695333     354.38773893931716     319.2520032616506     7:25
937000     1873.9999999695096     359.88876216324854     320.4800513406391     7:25
937500     1874.999999969486     347.22232049276283     263.08901719647224     7:25
938000     1875.9999999694624     341.49852756908035     302.85045706988365     7:25
938500     1876.9999999694387     333.66527368094864     280.288110891114     7:25
939000     1877.999999969415     358.75981376481593     263.14365039928646     7:25
939500     1878.9999999693914     380.7769965487561     301.7167190703627     7:24
940000     1879.9999999693678     351.39511548193343     363.71343436138727     7:24
940500     1880.9999999693441     320.7143802667425     311.43505945829907     7:24
941000     1881.9999999693205     313.7640073238689     343.7680802013898     7:24
941500     1882.9999999692968     364.2040885677045     326.67377876335115     7:24
942000     1883.9999999692732     349.8811636297488     327.8035985826513     7:24
942500     1884.9999999692495     347.91447211123364     257.64733237472393     7:24
943000     1885.9999999692259     305.345855891071     317.83136404027465     7:24
943500     1886.9999999692022     285.8064520221536     266.47741252484957     7:24
944000     1887.9999999691786     327.25258252812785     274.30547121572596     7:24
944500     1888.999999969155     311.73541132659545     277.281567996567     7:24
945000     1889.9999999691313     307.9503574961867     298.5420419673741     7:24
945500     1890.9999999691076     320.69859753807464     217.99994520514727     7:24
946000     1891.999999969084     334.28034090269387     250.2471418766773     7:24
946500     1892.9999999690604     318.66875880243435     259.03376654338336     7:24
947000     1893.9999999690367     325.6820208114631     292.2939060204765     7:24
947500     1894.999999969013     340.409334516865     250.88592974379952     7:24
948000     1895.9999999689894     342.3713830810783     243.26015466311205     7:24
948500     1896.9999999689658     334.94123111736326     357.5918796946634     7:23
949000     1897.9999999689421     327.1873253930622     327.7269653532368     7:23
949500     1898.9999999689185     344.6604518365567     277.78463184210017     7:23
950000     1899.9999999688948     349.1487046349017     272.5961313534801     7:23
950500     1900.9999999688712     321.61248024971746     355.56644264964433     7:23
951000     1901.9999999688475     351.20917508342575     290.53906135319505     7:23
951500     1902.9999999688239     321.6062525599383     269.53244951340304     7:23
952000     1903.9999999688002     321.27069598998105     335.0496713279378     7:23
952500     1904.9999999687766     357.5918721478474     250.86699008255314     7:23
953000     1905.999999968753     371.94321923879374     319.38052198832133     7:23
953500     1906.9999999687293     377.85831913994696     401.3858403987231     7:23
954000     1907.9999999687057     344.919396981144     328.5195332588831     7:23
954500     1908.999999968682     321.59009390113886     340.87333553893     7:23
955000     1909.9999999686584     322.36155080157573     293.3377424079296     7:23
955500     1910.9999999686347     357.91430696220175     400.29739584599764     7:23
956000     1911.999999968611     358.649553783451     293.91318843018     7:23
956500     1912.9999999685874     342.8302860895868     257.08508890818786     7:23
957000     1913.9999999685638     313.0096942620386     316.714560281156     7:23
957500     1914.9999999685401     309.0299720082322     287.5434671723059     7:22
958000     1915.9999999685165     319.68505800460275     332.32677333890143     7:22
958500     1916.9999999684928     306.966044913985     336.0789127673384     7:22
959000     1917.9999999684692     348.0281428375855     333.04988189209837     7:22
959500     1918.9999999684455     349.40622231095665     324.2242809931106     7:22
960000     1919.999999968422     381.8854018159019     331.3298989585677     7:22
960500     1920.9999999683982     355.42943502531614     294.28538645619216     7:22
961000     1921.9999999683746     311.1193791388082     295.8733360018058     7:22
961500     1922.999999968351     323.1109925254664     233.10158331659068     7:22
962000     1923.9999999683273     325.8189715823828     373.2805111279905     7:22
962500     1924.9999999683037     352.0859250030502     316.24057351207216     7:22
963000     1925.99999996828     340.8013130695118     296.3230888989619     7:22
963500     1926.9999999682564     317.38731003996656     384.8821387011098     7:22
964000     1927.9999999682327     332.6898038189762     253.08795887290998     7:22
964500     1928.999999968209     333.6405028049404     344.1865940140288     7:22
965000     1929.9999999681854     330.10189622443863     298.42480828206584     7:22
965500     1930.9999999681618     332.3428282877459     264.81268852140954     7:22
966000     1931.9999999681381     320.5100401339605     307.63327624907214     7:21
966500     1932.9999999681145     355.49231187187627     380.3377204759716     7:21
967000     1933.9999999680908     354.9638163913569     338.5723081125894     7:21
967500     1934.9999999680672     316.29773548203866     287.3324027255709     7:21
968000     1935.9999999680435     362.73447480593654     249.59161616415614     7:21
968500     1936.99999996802     345.9808275558497     262.60573050336836     7:21
969000     1937.9999999679962     344.6743892415989     262.7687455814919     7:21
969500     1938.9999999679726     349.21645651022493     329.7758549365486     7:21
970000     1939.999999967949     335.74433989229476     283.7256931513144     7:21
970500     1940.9999999679253     345.08806841557     269.3315404543044     7:21
971000     1941.9999999679017     322.6700395854052     302.3360935386334     7:21
971500     1942.999999967878     320.4413688449682     284.8231336406441     7:21
972000     1943.9999999678544     328.83806850728615     333.5209336225217     7:21
972500     1944.9999999678307     317.61007237648425     341.23975691601987     7:21
973000     1945.999999967807     317.7044241695894     267.0880761451254     7:21
973500     1946.9999999677834     333.9477853321173     244.50964128606265     7:21
974000     1947.9999999677598     320.44987090490235     267.6181227710159     7:21
974500     1948.9999999677361     305.90816347450016     286.7669596189261     7:20
975000     1949.9999999677125     302.6112643512257     252.54913729969974     7:20
975500     1950.9999999676888     310.36093173734514     278.9932144334626     7:20
976000     1951.9999999676652     333.1159102106575     278.70290267341767     7:20
976500     1952.9999999676415     318.3566236105154     327.17349719730385     7:20
977000     1953.999999967618     359.45473269788465     305.0311154901205     7:20
977500     1954.9999999675942     347.28493905421294     299.06465748748445     7:20
978000     1955.9999999675706     337.89020735614804     263.95878474675163     7:20
978500     1956.999999967547     311.90712292794285     302.68902580212017     7:20
979000     1957.9999999675233     323.3870670366391     294.66792361854795     7:20
979500     1958.9999999674997     336.8474472211981     278.43111429430877     7:20
980000     1959.999999967476     326.034410104318     344.2836680216731     7:20
980500     1960.9999999674524     314.31194690071106     341.42765623203036     7:20
981000     1961.9999999674287     347.61507446021415     251.81839183668114     7:20
981500     1962.999999967405     397.48534588275163     211.3473881302439     7:20
982000     1963.9999999673814     345.03250161845176     232.67959775453934     7:20
982500     1964.9999999673578     316.4700163960464     299.9258007884414     7:20
983000     1965.9999999673341     320.7461567090909     294.2255895381043     7:20
983500     1966.9999999673105     325.72853838280514     349.3642165444738     7:19
984000     1967.9999999672868     349.62687877036376     294.17301530207845     7:19
984500     1968.9999999672632     317.8676798055461     378.8862722672649     7:19
985000     1969.9999999672395     330.78436598593737     244.7606797853042     7:19
985500     1970.999999967216     320.21993728688426     311.98358650081735     7:19
986000     1971.9999999671923     340.7521003583182     235.70075565037848     7:19
986500     1972.9999999671686     305.2831014922075     292.8105713047995     7:19
987000     1973.999999967145     322.14611003637685     291.29112511339434     7:19
987500     1974.9999999671213     317.98574501390374     245.7604562666102     7:19
988000     1975.9999999670977     359.41669167006785     316.75522327829276     7:19
988500     1976.999999967074     330.7685336665269     303.66706968179267     7:19
989000     1977.9999999670504     339.7225756613367     253.93372859258534     7:19
989500     1978.9999999670267     337.6362729096446     366.58552074803947     7:19
990000     1979.999999967003     367.13808810327964     329.3482600619487     7:19
990500     1980.9999999669794     358.0656636723062     324.61183029077154     7:19
991000     1981.9999999669558     326.2632796934147     244.30872991204194     7:19
991500     1982.9999999669321     327.82785264267784     235.69381432318073     7:19
992000     1983.9999999669085     349.44443599940814     223.39869272021875     7:19
992500     1984.9999999668848     301.1404256650586     283.34521775504686     7:18
993000     1985.9999999668612     326.7945132056798     277.5274395170396     7:18
993500     1986.9999999668375     332.36385031434463     236.32035218971083     7:18
994000     1987.999999966814     351.69894115463717     322.1543958938911     7:18
994500     1988.9999999667903     368.08047946752106     273.14723268018696     7:18
995000     1989.9999999667666     347.10750897839716     383.9514940682969     7:18
995500     1990.999999966743     316.9850595105495     255.1753902500815     7:18
996000     1991.9999999667193     346.32773375185786     278.8966706943457     7:18
996500     1992.9999999666957     331.58272042814406     284.96839369014253     7:18
997000     1993.999999966672     338.5100864105153     337.14425129755494     7:18
997500     1994.9999999666484     364.32535599651476     292.6334507685974     7:18
998000     1995.9999999666247     328.61362286466544     330.0103317848234     7:18
998500     1996.999999966601     352.2539404702917     351.070026390698     7:18
999000     1997.9999999665774     345.17056565509995     245.34526023583638     7:18
999500     1998.9999999665538     336.6607302956811     344.005498869614     7:18
1000000     1999.9999999665301     315.4614523574361     306.4627395213894     7:18
1000500     2000.9999999665065     353.2058971261546     296.7174644437353     7:18
1001000     2001.9999999664828     356.96601237614254     313.5657740741552     7:17
1001500     2002.9999999664592     332.5315031525374     251.55163387410184     7:17
1002000     2003.9999999664356     337.21101915420843     310.0464349656547     7:17
1002500     2004.999999966412     343.3977876239038     304.35523664349057     7:17
1003000     2005.9999999663883     321.8905447146408     289.56808733036155     7:17
1003500     2006.9999999663646     327.2386058125222     263.4703712540148     7:17
1004000     2007.999999966341     327.40277216910863     365.77859529192233     7:17
1004500     2008.9999999663173     365.05052394020754     245.67291848466277     7:17
1005000     2009.9999999662937     305.39994651978077     384.5901345655007     7:17
1005500     2010.99999996627     368.18634421489605     256.44353308649863     7:17
1006000     2011.9999999662464     328.20799276520313     309.3253898617587     7:17
1006500     2012.9999999662227     303.84522798706723     291.5263797028358     7:17
1007000     2013.999999966199     319.97293530820536     274.35331719613     7:17
1007500     2014.9999999661754     296.5919029032208     249.9034314958788     7:17
1008000     2015.9999999661518     325.8363624748067     313.10826322117276     7:17
1008500     2016.9999999661281     332.3747845124716     388.3472020372256     7:17
1009000     2017.9999999661045     344.4362614359386     355.02211957830417     7:17
1009500     2018.9999999660808     356.49472032788015     312.4143985156913     7:17
1010000     2019.9999999660572     332.9815823784056     353.9601847383869     7:16
1010500     2020.9999999660336     289.887581350815     313.4778838892158     7:16
1011000     2021.99999996601     333.6355503259276     260.9750016576293     7:16
1011500     2022.9999999659863     302.9393167687375     404.74183422070104     7:16
1012000     2023.9999999659626     333.20800126876475     335.5868750309578     7:16
1012500     2024.999999965939     328.71178415304655     345.736353080943     7:16
1013000     2025.9999999659153     325.7945160407344     268.00778188907634     7:16
1013500     2026.9999999658917     313.14435931804576     299.43901727533904     7:16
1014000     2027.999999965868     363.7819686834432     248.34792755926048     7:16
1014500     2028.9999999658444     369.12597474191455     296.35308720541923     7:16
1015000     2029.9999999658207     356.7730109753537     292.2152248095578     7:16
1015500     2030.999999965797     331.8611886734303     234.28816587327984     7:16
1016000     2031.9999999657734     315.6131099567773     279.5772422412509     7:16
1016500     2032.9999999657498     321.19097685134955     274.9197957712618     7:16
1017000     2033.9999999657261     337.4943116177992     340.9817354411653     7:16
1017500     2034.9999999657025     388.57700396270786     321.34258868081855     7:16
1018000     2035.9999999656789     345.1042026865142     266.6807942900819     7:16
1018500     2036.9999999656552     348.26361715083715     273.6798919650949     7:16
1019000     2037.9999999656316     355.18109811050135     263.90324150305577     7:15
1019500     2038.999999965608     312.33726443012813     317.4516341235961     7:15
1020000     2039.9999999655843     340.7168638792483     323.79684086106226     7:15
1020500     2040.9999999655606     355.2219970686831     238.25516751437718     7:15
1021000     2041.999999965537     338.74775819425247     285.88681672102837     7:15
1021500     2042.9999999655133     344.01948762168286     317.41027199980476     7:15
1022000     2043.9999999654897     336.85856414426814     222.95604838420846     7:15
1022500     2044.999999965466     320.0094103005521     277.69735756771445     7:15
1023000     2045.9999999654424     359.91651249858285     308.3974094762139     7:15
1023500     2046.9999999654187     352.3821389928663     249.19770548480167     7:15
1024000     2047.999999965395     332.08996509285225     311.7603337914735     7:15
1024500     2048.9999999653714     341.12865817574664     291.8305112208227     7:15
1025000     2049.999999965348     355.68320689912275     288.28569166998403     7:15
1025500     2050.999999965324     365.075233516043     297.2811875228999     7:15
1026000     2051.9999999653005     323.86356286994567     243.29442883048162     7:15
1026500     2052.999999965277     323.810927926912     311.68065820143045     7:15
1027000     2053.999999965253     303.3853838947938     332.95909424006743     7:15
1027500     2054.9999999652296     341.15648875003603     259.1455536347819     7:14
1028000     2055.999999965206     360.0232460736662     319.68847064532616     7:14
1028500     2056.9999999651823     319.7475923159361     298.6783196993564     7:14
1029000     2057.9999999651586     340.13057309098497     301.10920128188013     7:14
1029500     2058.999999965135     326.3917053764036     310.11772524992944     7:14
1030000     2059.9999999651113     352.54448121614666     323.22224873223706     7:14
1030500     2060.9999999650877     364.5233906205025     316.285489798117     7:14
1031000     2061.999999965064     342.7150512462912     305.1919404057184     7:14
1031500     2062.9999999650404     326.1536726744697     328.12089228750193     7:14
1032000     2063.9999999650167     306.2689288249758     305.50402539054573     7:14
1032500     2064.999999964993     308.9997142157333     398.7496583902545     7:14
1033000     2065.9999999649694     337.92020915716125     400.41564728165764     7:14
1033500     2066.999999964946     312.0410570500361     324.68160158250487     7:14
1034000     2067.999999964922     311.7754808190899     266.45310856345833     7:14
1034500     2068.9999999648985     337.2292020703079     208.12476515200902     7:14
1035000     2069.999999964875     314.529409456043     259.2392276132157     7:14
1035500     2070.999999964851     332.50391825854535     396.7915166592668     7:14
1036000     2071.9999999648276     336.17625264597586     320.4523716859838     7:14
1036500     2072.999999964804     340.0932540297557     279.6088450167802     7:13
1037000     2073.9999999647803     337.47821383187033     291.0466367578633     7:13
1037500     2074.9999999647566     315.39255488998003     313.6969091834974     7:13
1038000     2075.999999964733     341.97237922297757     268.0134805773966     7:13
1038500     2076.9999999647093     350.37731086431666     359.99608698088576     7:13
1039000     2077.9999999646857     356.4853765852713     293.4656843214057     7:13
1039500     2078.999999964662     354.4563953180874     325.59589993485366     7:13
1040000     2079.9999999646384     329.77958947048353     270.8658639173819     7:13
1040500     2080.9999999646147     332.5118850367387     259.3113770867791     7:13
1041000     2081.999999964591     317.3394952554844     241.60084563178629     7:13
1041500     2082.9999999645675     342.27388873528764     276.1491353628448     7:13
1042000     2083.999999964544     317.5076298534975     319.6044350095145     7:13
1042500     2084.99999996452     330.6395762518206     370.08731203261533     7:13
1043000     2085.9999999644965     345.22036932465846     282.76642167118945     7:13
1043500     2086.999999964473     335.5534049852133     316.93502085135447     7:13
1044000     2087.999999964449     336.2344558997712     311.8364304110483     7:13
1044500     2088.9999999644256     353.2452620590981     363.024955977075     7:13
1045000     2089.999999964402     349.6758422104981     325.35334306797307     7:13
1045500     2090.9999999643783     339.92297184446545     316.59265075999195     7:12
1046000     2091.9999999643546     326.7477329538077     329.7947681124223     7:12
1046500     2092.999999964331     346.81137720375284     345.6995285515919     7:12
1047000     2093.9999999643073     345.9016102764343     386.73490359610963     7:12
1047500     2094.9999999642837     331.19349288647834     308.7701220809503     7:12
1048000     2095.99999996426     296.2290468378517     299.8813204423897     7:12
1048500     2096.9999999642364     348.13197350735254     326.28311110618944     7:12
1049000     2097.9999999642127     338.4801763931888     350.4304928784911     7:12
1049500     2098.999999964189     341.3579823962659     282.1990524302868     7:12
1050000     2099.9999999641655     338.50018949096545     299.5812878098236     7:12
1050500     2100.999999964142     341.48900949522283     364.6386286463628     7:12
1051000     2101.999999964118     384.123467813277     313.23824417181476     7:12
1051500     2102.9999999640945     360.7319650854338     339.7139763611096     7:12
1052000     2103.999999964071     350.5480792578959     312.6423118917939     7:12
1052500     2104.999999964047     349.6768401807773     342.3412167317218     7:12
1053000     2105.9999999640236     359.4304061172563     309.3428280750303     7:12
1053500     2106.999999964     385.81227705651065     324.78620459271315     7:12
1054000     2107.9999999639763     318.69019878808683     339.06629865024235     7:11
1054500     2108.9999999639526     307.21932730551237     300.0303812104996     7:11
1055000     2109.999999963929     331.7918840990857     273.3846787137369     7:11
1055500     2110.9999999639053     317.21598390845816     310.7076243379103     7:11
1056000     2111.9999999638817     328.8519442879083     273.6860406242177     7:11
1056500     2112.999999963858     400.46904093064586     290.218432105961     7:11
1057000     2113.9999999638344     353.7942900408067     275.8055158997538     7:11
1057500     2114.9999999638108     329.7639630242909     335.62435587604153     7:11
1058000     2115.999999963787     333.5244836163341     340.02675408687793     7:11
1058500     2116.9999999637635     341.1238357911551     270.1530030378959     7:11
1059000     2117.99999996374     345.9937036646397     302.92952612208296     7:11
1059500     2118.999999963716     350.5474335345374     274.45520113557944     7:11
1060000     2119.9999999636925     356.01368179031135     255.2451661111118     7:11
1060500     2120.999999963669     346.83339845488024     402.8864759509738     7:11
1061000     2121.999999963645     336.5308026345484     292.72135370881807     7:11
1061500     2122.9999999636216     332.14646672320464     281.3355979308907     7:11
1062000     2123.999999963598     314.34713098802956     280.81761892928887     7:11
1062500     2124.9999999635743     333.7129050570676     273.67150338170353     7:11
1063000     2125.9999999635506     289.6842656033334     290.6755925923564     7:10
1063500     2126.999999963527     337.16062055421105     250.04966834158859     7:10
1064000     2127.9999999635033     338.75953027420803     331.521803973789     7:10
1064500     2128.9999999634797     328.10915594571645     424.88502968768216     7:10
1065000     2129.999999963456     332.03258792497456     294.10044787508303     7:10
1065500     2130.9999999634324     340.7276985100592     302.09452759564914     7:10
1066000     2131.9999999634088     348.2954661616933     392.6130969252062     7:10
1066500     2132.999999963385     376.88865364059984     290.8650004948591     7:10
1067000     2133.9999999633615     350.8960833783566     317.40682046105485     7:10
1067500     2134.999999963338     333.16028279827503     345.6370481463472     7:10
1068000     2135.999999963314     361.6532998670044     271.7869935543719     7:10
1068500     2136.9999999632905     342.0724433860529     387.07809151089924     7:10
1069000     2137.999999963267     368.586740918485     268.579710085479     7:10
1069500     2138.999999963243     338.02622107772993     285.3937176080048     7:10
1070000     2139.9999999632196     322.2741673603691     317.77915628446965     7:10
1070500     2140.999999963196     321.2911749655883     295.23398143489317     7:10
1071000     2141.9999999631723     339.33923479906605     334.9594807280193     7:10
1071500     2142.9999999631486     319.85800989692905     293.39661453785106     7:10
1072000     2143.999999963125     335.2355830634259     317.6019367031048     7:09
1072500     2144.9999999631013     338.12627982441904     321.3943102323455     7:09
1073000     2145.9999999630777     356.584360505061     303.2514416183397     7:09
1073500     2146.999999963054     333.05871349600295     314.45592304620504     7:09
1074000     2147.9999999630304     336.04686924995474     257.538566791491     7:09
1074500     2148.9999999630068     347.5616446408404     281.8875908073578     7:09
1075000     2149.999999962983     337.2881323694594     317.81083937790623     7:09
1075500     2150.9999999629595     309.20458316295753     237.8187655378465     7:09
1076000     2151.999999962936     327.6776145797571     320.26604118076835     7:09
1076500     2152.999999962912     323.06999806231704     219.81763364576722     7:09
1077000     2153.9999999628885     330.26083061887937     274.7944081714825     7:09
1077500     2154.999999962865     359.7221147308675     298.9668444687126     7:09
1078000     2155.9999999628412     337.74687196690206     384.6390576567523     7:09
1078500     2156.9999999628176     315.36693972598675     318.3408050400525     7:09
1079000     2157.999999962794     335.0063167481313     357.80400786929187     7:09
1079500     2158.9999999627703     351.26367075037217     445.1241047634195     7:09
1080000     2159.9999999627466     370.1571852466019     252.67697469656247     7:09
1080500     2160.999999962723     326.6004662624057     255.29516193766506     7:08
1081000     2161.9999999626993     361.58173426452583     318.7613506035038     7:08
1081500     2162.9999999626757     326.1436894282564     339.31039629051793     7:08
1082000     2163.999999962652     318.87026919210473     362.04790304551767     7:08
1082500     2164.9999999626284     340.6794760544594     322.1054668690119     7:08
1083000     2165.9999999626048     328.841712570505     285.28600377844316     7:08
1083500     2166.999999962581     296.45284612775356     258.18999161296455     7:08
1084000     2167.9999999625575     350.23829648269066     274.2023410449305     7:08
1084500     2168.999999962534     348.4863485733539     254.2065040891886     7:08
1085000     2169.99999996251     333.1639055530578     344.16763438229054     7:08
1085500     2170.9999999624865     335.952308765168     312.11077763682266     7:08
1086000     2171.999999962463     345.90013937877825     339.9357090849377     7:08
1086500     2172.9999999624392     331.8155257701882     346.0586093692529     7:08
1087000     2173.9999999624156     332.5278573287052     270.3471387257704     7:08
1087500     2174.999999962392     317.55653089074144     335.52309137503056     7:08
1088000     2175.9999999623683     321.4641342035035     182.74244013472264     7:08
1088500     2176.9999999623446     352.28997100148706     316.4763879211215     7:08
1089000     2177.999999962321     345.245890466961     300.331458855813     7:08
1089500     2178.9999999622974     346.5889142157995     293.9302545444485     7:07
1090000     2179.9999999622737     351.9474476862789     305.7555256632615     7:07
1090500     2180.99999996225     363.4865407613627     260.6795846810177     7:07
1091000     2181.9999999622264     323.20421097425026     356.9489801283101     7:07
1091500     2182.9999999622028     316.6282860884513     253.80049058540922     7:07
1092000     2183.999999962179     334.09238076519125     282.522208418013     7:07
1092500     2184.9999999621555     327.2931602225001     275.7233773456249     7:07
1093000     2185.999999962132     331.00474305595696     336.3490003306005     7:07
1093500     2186.999999962108     324.49954524331315     375.14977008711213     7:07
1094000     2187.9999999620845     389.27635672448775     293.0320371728045     7:07
1094500     2188.999999962061     342.37776546359     281.191990326064     7:07
1095000     2189.9999999620372     350.9720086643771     347.45970815563413     7:07
1095500     2190.9999999620136     328.233615790077     348.66490051432646     7:07
1096000     2191.99999996199     314.59508677641554     264.258763225883     7:07
1096500     2192.9999999619663     337.25568025761595     286.73001012011036     7:07
1097000     2193.9999999619426     335.9748795861485     269.8863280330827     7:07
1097500     2194.999999961919     348.98504687189177     290.8832593732407     7:07
1098000     2195.9999999618954     329.7428128536292     308.5254351951172     7:07
1098500     2196.9999999618717     342.98534165961075     379.26078003252826     7:06
1099000     2197.999999961848     353.7003227788165     367.27467621578126     7:06
1099500     2198.9999999618244     350.1235258536218     325.38689158900513     7:06
1100000     2199.9999999618008     346.5697313683992     317.66329850650953     7:06
1100500     2200.999999961777     372.0149979229045     281.9740818186703     7:06
1101000     2201.9999999617535     338.9140308050497     271.81715101929166     7:06
1101500     2202.99999996173     349.5751013664792     351.2995137927296     7:06
1102000     2203.999999961706     331.19427299245945     311.1609294436628     7:06
1102500     2204.9999999616825     321.59749221789957     357.80228984592475     7:06
1103000     2205.999999961659     321.3703899972678     350.78054996433667     7:06
1103500     2206.9999999616352     365.7455355117478     260.4511596687859     7:06
1104000     2207.9999999616116     380.46574868368623     289.2457706401437     7:06
1104500     2208.999999961588     360.0579775870077     257.45333857724427     7:06
1105000     2209.9999999615643     343.331535873859     278.16977902159624     7:06
1105500     2210.9999999615407     357.7927517229467     326.659140646139     7:06
1106000     2211.999999961517     327.43314903693397     315.65726994592586     7:06
1106500     2212.9999999614934     319.6029798134765     266.86349041201214     7:06
1107000     2213.9999999614697     312.98355117730546     340.00987055073693     7:05
1107500     2214.999999961446     342.43093883006077     263.4503032085157     7:05
1108000     2215.9999999614224     319.6865883871038     248.7960450356051     7:05
1108500     2216.9999999613988     299.3149549466867     298.41626775744095     7:05
1109000     2217.999999961375     368.2258128956312     336.2083642118434     7:05
1109500     2218.9999999613515     334.6133541413519     354.9897974372024     7:05
1110000     2219.999999961328     310.7702901778863     323.00120130607826     7:05
1110500     2220.999999961304     325.6714001181025     248.20480626366037     7:05
1111000     2221.9999999612805     310.8531092933266     260.8829255203649     7:05
1111500     2222.999999961257     325.68467387169756     270.11888224067434     7:05
1112000     2223.9999999612332     320.9419982364399     311.73612945851664     7:05
1112500     2224.9999999612096     364.6122960061938     312.25089354596395     7:05
1113000     2225.999999961186     350.8993579634007     286.35687974762016     7:05
1113500     2226.9999999611623     323.5473178221507     269.61719498869104     7:05
1114000     2227.9999999611387     328.10660005280533     345.9219927827285     7:05
1114500     2228.999999961115     327.0914479631398     331.87874016043475     7:05
1115000     2229.9999999610914     319.1164791321637     267.28224649022934     7:05
1115500     2230.9999999610677     350.87977344923183     286.5909750676713     7:05
1116000     2231.999999961044     310.63886923819143     320.66302677093756     7:04
1116500     2232.9999999610204     346.9381027314686     312.0034003125709     7:04
1117000     2233.999999960997     355.8859921387543     322.2032997069075     7:04
1117500     2234.999999960973     381.0602473310656     256.3925044696638     7:04
1118000     2235.9999999609495     352.8800334663405     344.08925719915226     7:04
1118500     2236.999999960926     351.8450231370664     286.48913551337154     7:04
1119000     2237.999999960902     328.14430327361094     284.2392279606376     7:04
1119500     2238.9999999608785     333.09538275589966     309.2569048997778     7:04
1120000     2239.999999960855     332.06089750484614     270.4800945304211     7:04
1120500     2240.9999999608312     306.4770727057287     316.77418337422637     7:04
1121000     2241.9999999608076     309.07267115242973     333.3100856583398     7:04
1121500     2242.999999960784     333.2898405357512     335.8465569800548     7:04
1122000     2243.9999999607603     352.78805133556637     326.2500885548321     7:04
1122500     2244.9999999607367     332.60505973714316     263.5544866345534     7:04
1123000     2245.999999960713     313.3652230293018     250.91242381322388     7:04
1123500     2246.9999999606894     303.17807301494963     293.71858733599805     7:04
1124000     2247.9999999606657     302.6654454689301     279.54977839303814     7:04
1124500     2248.999999960642     347.56328163865453     259.50363539907295     7:04
1125000     2249.9999999606184     350.2598861161074     335.87756254705795     7:03
1125500     2250.999999960595     308.6983296633979     281.045252407697     7:03
1126000     2251.999999960571     304.62934506263525     359.9662771458187     7:03
1126500     2252.9999999605475     324.57625656406674     276.594394437165     7:03
1127000     2253.999999960524     316.2923041915748     299.4716045002485     7:03
1127500     2254.9999999605     311.26160289919824     246.38405090849537     7:03
1128000     2255.9999999604765     317.1668452241503     285.1767769868434     7:03
1128500     2256.999999960453     309.5495861851708     225.09913668853852     7:03
1129000     2257.9999999604292     335.69397746473715     320.87045588379596     7:03
1129500     2258.9999999604056     313.6517276988677     324.3065673470431     7:03
1130000     2259.999999960382     335.3325622088844     318.573069048849     7:03
1130500     2260.9999999603583     319.6516901005058     279.4941469118585     7:03
1131000     2261.9999999603347     293.4851832175161     303.6632275973197     7:03
1131500     2262.999999960311     350.10948861641384     340.1152660837068     7:03
1132000     2263.9999999602874     351.57377106555725     272.0448513256861     7:03
1132500     2264.9999999602637     325.83362458379406     344.0732161089751     7:03
1133000     2265.99999996024     338.2245075706711     331.18646230074734     7:03
1133500     2266.9999999602164     355.3647211726179     352.0616503743379     7:03
1134000     2267.999999960193     301.5095598509489     329.0640346942642     7:02
1134500     2268.999999960169     312.30343488163396     332.26089600042735     7:02
1135000     2269.9999999601455     313.7466678311389     316.7789806516622     7:02
1135500     2270.999999960122     371.05537613394506     284.68520729662913     7:02
1136000     2271.999999960098     358.88998392564895     269.62708645098985     7:02
1136500     2272.9999999600745     330.9617559174428     329.92663614991454     7:02
1137000     2273.999999960051     336.66520631626986     275.573235446332     7:02
1137500     2274.9999999600273     319.6143286662734     315.21052453419895     7:02
1138000     2275.9999999600036     307.38737551365386     311.07375718730844     7:02
1138500     2276.99999995998     378.7081164507691     206.54591968033694     7:02
1139000     2277.9999999599563     320.9882319608961     336.15763477901135     7:02
1139500     2278.9999999599327     316.37557451838165     359.3976841648445     7:02
1140000     2279.999999959909     339.3811042185574     369.0694627385752     7:02
1140500     2280.9999999598854     376.50260695359805     260.5228272994895     7:02
1141000     2281.9999999598617     365.6205226223924     313.9176562792928     7:02
1141500     2282.999999959838     328.9957260255676     388.728449919161     7:02
1142000     2283.9999999598144     354.41706651639447     287.1698390290002     7:02
1142500     2284.999999959791     330.2464961758841     358.1701081927227     7:02
1143000     2285.999999959767     316.30868748666694     373.41433485687577     7:01
1143500     2286.9999999597435     308.39916052376816     310.7874871641805     7:01
1144000     2287.99999995972     368.9349410576308     284.7087598912232     7:01
1144500     2288.999999959696     348.710681872793     363.1549625265776     7:01
1145000     2289.9999999596726     344.78441037917287     321.6968430877391     7:01
1145500     2290.999999959649     341.8962489486479     408.06822859709644     7:01
1146000     2291.9999999596253     322.9414399300033     317.02517165963906     7:01
1146500     2292.9999999596016     325.9901657329491     235.53207777229105     7:01
1147000     2293.999999959578     343.8416201245452     301.1301293239643     7:01
1147500     2294.9999999595543     322.773795303607     288.39730411897744     7:01
1148000     2295.9999999595307     311.9827886543121     313.20144552387796     7:01
1148500     2296.999999959507     338.72858005328214     289.6131159597572     7:01
1149000     2297.9999999594834     315.21459811195257     242.57080123421207     7:01
1149500     2298.9999999594597     351.5756294900111     280.5033971119284     7:01
1150000     2299.999999959436     356.3558939283629     311.71293313184543     7:01
1150500     2300.9999999594124     319.70430459807733     374.40024340887044     7:01
1151000     2301.999999959389     327.3906910706178     332.9590021437074     7:01
1151500     2302.999999959365     359.1289629034949     272.8516156979393     7:00
1152000     2303.9999999593415     337.9123260980915     303.90056128953694     7:00
1152500     2304.999999959318     377.83427416218433     254.21786502447475     7:00
1153000     2305.999999959294     318.33653610536146     258.7006803592826     7:00
1153500     2306.9999999592706     336.5446438791445     272.51286088923194     7:00
1154000     2307.999999959247     345.2043693460744     284.28075983461855     7:00
1154500     2308.9999999592233     343.2531220123577     304.43743772271665     7:00
1155000     2309.9999999591996     338.34173619787464     289.6186449705445     7:00
1155500     2310.999999959176     331.62683783457226     324.37362820205135     7:00
1156000     2311.9999999591523     371.1032296698494     224.69833475857476     7:00
1156500     2312.9999999591287     351.63785751649596     322.6188596184081     7:00
1157000     2313.999999959105     358.6828709686961     281.9653901439622     7:00
1157500     2314.9999999590814     364.7567147435875     309.8795978562979     7:00
1158000     2315.9999999590577     317.1941341091159     281.8227264339869     7:00
1158500     2316.999999959034     336.4070004996652     253.2594203045469     7:00
1159000     2317.9999999590104     377.7163168030322     256.64719797861056     7:00
1159500     2318.999999958987     347.46998948092346     363.30830231212815     7:00
1160000     2319.999999958963     332.54839423574924     302.4119796637752     7:00
1160500     2320.9999999589395     317.2536445555513     238.28746081885564     6:59
1161000     2321.999999958916     335.73785355120935     243.23916537953178     6:59
1161500     2322.999999958892     339.57768353978406     339.89979739778636     6:59
1162000     2323.9999999588686     339.1974898483028     294.5304154418984     6:59
1162500     2324.999999958845     342.7971724618608     284.10648395823983     6:59
1163000     2325.9999999588213     365.90177833902897     323.490193048997     6:59
1163500     2326.9999999587976     332.86650838240666     378.5129902038031     6:59
1164000     2327.999999958774     342.33600695694474     327.83907345792943     6:59
1164500     2328.9999999587503     363.4180312169789     249.54063135121766     6:59
1165000     2329.9999999587267     344.43947351774375     289.48053446610135     6:59
1165500     2330.999999958703     313.1516150189068     241.63382650243656     6:59
1166000     2331.9999999586794     328.27046919558916     209.25307095373122     6:59
1166500     2332.9999999586557     331.7031165445559     235.1210107189071     6:59
1167000     2333.999999958632     344.4802594648553     294.52123460215324     6:59
1167500     2334.9999999586084     329.54741479996596     408.6543954817015     6:59
1168000     2335.999999958585     328.64694077444494     271.27613523092845     6:59
1168500     2336.999999958561     315.7732623301383     300.5462089673114     6:59
1169000     2337.9999999585375     325.29676349210376     282.8662764472111     6:59
1169500     2338.999999958514     345.81274330871304     298.19688105275907     6:58
1170000     2339.99999995849     358.565955407621     281.7177642314249     6:58
1170500     2340.9999999584666     333.08398593456934     303.3788885461725     6:58
1171000     2341.999999958443     320.5146116416655     278.09393665191294     6:58
1171500     2342.9999999584193     335.3552288555278     256.54016869593266     6:58
1172000     2343.9999999583956     340.1767833134908     317.0481630057109     6:58
1172500     2344.999999958372     314.060497370332     390.04287882159224     6:58
1173000     2345.9999999583483     336.6801846649132     307.6740416113777     6:58
1173500     2346.9999999583247     333.1415854535868     333.3953055977996     6:58
1174000     2347.999999958301     353.6933312982769     276.58377265428317     6:58
1174500     2348.9999999582774     339.82093564155934     300.78412271805445     6:58
1175000     2349.9999999582537     339.2097542157485     312.6162360603734     6:58
1175500     2350.99999995823     339.12012977168183     264.0997336080525     6:58
1176000     2351.9999999582064     338.9999190815364     324.5957349341382     6:58
1176500     2352.999999958183     351.44765394933245     312.5364269758168     6:58
1177000     2353.999999958159     381.79307977769406     251.38855014350236     6:58
1177500     2354.9999999581355     310.6332130831495     268.5606663213585     6:58
1178000     2355.999999958112     286.3260020971634     350.61853422213676     6:58
1178500     2356.999999958088     308.6657505919785     334.5870234388056     6:57
1179000     2357.9999999580646     352.1686521932901     259.50001468331385     6:57
1179500     2358.999999958041     347.37466877223767     339.53380949843597     6:57
1180000     2359.9999999580173     319.37980066057946     319.7149100829928     6:57
1180500     2360.9999999579936     348.6551219068757     269.312741343341     6:57
1181000     2361.99999995797     307.7352127303826     262.5275357530443     6:57
1181500     2362.9999999579463     312.28973387747953     312.40596122004223     6:57
1182000     2363.9999999579227     353.49141630176734     309.5578369088416     6:57
1182500     2364.999999957899     336.68296054944733     297.4508104421994     6:57
1183000     2365.9999999578754     380.82864259722635     308.3701955750035     6:57
1183500     2366.9999999578517     342.1820731922015     298.9714247933452     6:57
1184000     2367.999999957828     342.950470084224     294.81212314310096     6:57
1184500     2368.9999999578044     342.54628627810484     366.70036764170266     6:57
1185000     2369.999999957781     349.9765538041769     271.94238204799325     6:57
1185500     2370.999999957757     335.6029534682232     288.1841599054654     6:57
1186000     2371.9999999577335     372.4466633470752     254.7842116873938     6:57
1186500     2372.99999995771     333.1412114362545     361.96449713309903     6:57
1187000     2373.999999957686     324.5968729027526     305.7651764382463     6:56
1187500     2374.9999999576626     320.1735047150113     274.09816460200557     6:56
1188000     2375.999999957639     343.6062872031639     308.4419951179198     6:56
1188500     2376.9999999576153     327.5224047575473     256.89603913038957     6:56
1189000     2377.9999999575916     310.287746857393     305.24798927522255     6:56
1189500     2378.999999957568     361.70716967951387     297.0001734587373     6:56
1190000     2379.9999999575443     316.6259688835587     301.53348267346763     6:56
1190500     2380.9999999575207     317.5796000506506     361.348029900205     6:56
1191000     2381.999999957497     351.7264590635807     345.07987764892783     6:56
1191500     2382.9999999574734     332.97686338473284     319.3094654809045     6:56
1192000     2383.9999999574497     339.6834443010215     208.83595933602555     6:56
1192500     2384.999999957426     312.079108355019     232.6864968076672     6:56
1193000     2385.9999999574025     303.523069205271     285.4842105646004     6:56
1193500     2386.999999957379     370.6971476225642     265.603412352447     6:56
1194000     2387.999999957355     339.43705408300696     286.2566671698126     6:56
1194500     2388.9999999573315     359.547682055029     290.2720564063907     6:56
1195000     2389.999999957308     344.39185455405936     220.25927384092736     6:56
1195500     2390.999999957284     328.1566905090855     284.9046971091924     6:56
1196000     2391.9999999572606     355.18238825860806     273.5540823723748     6:55
1196500     2392.999999957237     339.93976230979786     283.35753335048025     6:55
1197000     2393.9999999572133     353.1077144636504     266.8481936651544     6:55
1197500     2394.9999999571896     349.5363881067434     302.144013897153     6:55
1198000     2395.999999957166     303.9960951714586     266.89441841701574     6:55
1198500     2396.9999999571423     330.3122656712752     356.48948048478707     6:55
1199000     2397.9999999571187     306.0726384516437     341.1550141774663     6:55
1199500     2398.999999957095     337.6170864897596     271.4092689313883     6:55
1200000     2399.9999999570714     334.681595025255     269.55054748148945     6:55
1200500     2400.9999999570477     367.1767559467862     264.392359587843     6:55
1201000     2401.999999957024     311.18257601526227     291.40200547382597     6:55
1201500     2402.9999999570005     315.05907571782825     324.4419806746027     6:55
1202000     2403.999999956977     349.9072370848547     277.20610500769925     6:55
1202500     2404.999999956953     328.64852518338694     237.90183388739712     6:55
1203000     2405.9999999569295     367.49959053668385     235.29580420944393     6:55
1203500     2406.999999956906     337.2847930197389     328.8219501683662     6:55
1204000     2407.999999956882     324.1281870202213     365.67523917504303     6:55
1204500     2408.9999999568586     351.61157668709916     245.68509759656823     6:55
1205000     2409.999999956835     300.59315499025524     328.1148877509482     6:54
1205500     2410.9999999568113     319.445944858302     292.3857626458085     6:54
1206000     2411.9999999567876     365.17558746440363     278.58680501543984     6:54
1206500     2412.999999956764     329.26292679406936     398.29360309247147     6:54
1207000     2413.9999999567403     340.4207324489099     268.17020865810616     6:54
1207500     2414.9999999567167     345.15192662274467     326.1203192616343     6:54
1208000     2415.999999956693     340.1958328569258     260.6486552107713     6:54
1208500     2416.9999999566694     358.4770497254019     217.38733565369046     6:54
1209000     2417.9999999566458     321.86614048145987     309.187577935846     6:54
1209500     2418.999999956622     339.14084653171983     231.00411063485706     6:54
1210000     2419.9999999565985     335.8878632044599     269.5303756984178     6:54
1210500     2420.999999956575     340.59301815654146     280.98171848080204     6:54
1211000     2421.999999956551     370.18109535055703     276.1168036310633     6:54
1211500     2422.9999999565275     341.1167812879015     283.62540441317543     6:54
1212000     2423.999999956504     316.01772883183037     242.20195624065724     6:54
1212500     2424.99999995648     351.79670304611284     322.4790744101164     6:54
1213000     2425.9999999564566     330.5436543779316     313.692503477051     6:54
1213500     2426.999999956433     368.35350625160015     320.2528015217169     6:54
1214000     2427.9999999564093     334.8782025700459     274.69865250288814     6:53
1214500     2428.9999999563856     350.57365989143534     335.8250911787428     6:53
1215000     2429.999999956362     333.7024445236241     270.32089751163323     6:53
1215500     2430.9999999563383     337.735852213219     264.4351299511985     6:53
1216000     2431.9999999563147     323.0452684682473     322.19534105722494     6:53
1216500     2432.999999956291     359.8683211885108     267.64756669500593     6:54
1217000     2433.9999999562674     332.69375839934617     268.47928573771037     6:54
1217500     2434.9999999562438     347.6543864995625     307.6136435461669     6:54
1218000     2435.99999995622     349.84874558285287     297.06281768054396     6:54
1218500     2436.9999999561965     337.3959117185743     377.17208128092113     6:54
1219000     2437.999999956173     311.39888869865786     376.09453510693027     6:54
1219500     2438.999999956149     314.42645244810444     321.3323388435535     6:53
1220000     2439.9999999561255     361.62636943929317     294.08602688323384     6:53
1220500     2440.999999956102     325.18927162304806     310.7223357384517     6:53
1221000     2441.999999956078     335.5366945616976     322.3107864076962     6:53
1221500     2442.9999999560546     365.1348954662318     312.006842696581     6:53
1222000     2443.999999956031     363.0467097945416     353.37655338573046     6:53
1222500     2444.9999999560073     322.40541538282673     321.24783717174313     6:53
1223000     2445.9999999559836     289.69827501856616     280.5272154200213     6:53
1223500     2446.99999995596     325.14261672661155     218.82963049494447     6:53
1224000     2447.9999999559363     302.40424922772     270.7545580552981     6:53
1224500     2448.9999999559127     311.5711254093602     230.06393928629737     6:53
1225000     2449.999999955889     319.14369731905117     277.1878552679116     6:53
1225500     2450.9999999558654     316.62803945223436     248.012420099854     6:53
1226000     2451.9999999558418     308.18083398698616     319.19146919123494     6:53
1226500     2452.999999955818     360.3216774975658     322.3870371926058     6:53
1227000     2453.9999999557945     311.5917587713293     298.8065917647206     6:53
1227500     2454.999999955771     359.8284984113228     301.52509334736374     6:53
1228000     2455.999999955747     390.3450790660627     319.7744900745145     6:53
1228500     2456.9999999557235     349.83597663727653     306.4430320628482     6:52
1229000     2457.9999999557     347.4228846605437     325.9049138515966     6:52
1229500     2458.9999999556762     369.90530244557647     351.2716085310549     6:52
1230000     2459.9999999556526     372.4066815241181     282.9520044868423     6:52
1230500     2460.999999955629     351.5644202087875     282.3557417607748     6:52
1231000     2461.9999999556053     352.71973706928657     287.4898907283999     6:52
1231500     2462.9999999555816     311.8366559600171     366.0999560626108     6:52
1232000     2463.999999955558     364.9135846742389     268.23627465364876     6:52
1232500     2464.9999999555343     341.8997401737188     346.1942216630546     6:52
1233000     2465.9999999555107     341.418617665346     322.0368986344193     6:52
1233500     2466.999999955487     299.9965509796798     300.54913911375655     6:52
1234000     2467.9999999554634     323.9444316566056     296.91411092800035     6:52
1234500     2468.9999999554398     325.80891866445995     316.45970433612405     6:52
1235000     2469.999999955416     303.4360793246019     301.5634847257798     6:52
1235500     2470.9999999553925     332.33221171757225     267.935722340246     6:52
1236000     2471.999999955369     337.55187622846177     296.9227556826484     6:52
1236500     2472.999999955345     368.4311150300746     361.91502695330195     6:52
1237000     2473.9999999553215     384.7515876224453     402.1613696543204     6:52
1237500     2474.999999955298     357.44646098526493     309.1075156428101     6:51
1238000     2475.9999999552742     342.85228887938445     314.97911068104577     6:51
1238500     2476.9999999552506     339.3021404861954     366.9287751719334     6:51
1239000     2477.999999955227     346.4647935217199     262.45941597759196     6:51
1239500     2478.9999999552033     337.51089877858203     343.3091351461947     6:51
1240000     2479.9999999551796     343.5018870223039     325.08073014065894     6:51
1240500     2480.999999955156     344.1913522996033     300.7970757546334     6:51
1241000     2481.9999999551324     352.9912396891972     277.26487310942156     6:51
1241500     2482.9999999551087     341.41963134737387     345.22762444546055     6:51
1242000     2483.999999955085     356.7159880171524     279.3718265091779     6:51
1242500     2484.9999999550614     329.61261041087903     302.9867619431671     6:51
1243000     2485.9999999550378     321.58919274118307     249.43541379478646     6:51
1243500     2486.999999955014     339.3493201535683     316.86337188534094     6:51
1244000     2487.9999999549905     319.70496092150404     272.68249797658115     6:51
1244500     2488.999999954967     318.7944245374431     339.3963321241762     6:51
1245000     2489.999999954943     335.7252960441989     343.54579304262006     6:51
1245500     2490.9999999549195     322.84584280620356     314.50379338273797     6:51
1246000     2491.999999954896     338.9035565508417     339.0322831244561     6:51
1246500     2492.9999999548722     331.42790232970924     288.4635129413785     6:50
1247000     2493.9999999548486     348.1369401213843     326.7294673849617     6:50
1247500     2494.999999954825     387.95718696267363     327.15262309875726     6:50
1248000     2495.9999999548013     333.12170761649895     309.8384600720708     6:50
1248500     2496.9999999547776     320.85654278204584     337.4566472609837     6:50
1249000     2497.999999954754     304.78293130128304     219.0089303093     6:50
1249500     2498.9999999547304     336.7333512215795     268.0114540619006     6:50
1250000     2499.9999999547067     351.7322090169297     298.59412739962784     6:50
1250500     2500.999999954683     305.2993661047025     294.00393256894125     6:50
1251000     2501.9999999546594     355.5072127188379     224.85908373181124     6:50
1251500     2502.9999999546358     330.9361996568738     360.2183169830786     6:50
1252000     2503.999999954612     334.77699658480253     290.45925491657033     6:50
1252500     2504.9999999545885     320.93257322597833     261.0368910009     6:50
1253000     2505.999999954565     329.8199381720275     302.7959618259314     6:50
1253500     2506.999999954541     323.58465638299447     308.92443130824296     6:50
1254000     2507.9999999545175     330.18407108612166     221.95653171506544     6:50
1254500     2508.999999954494     336.97501392311176     330.3910874259228     6:50
1255000     2509.9999999544702     343.0936446162085     317.85304441185673     6:50
1255500     2510.9999999544466     331.2241284827036     260.3926918489893     6:49
1256000     2511.999999954423     319.0537129851731     257.55507108405686     6:49
1256500     2512.9999999543993     318.6369752975211     287.18338166231047     6:49
1257000     2513.9999999543757     353.4147802295154     362.7547853833902     6:49
1257500     2514.999999954352     343.3011349608074     307.46751319898283     6:49
1258000     2515.9999999543284     319.38274208552593     295.8720230232031     6:49
1258500     2516.9999999543047     316.78925961258653     237.01480702070262     6:49
1259000     2517.999999954281     337.44457819132685     238.52098819789825     6:49
1259500     2518.9999999542574     333.3363209811349     264.6632433349553     6:49
1260000     2519.9999999542338     302.3225477980211     265.6314819312073     6:49
1260500     2520.99999995421     332.78004864153274     316.38112767814704     6:49
1261000     2521.9999999541865     324.26447114666655     302.7388308564886     6:49
1261500     2522.999999954163     292.0003292739019     274.65092626066894     6:49
1262000     2523.999999954139     321.0478187820579     239.97982932727078     6:49
1262500     2524.9999999541155     351.33742150650914     279.7314627951198     6:49
1263000     2525.999999954092     333.5071874322997     343.6470830219018     6:49
1263500     2526.9999999540682     321.75594877493097     364.9494672303119     6:49
1264000     2527.9999999540446     348.1624835954441     249.32813149738027     6:49
1264500     2528.999999954021     337.56918830616905     313.5315469721588     6:48
1265000     2529.9999999539973     370.5374344616997     282.8746697129209     6:48
1265500     2530.9999999539737     323.1478499956876     341.9419386461501     6:48
1266000     2531.99999995395     337.9605831366647     255.73128024642762     6:48
1266500     2532.9999999539264     331.73316776745503     252.9827147402851     6:48
1267000     2533.9999999539027     305.3526670808061     282.1443039132715     6:48
1267500     2534.999999953879     281.0246728328294     297.8844933641172     6:48
1268000     2535.9999999538554     330.67712984919683     265.1974535349179     6:48
1268500     2536.999999953832     348.732571381247     278.7490644965337     6:48
1269000     2537.999999953808     287.0243971060562     365.71667699093393     6:48
1269500     2538.9999999537845     351.33299129690784     281.9317903434702     6:48
1270000     2539.999999953761     326.1345178378755     303.83138738090764     6:48
1270500     2540.999999953737     310.18237825061567     336.40617973378386     6:48
1271000     2541.9999999537135     317.8906063545752     356.5577048999654     6:48
1271500     2542.99999995369     335.43801020409467     327.7871760288342     6:48
1272000     2543.9999999536662     317.5718281687592     313.1762772226477     6:48
1272500     2544.9999999536426     311.9303057015496     277.22600140586263     6:48
1273000     2545.999999953619     303.04293270437836     279.6434306148371     6:48
1273500     2546.9999999535953     320.97402495013705     337.0041251357507     6:47
1274000     2547.9999999535717     342.85457156095356     324.2381784008457     6:47
1274500     2548.999999953548     320.582194811685     247.28998077913025     6:47
1275000     2549.9999999535244     327.9768910929115     210.680115972224     6:47
1275500     2550.9999999535007     311.26469809798425     306.71259688158426     6:47
1276000     2551.999999953477     316.8333741139494     323.0552102428222     6:47
1276500     2552.9999999534534     337.95290947511785     293.90225609656375     6:47
1277000     2553.99999995343     342.58800856826736     294.17192546824145     6:47
1277500     2554.999999953406     355.4618031939191     278.904128675019     6:47
1278000     2555.9999999533825     375.39352254084474     339.25232328704186     6:47
1278500     2556.999999953359     327.8223997715405     209.42019641115644     6:47
1279000     2557.999999953335     340.77626788973555     352.99200915968277     6:47
1279500     2558.9999999533115     327.80277360872435     336.61055505469835     6:47
1280000     2559.999999953288     320.9183917111808     224.79638266827325     6:47
1280500     2560.9999999532643     302.64471444680714     287.83903740200753     6:47
1281000     2561.9999999532406     336.11422728533546     291.5007228581865     6:47
1281500     2562.999999953217     336.60313252215394     218.17840801067948     6:47
1282000     2563.9999999531933     316.80713221393455     212.5324202179096     6:46
1282500     2564.9999999531697     305.3100593654043     229.06803005490784     6:46
1283000     2565.999999953146     319.04955359762323     293.8125579473783     6:46
1283500     2566.9999999531224     340.1888981565522     268.1345951377643     6:46
1284000     2567.9999999530987     351.18889165697897     268.11994576986933     6:46
1284500     2568.999999953075     314.4466593322503     318.6325641773854     6:46
1285000     2569.9999999530514     321.41378919247177     275.1934973860522     6:46
1285500     2570.999999953028     318.5221379014491     284.5824153991225     6:46
1286000     2571.999999953004     311.98533138769074     259.9352425442755     6:46
1286500     2572.9999999529805     333.48916641658855     272.8304383304708     6:46
1287000     2573.999999952957     341.75048639605245     304.76107184781273     6:46
1287500     2574.999999952933     334.5083657387589     377.8809116045436     6:46
1288000     2575.9999999529095     313.8952096319016     288.9702112751454     6:46
1288500     2576.999999952886     336.4335204246746     312.1450907158731     6:46
1289000     2577.9999999528623     320.38178671336937     325.2919052717509     6:46
1289500     2578.9999999528386     331.55697794016373     253.36266985024375     6:46
1290000     2579.999999952815     305.07063153840465     295.69452911045164     6:46
1290500     2580.9999999527913     303.9447664839944     257.61330451345043     6:46
1291000     2581.9999999527677     329.5132433197804     242.30782202371233     6:45
1291500     2582.999999952744     316.776234229515     313.93742985539956     6:45
1292000     2583.9999999527204     334.32702064665375     333.86547553463816     6:45
1292500     2584.9999999526967     350.3744437491973     286.96469114976117     6:45
1293000     2585.999999952673     315.40756387529905     269.89809151858776     6:45
1293500     2586.9999999526494     322.45225967366093     275.91734176559277     6:45
1294000     2587.999999952626     319.30924085138577     252.13819460627178     6:45
1294500     2588.999999952602     347.46122853028373     275.4935188133458     6:45
1295000     2589.9999999525785     334.343376265199     360.46390967148784     6:45
1295500     2590.999999952555     340.9810961124973     329.7339929106796     6:45
1296000     2591.999999952531     371.8710276697624     316.951185683906     6:45
1296500     2592.9999999525076     349.99258437729407     322.7224736260853     6:45
1297000     2593.999999952484     378.32016927236566     320.55556149175567     6:45
1297500     2594.9999999524603     305.2426184192435     334.8627920630736     6:45
1298000     2595.9999999524366     316.7135102327958     321.9464782860515     6:45
1298500     2596.999999952413     317.9520974559575     225.6065763947745     6:45
1299000     2597.9999999523893     342.16977620661237     300.7074470490743     6:45
1299500     2598.9999999523657     307.4169699065134     365.39915525313853     6:45
1300000     2599.999999952342     345.99166090440735     259.8393840220982     6:44
1300500     2600.9999999523184     321.3277163366971     237.85071030022743     6:44
1301000     2601.9999999522947     331.05648473704616     332.3192302530539     6:44
1301500     2602.999999952271     318.4078311323699     261.9126146862845     6:44
1302000     2603.9999999522474     331.4922238455449     295.8271996650335     6:44
1302500     2604.999999952224     333.24461441915105     306.56618856008913     6:44
1303000     2605.9999999522     358.53085892466254     319.27827713899535     6:44
1303500     2606.9999999521765     326.8349221626671     309.8909040084582     6:44
1304000     2607.999999952153     360.0013035099645     257.7952887776637     6:44
1304500     2608.999999952129     363.45292842881497     254.35127196243474     6:44
1305000     2609.9999999521056     329.24005315367924     258.66179440694424     6:44
1305500     2610.999999952082     316.34370840624103     293.21826653792334     6:44
1306000     2611.9999999520583     309.1368298967467     289.52181805611013     6:44
1306500     2612.9999999520346     353.8479031209106     283.704143870521     6:44
1307000     2613.999999952011     335.1357507000258     340.43847348006034     6:44
1307500     2614.9999999519873     353.59164798902907     321.4060678084417     6:44
1308000     2615.9999999519637     320.5794990413689     292.9295564940699     6:44
1308500     2616.99999995194     323.92012393493394     289.8401706551677     6:44
1309000     2617.9999999519164     340.8343562635024     278.7898917461724     6:43
1309500     2618.9999999518927     305.68088130551337     316.20840385309253     6:43
1310000     2619.999999951869     307.61004518859954     297.78080831436716     6:43
1310500     2620.9999999518454     324.3755328684622     303.2159423788597     6:43
1311000     2621.999999951822     328.8179346867994     288.140040299758     6:43
1311500     2622.999999951798     336.66412111991747     284.15308101900126     6:43
1312000     2623.9999999517745     345.14236507162     297.629514290256     6:43
1312500     2624.999999951751     283.8960406064849     349.93727997705633     6:43
1313000     2625.999999951727     352.2113647514708     321.22808266397465     6:43
1313500     2626.9999999517036     331.6322283541126     295.67749370573375     6:43
1314000     2627.99999995168     310.24742551982195     278.052305528927     6:43
1314500     2628.9999999516563     365.02874744825317     311.1041551054263     6:43
1315000     2629.9999999516326     355.2732667355124     251.9670438182084     6:43
1315500     2630.999999951609     350.5940559019242     292.1836548264036     6:43
1316000     2631.9999999515853     362.8223365580284     238.9366309460706     6:43
1316500     2632.9999999515617     315.12039953476096     308.38399982882044     6:43
1317000     2633.999999951538     345.75608953161407     325.40647725882894     6:43
1317500     2634.9999999515144     356.707540963272     286.1083226228561     6:43
1318000     2635.9999999514907     342.84229542839057     298.04543478064176     6:42
1318500     2636.999999951467     326.3843800225993     269.23554883520706     6:42
1319000     2637.9999999514434     314.6993284804977     279.74373830223806     6:42
1319500     2638.99999995142     314.79997977195137     258.15537153074234     6:42
1320000     2639.999999951396     333.7141991457221     306.31072359679547     6:42
1320500     2640.9999999513725     331.9413642314431     278.02170237994795     6:42
1321000     2641.999999951349     331.2896248239954     295.9630503534277     6:42
1321500     2642.999999951325     328.7473350557426     309.5320925209833     6:42
1322000     2643.9999999513016     335.56801548910903     345.00494189920823     6:42
1322500     2644.999999951278     326.85013530559604     325.0217957036104     6:42
1323000     2645.9999999512543     338.42587671810475     292.262141026832     6:42
1323500     2646.9999999512306     369.42946293324314     302.65817579001055     6:42
1324000     2647.999999951207     381.8106923470343     301.2473726867367     6:42
1324500     2648.9999999511833     329.411210666064     342.9424192835665     6:42
1325000     2649.9999999511597     362.6082243880875     292.77335812081685     6:42
1325500     2650.999999951136     302.988116856014     271.6014970265823     6:42
1326000     2651.9999999511124     308.3574168449866     214.22685385480196     6:42
1326500     2652.9999999510887     353.0764232390886     296.02547809066294     6:41
1327000     2653.999999951065     337.8983279576545     279.5967859962516     6:41
1327500     2654.9999999510414     354.0082221327565     313.2001402872466     6:41
1328000     2655.999999951018     320.18199997467616     260.92325822837313     6:41
1328500     2656.999999950994     309.446829545014     247.86090670105077     6:41
1329000     2657.9999999509705     291.7827775923398     294.8098264820496     6:41
1329500     2658.999999950947     290.39850008647534     298.6743497875898     6:41
1330000     2659.999999950923     313.44646531706326     239.47015391085282     6:41
1330500     2660.9999999508996     324.39890206296263     263.4127882147992     6:41
1331000     2661.999999950876     357.91608152363517     289.29553265754726     6:41
1331500     2662.9999999508523     346.25817490560496     266.54029074955696     6:41
1332000     2663.9999999508286     351.3134267509612     230.98697101626195     6:41
1332500     2664.999999950805     359.8120396818764     270.46491321078605     6:41
1333000     2665.9999999507813     306.05854774931913     315.44612745987735     6:41
1333500     2666.9999999507577     324.19642436237234     319.07268347882143     6:41
1334000     2667.999999950734     309.6351994626624     242.9179464185085     6:41
1334500     2668.9999999507104     338.9232676687717     280.2482039753846     6:41
1335000     2669.9999999506867     342.8102266776956     265.9357291508976     6:41
1335500     2670.999999950663     357.23802441946304     244.49602532199447     6:41
1336000     2671.9999999506394     307.11763596925164     262.4989078320283     6:40
1336500     2672.999999950616     344.61321322298795     248.55269939181764     6:40
1337000     2673.999999950592     340.42248325121807     331.8421645528198     6:40
1337500     2674.9999999505685     312.8288678089849     303.09654881270956     6:40
1338000     2675.999999950545     338.91628022100224     285.4406366669619     6:40
1338500     2676.999999950521     349.0627682385158     251.78718717124116     6:40
1339000     2677.9999999504976     319.5563322503581     318.45904670742743     6:40
1339500     2678.999999950474     337.25984914310925     223.74107903268637     6:40
1340000     2679.9999999504503     301.204186359647     268.13321346632074     6:40
1340500     2680.9999999504266     356.9030739640589     268.7142265068674     6:40
1341000     2681.999999950403     364.3060224862436     419.273440272888     6:40
1341500     2682.9999999503793     351.4835053804478     256.3484326962613     6:40
1342000     2683.9999999503557     328.4801621393991     350.50613640302674     6:40
1342500     2684.999999950332     344.1400866683616     304.9094040794644     6:40
1343000     2685.9999999503084     307.07318848519446     249.3850012580375     6:40
1343500     2686.9999999502847     312.63033263528746     263.17986318373266     6:40
1344000     2687.999999950261     354.1655356214086     287.182718238334     6:40
1344500     2688.9999999502375     350.4563385327983     256.24070615985613     6:39
1345000     2689.999999950214     309.6221753377813     376.64439852349756     6:39
1345500     2690.99999995019     342.0606230174184     328.470689121208     6:39
1346000     2691.9999999501665     347.0647010642185     306.353210696031     6:39
1346500     2692.999999950143     337.718436795397     277.67230288536314     6:39
1347000     2693.999999950119     321.75632254924597     285.59622798973805     6:39
1347500     2694.9999999500956     298.93920801698107     310.7306316119379     6:39
1348000     2695.999999950072     338.6476984887056     250.32517892974536     6:39
1348500     2696.9999999500483     346.1882820448153     353.04375798167814     6:39
1349000     2697.9999999500246     339.31909843769563     265.68363197945564     6:39
1349500     2698.999999950001     327.61360869979205     283.8819684195384     6:39
1350000     2699.9999999499773     317.9437841174355     362.22708242337717     6:39
1350500     2700.9999999499537     335.1331811660417     283.53940202601166     6:39
1351000     2701.99999994993     330.9941960685536     357.29118556352256     6:39
1351500     2702.9999999499064     354.86615593445504     286.20635037840293     6:39
1352000     2703.9999999498827     372.8500814292719     256.86645258540165     6:39
1352500     2704.999999949859     310.4862654437219     298.70345546654636     6:39
1353000     2705.9999999498355     300.8021649032331     251.14134698780987     6:39
1353500     2706.999999949812     362.3237432781742     207.87579625366612     6:38
1354000     2707.999999949788     322.21225054732895     279.9815857086156     6:38
1354500     2708.9999999497645     337.13268336775     263.6949313393252     6:38
1355000     2709.999999949741     312.70654227200714     212.0240170681428     6:38
1355500     2710.999999949717     311.0719763462399     289.6550341088639     6:38
1356000     2711.9999999496936     307.27926262492895     367.0833589122544     6:38
1356500     2712.99999994967     336.13869385954115     289.1218641263087     6:38
1357000     2713.9999999496463     359.78173713602916     229.03454348175606     6:38
1357500     2714.9999999496226     336.1147097636913     278.89294241442974     6:38
1358000     2715.999999949599     324.5814282078378     337.3594377204027     6:38
1358500     2716.9999999495753     330.74101239813433     319.1947839094107     6:38
1359000     2717.9999999495517     317.4079372581049     258.821916417741     6:38
1359500     2718.999999949528     338.7005126513683     312.98183345436547     6:38
1360000     2719.9999999495044     359.16251022618076     281.54031564835975     6:38
1360500     2720.9999999494808     330.25820885985434     356.43204303338314     6:38
1361000     2721.999999949457     380.3465050502043     344.87067626239207     6:38
1361500     2722.9999999494335     358.8451526870741     366.37816455018134     6:38
1362000     2723.99999994941     320.72488863676483     323.88741005871884     6:38
1362500     2724.999999949386     297.6439598086174     278.2218490748558     6:37
1363000     2725.9999999493625     312.1620316980668     284.5223775414405     6:37
1363500     2726.999999949339     313.35312802838837     283.82064675894134     6:37
1364000     2727.999999949315     339.3426052535467     255.3839189973538     6:37
1364500     2728.9999999492916     306.9881350820509     335.75126507996566     6:37
1365000     2729.999999949268     315.5825165096878     310.18157345323107     6:37
1365500     2730.9999999492443     327.78158921311444     322.43625118500023     6:37
1366000     2731.9999999492206     314.73893517579245     261.67705296097193     6:37
1366500     2732.999999949197     328.51887208162134     249.03952243014604     6:37
1367000     2733.9999999491733     319.31498226702126     239.14566664715363     6:37
1367500     2734.9999999491497     336.5514180909071     286.8304806613723     6:37
1368000     2735.999999949126     376.21901320631275     309.59329184390157     6:37
1368500     2736.9999999491024     340.03690026116385     426.43186290700396     6:37
1369000     2737.9999999490788     338.3855878563627     295.14697210707476     6:37
1369500     2738.999999949055     341.96829657820103     301.7191796609975     6:37
1370000     2739.9999999490315     343.6172722487545     246.8005813838801     6:37
1370500     2740.999999949008     319.11501213255394     228.79424143376048     6:37
1371000     2741.999999948984     336.2934644644679     219.89084878675337     6:37
1371500     2742.9999999489605     356.5045957660351     288.5575471919248     6:36
1372000     2743.999999948937     368.8117459075754     393.93587516835635     6:36
1372500     2744.9999999489132     357.8839840749571     353.7873149622372     6:36
1373000     2745.9999999488896     373.2240971847308     291.9389971324041     6:36
1373500     2746.999999948866     338.97996207496874     275.71523203289564     6:36
1374000     2747.9999999488423     325.93153517487497     279.9430363894932     6:36
1374500     2748.9999999488186     318.5977385317002     242.84797285061836     6:36
1375000     2749.999999948795     338.0442103813814     276.47477859812903     6:36
1375500     2750.9999999487713     339.8179505189087     296.91093815673014     6:36
1376000     2751.9999999487477     344.5301773081128     288.2830773136261     6:36
1376500     2752.999999948724     338.2026450200583     279.09385539497003     6:36
1377000     2753.9999999487004     328.97076954655336     296.1007598576609     6:36
1377500     2754.9999999486768     338.62932925518487     380.99313649307373     6:36
1378000     2755.999999948653     335.24534904763414     309.5857819217853     6:36
1378500     2756.9999999486295     347.6398037412648     276.28947385971753     6:36
1379000     2757.999999948606     329.70482986738386     288.8813492346479     6:36
1379500     2758.999999948582     343.37796248385223     287.1638416006902     6:36
1380000     2759.9999999485585     349.0775937387144     276.0048145379887     6:36
1380500     2760.999999948535     302.4031078598572     338.3531299809753     6:35
1381000     2761.9999999485112     325.43917719919625     252.58565830179407     6:35
1381500     2762.9999999484876     344.88548231058996     193.41627607624127     6:35
1382000     2763.999999948464     322.67101848865934     247.7338649310039     6:35
1382500     2764.9999999484403     336.5429476004456     340.54776899275623     6:35
1383000     2765.9999999484166     345.03871291653036     337.5685150618281     6:35
1383500     2766.999999948393     333.4060222538118     271.7476840782573     6:35
1384000     2767.9999999483694     308.4608896647627     315.3379442722929     6:35
1384500     2768.9999999483457     336.4127775981575     308.7298415485009     6:35
1385000     2769.999999948322     336.4170191581054     274.45873793288985     6:35
1385500     2770.9999999482984     344.1182845906254     298.50751729596766     6:35
1386000     2771.9999999482748     349.1448874484787     274.17188145744956     6:35
1386500     2772.999999948251     324.6797500523289     271.61052674853613     6:35
1387000     2773.9999999482275     333.9467756980771     374.30913136904684     6:35
1387500     2774.999999948204     365.5080304454467     299.62317996399     6:35
1388000     2775.99999994818     350.51842957752524     307.55000943380315     6:35
1388500     2776.9999999481565     328.5118581520878     270.0850832801891     6:35
1389000     2777.999999948133     335.273469541713     234.2572071587256     6:35
1389500     2778.9999999481092     358.431189961707     298.05837711247204     6:34
1390000     2779.9999999480856     336.6968547228579     283.9607221902471     6:34
1390500     2780.999999948062     316.7579035955921     249.39105472885547     6:34
1391000     2781.9999999480383     295.7988091991691     308.53741221048926     6:34
1391500     2782.9999999480146     327.3039195490196     312.3027823208431     6:34
1392000     2783.999999947991     340.9976190633016     328.1992767241973     6:34
1392500     2784.9999999479674     324.93381964851505     365.2656023560105     6:34
1393000     2785.9999999479437     323.21998641776725     361.9464261287085     6:34
1393500     2786.99999994792     358.9961038707829     297.6190009676299     6:34
1394000     2787.9999999478964     329.3920800954056     383.4464531945299     6:34
1394500     2788.9999999478728     351.1448538696999     293.6250556677531     6:34
1395000     2789.999999947849     350.26703400307304     262.3753941808568     6:34
1395500     2790.9999999478255     350.10382425481805     335.4008347487564     6:34
1396000     2791.999999947802     349.0907481470249     269.57142065971817     6:34
1396500     2792.999999947778     350.1138625145926     309.62473399976227     6:34
1397000     2793.9999999477545     364.3633576551895     269.0065986081226     6:34
1397500     2794.999999947731     343.3407581303387     298.8232309161306     6:34
1398000     2795.9999999477072     313.0436470902489     351.15130424589415     6:34
1398500     2796.9999999476836     333.9468541059192     245.61428861830137     6:33
1399000     2797.99999994766     322.1273141555848     266.06651802700975     6:33
1399500     2798.9999999476363     306.9636597456448     295.37760354481577     6:33
1400000     2799.9999999476127     305.2834397676735     309.77271418565056     6:33
1400500     2800.999999947589     343.34227898449205     322.02381715700164     6:33
1401000     2801.9999999475654     343.42207436910087     323.75410577655435     6:33
1401500     2802.9999999475417     355.23971915228094     266.4402576498593     6:33
1402000     2803.999999947518     304.294465852372     322.47683631437394     6:33
1402500     2804.9999999474944     342.62002811012246     216.6219812536793     6:33
1403000     2805.9999999474708     343.9354498261804     212.19898600838096     6:33
1403500     2806.999999947447     327.4679534590663     315.50487786970155     6:33
1404000     2807.9999999474235     350.79496428311734     319.680466528717     6:33
1404500     2808.9999999474     362.60757710184146     270.7640777253664     6:33
1405000     2809.999999947376     332.86736545041765     298.7347307058275     6:33
1405500     2810.9999999473525     330.28399103840513     289.2930280208273     6:33
1406000     2811.999999947329     313.07147716893587     342.2023801772929     6:33
1406500     2812.9999999473052     344.57563546446977     270.7966454459976     6:33
1407000     2813.9999999472816     316.23878206806637     306.8877233253274     6:33
1407500     2814.999999947258     323.22681860487523     291.5475233414655     6:32
1408000     2815.9999999472343     297.3102761902935     289.92763554027897     6:32
1408500     2816.9999999472107     340.44781495166717     322.9634837415417     6:32
1409000     2817.999999947187     363.2621883573139     365.14357274145124     6:32
1409500     2818.9999999471634     333.32853700249075     273.2362733571878     6:32
1410000     2819.9999999471397     318.783267073901     270.00053441181984     6:32
1410500     2820.999999947116     285.8414434909495     248.2386924121442     6:32
1411000     2821.9999999470924     318.03862788862307     272.5140513444777     6:32
1411500     2822.9999999470688     332.3347289020513     262.1908629695253     6:32
1412000     2823.999999947045     341.0193943624449     314.4924964902659     6:32
1412500     2824.9999999470215     359.27858429384696     354.686608792837     6:32
1413000     2825.999999946998     310.85252204557617     296.5057807583677     6:32
1413500     2826.999999946974     305.3950372415418     279.43325629903916     6:32
1414000     2827.9999999469505     337.8072416073895     230.06252858246125     6:32
1414500     2828.999999946927     286.06844161288814     392.2629107849767     6:32
1415000     2829.9999999469032     350.76574404894643     256.1814401016402     6:32
1415500     2830.9999999468796     317.93310027676023     279.4245942359588     6:32
1416000     2831.999999946856     335.7450832445978     307.4653377252131     6:31
1416500     2832.9999999468323     338.8830069408151     292.1489341434595     6:31
1417000     2833.9999999468087     316.71103920243445     298.1904784989551     6:31
1417500     2834.999999946785     317.2569310027801     276.06434014195986     6:31
1418000     2835.9999999467614     304.03934697531224     304.77043683991315     6:31
1418500     2836.9999999467377     347.1555238789366     281.14774726053605     6:31
1419000     2837.999999946714     310.1217378771562     284.7920413992846     6:31
1419500     2838.9999999466904     356.87537598502195     284.1766674393097     6:31
1420000     2839.999999946667     350.54080111553844     289.28748460787426     6:31
1420500     2840.999999946643     325.3071847579712     301.0606903476732     6:31
1421000     2841.9999999466195     330.705546893886     289.43768479395885     6:31
1421500     2842.999999946596     319.7454267929511     313.78425802784085     6:31
1422000     2843.999999946572     352.1875838275795     321.3325694073721     6:31
1422500     2844.9999999465485     312.82924088867946     310.565779095181     6:31
1423000     2845.999999946525     336.90354679571624     292.44708083503144     6:31
1423500     2846.9999999465012     350.44340641655765     375.1951711384294     6:31
1424000     2847.9999999464776     348.41990850206264     285.3120316241725     6:31
1424500     2848.999999946454     313.76883810120967     308.7858982326331     6:31
1425000     2849.9999999464303     311.20127349144593     243.64222868362634     6:30
1425500     2850.9999999464067     325.029080882347     247.75804241328638     6:30
1426000     2851.999999946383     324.42176593840134     230.2304414948457     6:30
1426500     2852.9999999463594     327.89936818542367     250.2617825015535     6:30
1427000     2853.9999999463357     324.4689864476245     271.55283598370437     6:30
1427500     2854.999999946312     325.5940765056855     287.2588753405464     6:30
1428000     2855.9999999462884     308.07270809535987     310.90293899320443     6:30
1428500     2856.999999946265     308.4013077690057     308.48472447062414     6:30
1429000     2857.999999946241     353.93380978177845     297.35371573144187     6:30
1429500     2858.9999999462175     344.9088732657003     353.279559893781     6:30
1430000     2859.999999946194     331.90943540823207     375.19806994563277     6:30
1430500     2860.99999994617     328.5127069721432     307.35009140556764     6:30
1431000     2861.9999999461465     343.646468348502     334.08567467000813     6:30
1431500     2862.999999946123     349.10847963085587     325.88599896425484     6:30
1432000     2863.9999999460993     314.7091698931961     354.1235287413081     6:30
1432500     2864.9999999460756     330.02418003970104     263.91156224126746     6:30
1433000     2865.999999946052     341.56502860222474     236.81642658511478     6:30
1433500     2866.9999999460283     331.84945309758973     318.82601661812316     6:30
1434000     2867.9999999460047     343.9403811792198     275.6119814215677     6:29
1434500     2868.999999945981     317.54122239999197     332.9259275055938     6:29
1435000     2869.9999999459574     301.6318319671618     305.9582887489139     6:29
1435500     2870.9999999459337     339.65062295704854     305.982016220029     6:29
1436000     2871.99999994591     332.1778246327084     374.38184307704313     6:29
1436500     2872.9999999458864     330.7314554608754     295.90972491408223     6:29
1437000     2873.999999945863     374.8047984772262     244.10198049421652     6:29
1437500     2874.999999945839     343.5495499373852     274.96949247839603     6:29
1438000     2875.9999999458155     342.8310603464863     302.43122607540874     6:29
1438500     2876.999999945792     345.8597087335701     295.62869813500316     6:29
1439000     2877.999999945768     327.5916356823136     315.6955412470927     6:29
1439500     2878.9999999457445     350.61152517316134     356.31767855172365     6:29
1440000     2879.999999945721     331.5564726959816     315.55760579677565     6:29
1440500     2880.9999999456973     337.16030010249824     347.2556203976923     6:29
1441000     2881.9999999456736     379.74274463678023     297.5264844583157     6:29
1441500     2882.99999994565     356.82064645184914     276.0736911193968     6:29
1442000     2883.9999999456263     325.0557132054273     363.1689571933324     6:29
1442500     2884.9999999456027     340.03036758815745     315.37100383011193     6:29
1443000     2885.999999945579     371.4060747947659     299.48461887519903     6:28
1443500     2886.9999999455554     343.49726681996003     297.68670047876464     6:28
1444000     2887.9999999455317     337.99166259871015     263.41939904297135     6:28
1444500     2888.999999945508     318.62393679071204     347.9348673126729     6:28
1445000     2889.9999999454844     348.0583611797596     270.710263952499     6:28
1445500     2890.999999945461     340.02608863454145     301.14780530213733     6:28
1446000     2891.999999945437     352.47034718726263     335.93342851551614     6:28
1446500     2892.9999999454135     344.326435225251     269.9435771907014     6:28
1447000     2893.99999994539     336.65937675263933     273.33573534320266     6:28
1447500     2894.999999945366     339.3287982310169     289.6376385773469     6:28
1448000     2895.9999999453426     319.66034946972616     283.51969153203646     6:28
1448500     2896.999999945319     308.2450800924014     281.9403064150907     6:28
1449000     2897.9999999452953     312.76007394329133     346.31294281598423     6:28
1449500     2898.9999999452716     344.41631818602514     275.3383588814483     6:28
1450000     2899.999999945248     338.05108197838024     280.3127751811285     6:28
1450500     2900.9999999452243     341.9501917556249     363.8351618291664     6:28
1451000     2901.9999999452007     339.56492579460485     357.9341457739728     6:28
1451500     2902.999999945177     330.43050736671887     309.32327303402747     6:28
1452000     2903.9999999451534     371.79891609137826     313.99392738788634     6:27
1452500     2904.9999999451297     307.7055740385514     253.68710346506845     6:27
1453000     2905.999999945106     344.7241848450965     326.02834422208343     6:27
1453500     2906.9999999450824     346.04220025585676     330.61860662346896     6:27
1454000     2907.999999945059     369.90316688075086     276.5499116288597     6:27
1454500     2908.999999945035     318.275734072903     242.35927908075786     6:27
1455000     2909.9999999450115     313.13488151062325     309.7184455013273     6:27
1455500     2910.999999944988     329.4886169922768     299.1025203936074     6:27
1456000     2911.999999944964     348.9390154918832     286.055505743841     6:27
1456500     2912.9999999449406     354.6801373512733     232.3614813138637     6:27
1457000     2913.999999944917     333.4328038375728     313.9514149879853     6:27
1457500     2914.9999999448933     341.6261114681839     310.83961147582335     6:27
1458000     2915.9999999448696     332.1621059930003     348.58848226791224     6:27
1458500     2916.999999944846     336.9517575278703     340.6097116781289     6:27
1459000     2917.9999999448223     375.14060198949267     281.6598353141895     6:27
1459500     2918.9999999447987     375.4178918198128     340.26512069854425     6:27
1460000     2919.999999944775     333.4892990664506     354.24584315385033     6:27
1460500     2920.9999999447514     326.09027737833185     328.7822916334844     6:27
1461000     2921.9999999447277     344.4992820937829     258.44458095193085     6:26
1461500     2922.999999944704     371.70112481701176     311.19844256445197     6:26
1462000     2923.9999999446804     324.63684280113955     344.60414762039505     6:26
1462500     2924.999999944657     343.75320823154914     330.875897680865     6:26
1463000     2925.999999944633     307.71931215827647     326.4539291226883     6:26
1463500     2926.9999999446095     302.01316506861826     256.68489949813346     6:26
1464000     2927.999999944586     327.7015363366538     285.5589501029765     6:26
1464500     2928.999999944562     332.1439824753676     333.6457621655881     6:26
1465000     2929.9999999445386     328.4457665220849     304.7663856334108     6:26
1465500     2930.999999944515     377.30202348895523     301.4461484896247     6:26
1466000     2931.9999999444913     363.2900080209979     342.1576823456225     6:26
1466500     2932.9999999444676     312.50120473875893     287.13970074140366     6:26
1467000     2933.999999944444     332.1166536591022     297.9634905750202     6:26
1467500     2934.9999999444203     330.36211222966904     348.7407043921229     6:26
1468000     2935.9999999443967     327.6287708613796     232.67132949058615     6:26
1468500     2936.999999944373     325.4103817989617     312.50112762289666     6:26
1469000     2937.9999999443494     325.55764401512204     253.92561115176034     6:26
1469500     2938.9999999443257     297.5822084752241     378.0798135858225     6:26
1470000     2939.999999944302     314.90999631412603     306.97027113023427     6:25
1470500     2940.9999999442784     320.1901238231129     418.22034876635865     6:25
1471000     2941.999999944255     346.6886552677503     318.77513389587267     6:25
1471500     2942.999999944231     336.56794410697     258.07253931535473     6:25
1472000     2943.9999999442075     337.9458889735105     263.7499080144163     6:25
1472500     2944.999999944184     323.7349749598984     316.3987584396551     6:25
1473000     2945.99999994416     360.686619217038     281.532183688311     6:25
1473500     2946.9999999441366     327.15988405234145     308.5249502360937     6:25
1474000     2947.999999944113     356.8304351159094     267.4900109378181     6:25
1474500     2948.9999999440893     313.9635649782772     325.3349458028625     6:25
1475000     2949.9999999440656     316.74891107606516     267.13440297152886     6:25
1475500     2950.999999944042     339.8764985051316     314.63198751979195     6:25
1476000     2951.9999999440183     391.88157767622386     312.48208792855866     6:25
1476500     2952.9999999439947     319.66029903471815     374.7317087115659     6:25
1477000     2953.999999943971     338.17838753250214     289.24858916980463     6:25
1477500     2954.9999999439474     309.67538821459857     286.35224150755215     6:25
1478000     2955.9999999439237     328.34079109945526     242.26653818949634     6:25
1478500     2956.9999999439     338.53781892648965     247.42474934538524     6:25
1479000     2957.9999999438764     304.0410816544454     368.31126253364596     6:24
1479500     2958.999999943853     317.33558723123974     242.2970105584957     6:24
1480000     2959.999999943829     303.5500168163936     249.28851026765977     6:24
1480500     2960.9999999438055     316.08515363176764     360.9098256347211     6:24
1481000     2961.999999943782     336.57652886622816     312.73933295291147     6:24
1481500     2962.999999943758     345.33233110801837     299.34313248374065     6:24
1482000     2963.9999999437346     341.0403806126518     331.9227878683351     6:24
1482500     2964.999999943711     355.75966395048374     257.27065357985686     6:24
1483000     2965.9999999436873     330.3455618595682     300.6309891079018     6:24
1483500     2966.9999999436636     316.5188732608631     241.08043671075382     6:24
1484000     2967.99999994364     328.1903494789751     228.29087908235348     6:24
1484500     2968.9999999436163     318.3935301650421     251.49259912241706     6:24
1485000     2969.9999999435927     320.2171979234291     278.40255801276504     6:24
1485500     2970.999999943569     342.69826609387337     261.3769960772255     6:24
1486000     2971.9999999435454     367.44652343208156     295.3904336039336     6:24
1486500     2972.9999999435217     336.6664250794163     326.16089897808644     6:24
1487000     2973.999999943498     298.9274601084918     263.5900895470222     6:24
1487500     2974.9999999434744     324.96467576848727     264.73664429536353     6:24
1488000     2975.999999943451     301.5316816639089     275.4602135791218     6:23
1488500     2976.999999943427     334.28542820416646     223.77242259345195     6:23
1489000     2977.9999999434035     351.7314887518588     262.652281677409     6:23
1489500     2978.99999994338     326.9555019793429     297.09804442523637     6:23
1490000     2979.999999943356     325.78604276260535     312.7583129083336     6:23
1490500     2980.9999999433326     360.4652189109818     381.9321100985205     6:23
1491000     2981.999999943309     382.8002936147783     270.28421673753144     6:23
1491500     2982.9999999432853     356.4084712607803     273.83705146493844     6:23
1492000     2983.9999999432616     333.07863188489137     340.4043628547719     6:23
1492500     2984.999999943238     339.15348347339227     344.41512765604847     6:23
1493000     2985.9999999432143     336.605676759557     279.14118551304887     6:23
1493500     2986.9999999431907     349.70779111059585     307.0766644814107     6:23
1494000     2987.999999943167     353.8835205215896     335.6318241093777     6:23
1494500     2988.9999999431434     342.2240933408432     289.7461979125252     6:23
1495000     2989.9999999431197     352.1962589720623     288.2458447525145     6:23
1495500     2990.999999943096     347.1538670529617     285.16130834238794     6:23
1496000     2991.9999999430725     346.61304485630137     277.4433466197025     6:23
1496500     2992.999999943049     311.5658271536861     373.65877606630374     6:23
1497000     2993.999999943025     341.99448828109564     286.4933715342121     6:22
1497500     2994.9999999430015     336.8886903828612     304.99113433542493     6:22
1498000     2995.999999942978     328.0878338794854     270.9352342089052     6:22
1498500     2996.999999942954     311.26571351226187     271.90029129894117     6:22
1499000     2997.9999999429306     341.1097219903338     238.72583883064567     6:22
1499500     2998.999999942907     373.5859069654372     311.01893640920275     6:22
1500000     2999.9999999428833     343.0263967655259     269.27692774268814     6:22
1500500     3000.9999999428596     354.8813731668482     240.499725211515     6:22
1501000     3001.999999942836     362.88628603631594     308.98792251301853     6:22
1501500     3002.9999999428123     323.96718870454515     304.5527314427634     6:22
1502000     3003.9999999427887     328.47479501315127     273.9244458730841     6:22
1502500     3004.999999942765     320.14712806254045     260.2368785641365     6:22
1503000     3005.9999999427414     304.1843065280749     276.80230548168595     6:22
1503500     3006.9999999427177     289.46573655683085     307.85311193965515     6:22
1504000     3007.999999942694     338.0215416824973     293.6193327121066     6:22
1504500     3008.9999999426705     362.8119520702595     274.19421509923916     6:22
1505000     3009.999999942647     324.6416533962265     334.5768911438794     6:22
1505500     3010.999999942623     330.09745170780286     274.15179542538925     6:22
1506000     3011.9999999425995     323.8023016760095     326.17170677414146     6:22
1506500     3012.999999942576     326.49047172249936     287.7193101560844     6:21
1507000     3013.999999942552     370.1240209093445     263.68404025047613     6:21
1507500     3014.9999999425286     317.6507001688731     275.20690480127143     6:21
1508000     3015.999999942505     346.06766392706857     271.8962273250481     6:21
1508500     3016.9999999424813     294.09975515603946     361.2833884273926     6:21
1509000     3017.9999999424576     336.8063972481907     281.38738579978906     6:21
1509500     3018.999999942434     304.47178687205053     366.5224939848523     6:21
1510000     3019.9999999424103     382.5226518298226     322.04928785527375     6:21
1510500     3020.9999999423867     395.96821937267407     316.97821188065745     6:21
1511000     3021.999999942363     358.5521243586153     378.56294866868427     6:21
1511500     3022.9999999423394     334.40768791558946     289.59152846963076     6:21
1512000     3023.9999999423158     314.91319938513095     240.0161236082768     6:21
1512500     3024.999999942292     312.3805841399751     260.57511594436386     6:21
1513000     3025.9999999422685     292.70386069980316     312.1772020234774     6:21
1513500     3026.999999942245     343.87668053640834     302.130618583305     6:21
1514000     3027.999999942221     337.67537107677265     239.1297641172741     6:21
1514500     3028.9999999421975     328.65008667640575     288.03739519293464     6:21
1515000     3029.999999942174     317.4639953660535     345.6254300871947     6:21
1515500     3030.99999994215     347.58316656619775     312.19268499744186     6:20
1516000     3031.9999999421266     352.9771674756686     300.67514259583413     6:20
1516500     3032.999999942103     340.63401442263216     347.94255018994494     6:20
1517000     3033.9999999420793     337.03352989157327     258.07468614221585     6:20
1517500     3034.9999999420556     349.1764160126412     252.9441676828537     6:20
1518000     3035.999999942032     334.25315559368823     318.9754094594864     6:20
1518500     3036.9999999420083     355.6037237027273     281.47975024677527     6:20
1519000     3037.9999999419847     327.0256252473648     310.85326799038387     6:20
1519500     3038.999999941961     326.107045686014     324.0105038028014     6:20
1520000     3039.9999999419374     365.13731369859124     334.28038952838233     6:20
1520500     3040.9999999419138     412.351903597198     327.9988789197804     6:20
1521000     3041.99999994189     430.3322304967701     329.9793432648904     6:20
1521500     3042.9999999418665     378.8622574927098     387.0665252155844     6:20
1522000     3043.999999941843     327.44002842634484     386.6054873820145     6:20
1522500     3044.999999941819     359.52535368546285     346.8566684234909     6:20
1523000     3045.9999999417955     349.54840695656435     404.30478338785537     6:20
1523500     3046.999999941772     362.19114182205124     282.9353195254047     6:20
1524000     3047.9999999417482     352.87141329229337     282.0670505592166     6:20
1524500     3048.9999999417246     320.6968582325969     300.79947944702604     6:19
1525000     3049.999999941701     328.8034007889654     311.5844954900134     6:19
1525500     3050.9999999416773     331.2117723138681     317.5821210870441     6:19
1526000     3051.9999999416536     342.07714035143977     298.8466604868441     6:19
1526500     3052.99999994163     360.99669213250183     333.7727215833411     6:19
1527000     3053.9999999416063     333.2910704028508     305.1628911729179     6:19
1527500     3054.9999999415827     337.33946673694675     302.0493401549286     6:19
1528000     3055.999999941559     341.0036108612677     316.4437028196107     6:19
1528500     3056.9999999415354     313.7050822040429     340.64355839826226     6:19
1529000     3057.9999999415118     338.53584234310085     332.29747271403824     6:19
1529500     3058.999999941488     367.35694624454607     278.34599445958816     6:19
1530000     3059.9999999414645     356.0357752606885     298.7283256978428     6:19
1530500     3060.999999941441     349.1341078636193     291.087672976145     6:19
1531000     3061.999999941417     341.0764481191237     268.7933729787803     6:19
1531500     3062.9999999413935     308.48015809469223     373.78174834458747     6:19
1532000     3063.99999994137     363.61128754259346     320.55756513654796     6:19
1532500     3064.9999999413462     341.8548757200091     279.99916954072944     6:19
1533000     3065.9999999413226     313.6190453874749     380.07287672590223     6:19
1533500     3066.999999941299     335.2963646181556     319.85688847309825     6:18
1534000     3067.9999999412753     318.7480711507977     313.32406711265605     6:18
1534500     3068.9999999412516     339.19047552930715     270.9377356648778     6:18
1535000     3069.999999941228     337.05019442628577     337.08351366738134     6:18
1535500     3070.9999999412044     372.1469677127633     282.24693409318655     6:18
1536000     3071.9999999411807     313.28572402828615     328.0854887973976     6:18
1536500     3072.999999941157     332.6118049508473     344.53329694123863     6:18
1537000     3073.9999999411334     367.1492029674372     349.3143185945219     6:18
1537500     3074.9999999411098     387.9793574673523     277.8473870832917     6:18
1538000     3075.999999941086     331.6845949721609     337.56695095353393     6:18
1538500     3076.9999999410625     344.84722909557865     259.4515915345048     6:18
1539000     3077.999999941039     339.228724200771     280.8746483892969     6:18
1539500     3078.999999941015     301.6943097685288     270.5151238427344     6:18
1540000     3079.9999999409915     309.2417388070231     266.86497123558524     6:18
1540500     3080.999999940968     316.3977317064989     268.2849375654175     6:18
1541000     3081.9999999409442     327.0410771198109     270.9089191917418     6:18
1541500     3082.9999999409206     325.4194280567971     289.5867474995799     6:18
1542000     3083.999999940897     350.7289332895647     334.8607665163331     6:18
1542500     3084.9999999408733     346.86440470661     289.5994714900572     6:17
1543000     3085.9999999408496     345.72275470429474     315.7144184821358     6:17
1543500     3086.999999940826     336.5536101312788     289.80443277890623     6:17
1544000     3087.9999999408024     355.396038653142     326.5098500518775     6:17
1544500     3088.9999999407787     333.34219593498085     375.22546636845993     6:17
1545000     3089.999999940755     320.55469023942237     332.9070528538989     6:17
1545500     3090.9999999407314     308.66433796650574     266.1814019392441     6:17
1546000     3091.9999999407078     368.8606763084696     307.34095741322574     6:17
1546500     3092.999999940684     336.5947794403079     358.83728788908104     6:17
1547000     3093.9999999406605     332.8111727057468     396.1438257894701     6:17
1547500     3094.999999940637     350.7981707480611     275.9641052424101     6:17
1548000     3095.999999940613     307.529095778424     295.066019148268     6:17
1548500     3096.9999999405895     326.44631766139605     301.8582478933138     6:17
1549000     3097.999999940566     333.3210736143167     322.0976692345731     6:17
1549500     3098.9999999405422     365.9813707752829     320.8598585862104     6:17
1550000     3099.9999999405186     361.2406631821442     274.28821018784276     6:17
1550500     3100.999999940495     345.68174265580535     310.6285933335849     6:17
1551000     3101.9999999404713     369.5179971687646     242.27369967648184     6:17
1551500     3102.9999999404477     339.4571778792582     341.5355568134413     6:16
1552000     3103.999999940424     336.5800053512445     263.7746632786489     6:16
1552500     3104.9999999404004     346.0089113121969     306.87451629719163     6:16
1553000     3105.9999999403767     357.3295321628906     315.2629689065264     6:16
1553500     3106.999999940353     330.6547010116939     272.6122078193804     6:16
1554000     3107.9999999403294     329.1970465211174     297.54739507894607     6:16
1554500     3108.9999999403058     364.542428636218     278.3963204541755     6:16
1555000     3109.999999940282     342.0462618890715     321.6561757372571     6:16
1555500     3110.9999999402585     351.4755071423584     344.0996364217927     6:16
1556000     3111.999999940235     358.1622127148903     228.71977964567074     6:16
1556500     3112.999999940211     324.76946211249935     342.8613886224924     6:16
1557000     3113.9999999401875     352.06823844811413     279.91460146072683     6:16
1557500     3114.999999940164     330.08737050354466     310.3789455797971     6:16
1558000     3115.9999999401402     355.82227691534763     361.2266149610361     6:16
1558500     3116.9999999401166     332.69853929782005     313.97860927996896     6:16
1559000     3117.999999940093     368.4791150571033     309.4918313313529     6:16
1559500     3118.9999999400693     343.52034812149554     311.86663381919954     6:16
1560000     3119.9999999400457     340.4558462596019     360.6179536050758     6:16
1560500     3120.999999940022     379.0052931924723     283.5249615944678     6:15
1561000     3121.9999999399984     353.8075930104304     334.8261239150856     6:15
1561500     3122.9999999399747     293.64156713152295     352.33373720280986     6:15
1562000     3123.999999939951     339.68009660891187     297.96219534886274     6:15
1562500     3124.9999999399274     336.9076199319902     262.4166151650388     6:15
1563000     3125.999999939904     338.4329244570191     382.0439453047775     6:15
1563500     3126.99999993988     355.5612965279711     330.84558835544135     6:15
1564000     3127.9999999398565     356.17816301717346     273.36309724604075     6:15
1564500     3128.999999939833     355.86780912344     314.9806216813539     6:15
1565000     3129.999999939809     333.1607373291745     376.04968292021033     6:15
1565500     3130.9999999397855     335.82836793628974     287.3992434974845     6:15
1566000     3131.999999939762     353.67638810391395     265.90610760961573     6:15
1566500     3132.9999999397382     293.4412859473514     321.4784655417583     6:15
1567000     3133.9999999397146     346.93682807811615     312.6189408742799     6:15
1567500     3134.999999939691     367.7345162351738     240.86109595737636     6:15
1568000     3135.9999999396673     312.215309634335     293.2385681261644     6:15
1568500     3136.9999999396437     344.82443424823794     344.25784166902315     6:15
1569000     3137.99999993962     310.444357671601     340.9559972533425     6:15
1569500     3138.9999999395964     327.7804794775317     373.87528727042604     6:14
1570000     3139.9999999395727     340.6748840640772     278.2334675457294     6:14
1570500     3140.999999939549     336.5042307696242     359.10696023968205     6:14
1571000     3141.9999999395254     380.8297198042211     323.86267813342175     6:14
1571500     3142.999999939502     331.61429879556374     278.7437844559203     6:14
1572000     3143.999999939478     325.4821977001535     365.7388198363198     6:14
1572500     3144.9999999394545     340.6773425562868     305.44601427440267     6:14
1573000     3145.999999939431     366.1792980606243     303.1368352908961     6:14
1573500     3146.999999939407     322.06063671194113     317.7017940907299     6:14
1574000     3147.9999999393835     330.1965575093416     232.60990543656496     6:14
1574500     3148.99999993936     309.2268793814327     320.2426731058493     6:14
1575000     3149.9999999393362     323.4612712735742     293.5953175528879     6:14
1575500     3150.9999999393126     338.3577563245458     302.2506751334552     6:14
1576000     3151.999999939289     378.0699256463747     413.35202287992456     6:14
1576500     3152.9999999392653     363.95823289676025     358.03575628217095     6:14
1577000     3153.9999999392417     346.88798056583084     226.75720608412888     6:14
1577500     3154.999999939218     353.4661847651673     304.43359888357463     6:14
1578000     3155.9999999391944     327.1861382526947     339.4098995455188     6:14
1578500     3156.9999999391707     357.2862659559004     296.4568555681458     6:13
1579000     3157.999999939147     332.53834925508716     350.51967078173254     6:13
1579500     3158.9999999391234     358.7409010475592     245.35708601232267     6:13
1580000     3159.9999999391     344.30216034575426     230.0296684510432     6:13
1580500     3160.999999939076     313.10680798511305     322.0017917328602     6:13
1581000     3161.9999999390525     337.60177858539635     209.0261327087914     6:13
1581500     3162.999999939029     301.4370154592983     244.40510054261676     6:13
1582000     3163.999999939005     342.4375932331694     286.0936079325824     6:13
1582500     3164.9999999389815     333.9206534329859     299.99653103917467     6:13
1583000     3165.999999938958     328.52672335233353     256.77238960318056     6:13
1583500     3166.9999999389343     323.63108628422094     279.82599270136535     6:13
1584000     3167.9999999389106     330.1441912809561     238.18786874511764     6:13
1584500     3168.999999938887     324.3441273841288     258.13059021505865     6:13
1585000     3169.9999999388633     321.8068563676319     330.6265538902739     6:13
1585500     3170.9999999388397     344.7550637450769     316.21863551004526     6:13
1586000     3171.999999938816     357.5946419963392     292.53943751582744     6:13
1586500     3172.9999999387924     356.4286752925859     337.9205731727895     6:13
1587000     3173.9999999387687     337.8055803042042     353.4242653630244     6:13
1587500     3174.999999938745     324.07548984381947     333.314554204729     6:12
1588000     3175.9999999387214     336.7471055554013     315.06181665144055     6:12
1588500     3176.999999938698     324.3185257839815     323.274439920304     6:12
1589000     3177.999999938674     315.1782764418974     276.11791256553033     6:12
1589500     3178.9999999386505     311.406080335321     287.2492188216485     6:12
1590000     3179.999999938627     328.0517558941259     227.77886703564516     6:12
1590500     3180.999999938603     303.7923525524658     291.19734044656707     6:12
1591000     3181.9999999385795     315.09803620313744     273.90132568252545     6:12
1591500     3182.999999938556     315.51377816538536     307.05948809046987     6:12
1592000     3183.9999999385323     319.85738674164133     252.16935762329652     6:12
1592500     3184.9999999385086     349.2208829176742     328.34099821647936     6:12
1593000     3185.999999938485     346.63100987210794     330.468849239396     6:12
1593500     3186.9999999384613     370.02265039457404     336.6502431931349     6:12
1594000     3187.9999999384377     355.0087373272321     308.424671015978     6:12
1594500     3188.999999938414     336.9513576831025     266.56999287515384     6:12
1595000     3189.9999999383904     321.67607755564813     302.86502198651436     6:12
1595500     3190.9999999383667     340.95039964806847     317.7314449530128     6:12
1596000     3191.999999938343     329.2540251712736     263.57084167418236     6:12
1596500     3192.9999999383194     318.6209412461202     247.56500461606578     6:11
1597000     3193.999999938296     318.57302268602973     250.28636664319293     6:11
1597500     3194.999999938272     327.6844597741374     333.41506930874584     6:11
1598000     3195.9999999382485     321.58667239014653     343.0593713435661     6:11
1598500     3196.999999938225     321.5514112865336     275.89690480991084     6:11
1599000     3197.999999938201     292.84957769166783     232.0725031023308     6:11
1599500     3198.9999999381776     291.9363020486519     332.6847230860313     6:11
1600000     3199.999999938154     314.2521500956386     303.8528337556437     6:11
1600500     3200.9999999381303     322.0529412366609     286.4631078775392     6:11
1601000     3201.9999999381066     337.56861491050824     255.0967748822477     6:11
1601500     3202.999999938083     340.78282156577427     324.3980334347249     6:11
1602000     3203.9999999380593     319.44795340311964     329.15407511285497     6:11
1602500     3204.9999999380357     333.92020529325237     300.40997965696016     6:11
1603000     3205.999999938012     307.5282534596927     231.89616439019636     6:11
1603500     3206.9999999379884     329.81369533521877     286.1167842786706     6:11
1604000     3207.9999999379647     281.66230221736043     283.9962111770643     6:11
1604500     3208.999999937941     338.5101975527816     249.1951157429075     6:11
1605000     3209.9999999379174     316.4148799764689     297.46084542563153     6:11
1605500     3210.999999937894     347.15300605125356     280.0053861096156     6:10
1606000     3211.99999993787     333.9293301663771     269.3787717532634     6:10
1606500     3212.9999999378465     321.6393673499364     351.0308460093321     6:10
1607000     3213.999999937823     337.6619060373406     280.1087407814345     6:10
1607500     3214.999999937799     372.44452959559     295.6345710862991     6:10
1608000     3215.9999999377756     343.31849866142636     281.71551298886243     6:10
1608500     3216.999999937752     329.0171034505023     308.89089195809663     6:10
1609000     3217.9999999377283     367.2297980122338     271.31471015622765     6:10
1609500     3218.9999999377046     307.1653005778347     346.4214933597061     6:10
1610000     3219.999999937681     339.0306419221264     327.76998617219135     6:10
1610500     3220.9999999376573     337.9969502052468     307.7394834619445     6:10
1611000     3221.9999999376337     332.4966736380999     266.96187699864754     6:10
1611500     3222.99999993761     333.5864724446709     286.73943356046175     6:10
1612000     3223.9999999375864     365.5815599455292     270.2965157268803     6:10
1612500     3224.9999999375627     340.5525484874388     294.61884509450636     6:10
1613000     3225.999999937539     311.2304919412903     285.59863118564346     6:10
1613500     3226.9999999375154     327.8076901103999     278.5050180388425     6:10
1614000     3227.999999937492     321.0760034384964     311.67751576028155     6:10
1614500     3228.999999937468     326.29826590986056     273.9583751796273     6:09
1615000     3229.9999999374445     344.0426299947643     385.4626723691233     6:09
1615500     3230.999999937421     364.48476151359773     283.56226709479876     6:09
1616000     3231.999999937397     357.5574793635127     233.06593504214376     6:09
1616500     3232.9999999373736     332.27924469386653     316.4473134683851     6:09
1617000     3233.99999993735     340.2490928394707     308.8902783321915     6:09
1617500     3234.9999999373263     337.79858128947365     344.7194662132403     6:09
1618000     3235.9999999373026     347.99773639848274     295.02246460152145     6:09
1618500     3236.999999937279     330.4004748423264     330.39106898727573     6:09
1619000     3237.9999999372553     321.07130722050056     270.0610441281248     6:09
1619500     3238.9999999372317     331.37432365908796     218.97497078969346     6:09
1620000     3239.999999937208     335.7453855955464     311.180191145488     6:09
1620500     3240.9999999371844     313.2816911389657     363.0566115336353     6:09
1621000     3241.9999999371607     337.98632174623265     305.92011260375995     6:09
1621500     3242.999999937137     317.68685238463115     306.7586166609192     6:09
1622000     3243.9999999371134     315.318958947135     290.1991073664056     6:09
1622500     3244.99999993709     293.1426366052175     279.08350020553996     6:09
1623000     3245.999999937066     299.5074338090226     256.28676438264006     6:09
1623500     3246.9999999370425     328.25106317440145     252.86204834237637     6:08
1624000     3247.999999937019     327.0486818790961     319.17122811792325     6:08
1624500     3248.999999936995     335.43551091678876     239.66907249014335     6:08
1625000     3249.9999999369716     327.19199339333034     267.6310254645987     6:08
1625500     3250.999999936948     328.1810769458317     281.4104341086867     6:08
1626000     3251.9999999369243     324.88433997148866     197.8691945010049     6:08
1626500     3252.9999999369006     322.8313875102765     267.1355569450556     6:08
1627000     3253.999999936877     321.6844021419454     278.51080633705016     6:08
1627500     3254.9999999368533     333.9757836350069     222.60731678198505     6:08
1628000     3255.9999999368297     327.25661587775323     331.1880058996794     6:08
1628500     3256.999999936806     339.86540060262655     225.4132099633828     6:08
1629000     3257.9999999367824     294.1571034208981     265.61381794945703     6:08
1629500     3258.9999999367587     300.56903199802593     286.3725002687254     6:08
1630000     3259.999999936735     319.3161356901859     255.7445109202715     6:08
1630500     3260.9999999367114     300.7053031358845     227.566065842324     6:08
1631000     3261.999999936688     305.53962838091104     265.5426931205557     6:08
1631500     3262.999999936664     341.70330661034313     261.57721944106146     6:08
1632000     3263.9999999366405     356.03347844827     331.9651478910626     6:08
1632500     3264.999999936617     315.31699833744926     321.7180609068061     6:07
1633000     3265.999999936593     336.744058533017     254.9411744975708     6:07
1633500     3266.9999999365696     318.8352898342856     287.95345391391254     6:07
1634000     3267.999999936546     320.4398824899663     322.12610756003863     6:07
1634500     3268.9999999365223     312.11096329064685     286.14582663330674     6:07
1635000     3269.9999999364986     333.6299245485611     256.13946762149357     6:07
1635500     3270.999999936475     324.37508929845956     340.28449608383204     6:07
1636000     3271.9999999364513     354.092873047313     368.34423393471076     6:07
1636500     3272.9999999364277     373.1272144111384     374.19802576487916     6:07
1637000     3273.999999936404     343.66838987610413     316.52079308367024     6:07
1637500     3274.9999999363804     332.0514035907503     277.8741158155816     6:07
1638000     3275.9999999363567     306.25321699020003     278.08528889412275     6:07
1638500     3276.999999936333     330.5782117256439     347.50686055550904     6:07
1639000     3277.9999999363095     343.93224719184286     330.6466277805982     6:07
1639500     3278.999999936286     350.0926821557291     313.49150187959765     6:07
1640000     3279.999999936262     332.7078255265491     266.8180246478248     6:07
1640500     3280.9999999362385     340.5059536652436     261.4351653265646     6:07
1641000     3281.999999936215     332.41269765063873     287.56701953278406     6:07
1641500     3282.999999936191     353.6278788425328     323.2716336776925     6:06
1642000     3283.9999999361676     361.3458441026039     243.24045889422112     6:06
1642500     3284.999999936144     318.89830074344445     260.82854748776003     6:06
1643000     3285.9999999361203     314.99137560336214     333.8819470913397     6:06
1643500     3286.9999999360966     346.8649320407101     291.5938305021314     6:06
1644000     3287.999999936073     322.5448052820451     238.09027423521266     6:06
1644500     3288.9999999360493     378.13139219814923     241.52026462666925     6:06
1645000     3289.9999999360257     349.3102140842549     354.2062491623064     6:06
1645500     3290.999999936002     302.80980397633664     368.8926390997091     6:06
1646000     3291.9999999359784     318.5057189342825     290.37062783965615     6:06
1646500     3292.9999999359547     321.7715901462909     277.5106832350118     6:06
1647000     3293.999999935931     332.5564956459838     212.9225757574655     6:06
1647500     3294.9999999359075     323.5737874254195     269.7634494980435     6:06
1648000     3295.999999935884     344.9709587972475     264.98902341503253     6:06
1648500     3296.99999993586     348.85163929738553     261.7401986429381     6:06
1649000     3297.9999999358365     343.8551145910675     326.0614304529717     6:06
1649500     3298.999999935813     345.94170162490207     304.31643578825344     6:06
1650000     3299.999999935789     326.3689166053781     333.2553297263081     6:06
1650500     3300.9999999357656     305.3350230113714     352.79003154909543     6:05
1651000     3301.999999935742     331.7002205080564     251.80800697103967     6:05
1651500     3302.9999999357183     378.47726976775414     246.94786874507042     6:05
1652000     3303.9999999356946     305.89046165054265     318.52727027494467     6:05
1652500     3304.999999935671     310.12021891157053     265.80908914799215     6:05
1653000     3305.9999999356473     306.41866715388096     268.77663149449336     6:05
1653500     3306.9999999356237     360.70445213821256     278.13720669937624     6:05
1654000     3307.9999999356     343.62535564752295     269.48607316744557     6:05
1654500     3308.9999999355764     363.531016408901     256.80380752400686     6:05
1655000     3309.9999999355528     349.0709493952826     260.5732630863714     6:05
1655500     3310.999999935529     322.9550199528121     271.7587242908759     6:05
1656000     3311.9999999355055     326.99588580076727     236.81057746520509     6:05
1656500     3312.999999935482     331.05707662573127     283.05912050946944     6:05
1657000     3313.999999935458     301.12324911030043     295.4475444010605     6:05
1657500     3314.9999999354345     331.80435941078974     240.2627188295029     6:05
1658000     3315.999999935411     307.95650725539656     293.5392511842276     6:05
1658500     3316.999999935387     323.74290268794573     278.83910791826673     6:05
1659000     3317.9999999353636     300.15842906327134     333.6411751081045     6:05
1659500     3318.99999993534     329.61112100132675     303.254464716879     6:04
1660000     3319.9999999353163     326.47195077952813     259.41240375830495     6:04
1660500     3320.9999999352926     307.20833957392915     250.95654213533015     6:04
1661000     3321.999999935269     313.2106611122517     262.46134591825177     6:04
1661500     3322.9999999352453     316.7867135048292     287.00082277671197     6:04
1662000     3323.9999999352217     341.1502426333252     290.85996496814397     6:04
1662500     3324.999999935198     299.13445642352394     321.44548842503576     6:04
1663000     3325.9999999351744     346.3810589713264     351.24215493969183     6:04
1663500     3326.9999999351508     323.38142961038943     253.49148498381803     6:04
1664000     3327.999999935127     317.8034115228388     239.20376271912107     6:04
1664500     3328.9999999351035     350.2501325642552     254.0144206614886     6:04
1665000     3329.99999993508     317.6730576099817     346.39065063748194     6:04
1665500     3330.999999935056     320.46103371778395     398.6881366977843     6:04
1666000     3331.9999999350325     328.4324733265737     315.4738389906264     6:04
1666500     3332.999999935009     324.1421890282662     285.61950725802944     6:04
1667000     3333.999999934985     316.2273817096908     280.79946362702043     6:04
1667500     3334.9999999349616     318.80580608767787     280.39727007165     6:04
1668000     3335.999999934938     332.4475848014862     268.6583492039694     6:04
1668500     3336.9999999349143     319.30291786309374     284.4104753618838     6:03
1669000     3337.9999999348906     354.3317958443249     250.8823636194334     6:03
1669500     3338.999999934867     306.8723810864843     336.63620343888255     6:03
1670000     3339.9999999348433     335.1452397766635     288.2222132608545     6:03
1670500     3340.9999999348197     369.89302896195306     267.32624520735465     6:03
1671000     3341.999999934796     331.5870334815862     338.8748239562321     6:03
1671500     3342.9999999347724     323.97012056284086     238.10916678668445     6:03
1672000     3343.9999999347488     378.37821203661076     285.19231213636664     6:03
1672500     3344.999999934725     373.3989477835022     348.93208346996136     6:03
1673000     3345.9999999347015     333.1097497479087     370.08330613158046     6:03
1673500     3346.999999934678     356.8154852594645     269.4011729657518     6:03
1674000     3347.999999934654     359.8111636369264     321.754261589881     6:03
1674500     3348.9999999346305     297.65524655196464     310.79122922464404     6:03
1675000     3349.999999934607     330.10011127774646     245.41354477844195     6:03
1675500     3350.9999999345832     356.18979611657574     345.42206052828215     6:03
1676000     3351.9999999345596     340.12421256012067     255.59672358939233     6:03
1676500     3352.999999934536     315.6391203033147     346.3390727443287     6:03
1677000     3353.9999999345123     323.23364263189626     339.9348026607434     6:03
1677500     3354.9999999344886     323.1270537843884     335.41043705367235     6:02
1678000     3355.999999934465     319.8074689865548     277.8920519046172     6:02
1678500     3356.9999999344413     321.994230483853     358.69659936468565     6:02
1679000     3357.9999999344177     314.3096729555331     283.13157519753884     6:02
1679500     3358.999999934394     318.1004301936458     254.87849187267997     6:02
1680000     3359.9999999343704     339.6250643720758     271.5342682014728     6:02
1680500     3360.9999999343468     361.9913123995019     255.34487136778878     6:02
1681000     3361.999999934323     327.48196852393767     233.69252045842498     6:02
1681500     3362.9999999342995     349.1135873423749     273.5982607482425     6:02
1682000     3363.999999934276     344.9876263993133     269.3503903805324     6:02
1682500     3364.999999934252     351.2443958580569     293.04865752026586     6:02
1683000     3365.9999999342285     318.34107202203995     325.4573062635847     6:02
1683500     3366.999999934205     345.064886548882     369.5976566114218     6:02
1684000     3367.9999999341812     345.4867181414894     319.6703681240888     6:02
1684500     3368.9999999341576     336.25394440864045     298.3503342028902     6:02
1685000     3369.999999934134     308.96519194871917     247.675664467554     6:02
1685500     3370.9999999341103     339.4862729640871     320.1757563613006     6:02
1686000     3371.9999999340866     347.1347930707459     292.2245265742133     6:02
1686500     3372.999999934063     323.1797745003629     268.12456793666826     6:01
1687000     3373.9999999340394     321.40202987462135     260.57937754842357     6:01
1687500     3374.9999999340157     307.14005943607833     272.92686459183255     6:01
1688000     3375.999999933992     320.48317810777587     244.83362769103806     6:01
1688500     3376.9999999339684     317.9694824785639     296.75872245052494     6:01
1689000     3377.9999999339448     363.8393297663033     257.3305903075334     6:01
1689500     3378.999999933921     345.7484499329797     226.06347087704435     6:01
1690000     3379.9999999338975     320.9286311915654     254.9351117993563     6:01
1690500     3380.999999933874     330.4606162010043     302.27333913702995     6:01
1691000     3381.99999993385     322.9190053334853     251.61806461417828     6:01
1691500     3382.9999999338265     356.0891266928744     321.96010880567167     6:01
1692000     3383.999999933803     333.76330334000215     286.5546635024518     6:01
1692500     3384.9999999337792     336.44089156143446     303.871916431445     6:01
1693000     3385.9999999337556     346.15872712694204     255.89250055959928     6:01
1693500     3386.999999933732     360.8239367595671     254.66493012553     6:01
1694000     3387.9999999337083     337.7418591158802     337.40578477765104     6:01
1694500     3388.9999999336846     306.0163459103949     290.68705004798625     6:01
1695000     3389.999999933661     333.90903172958906     339.49569046949415     6:01
1695500     3390.9999999336374     311.66595037587797     384.80945126144894     6:00
1696000     3391.9999999336137     320.02832859929686     346.866999490908     6:00
1696500     3392.99999993359     351.0289399300142     291.8488349896797     6:00
1697000     3393.9999999335664     330.91289404004203     377.37514303390657     6:00
1697500     3394.9999999335428     323.34100744395573     329.2550079765527     6:00
1698000     3395.999999933519     320.05989695785524     296.80225098618524     6:00
1698500     3396.9999999334955     328.74906370451833     290.41488539615244     6:00
1699000     3397.999999933472     323.07194204177574     297.20638235940896     6:00
1699500     3398.999999933448     325.1127953164165     329.53903345767736     6:00
1700000     3399.9999999334245     345.1836988892286     263.18929157281025     6:00
1700500     3400.999999933401     316.1612870979809     235.0354146924006     6:00
1701000     3401.9999999333772     318.89275075415856     284.45454205133797     6:00
1701500     3402.9999999333536     347.51887615690464     254.04828517443207     6:00
1702000     3403.99999993333     344.92882319489524     327.86939870323585     6:00
1702500     3404.9999999333063     362.72208578480013     315.3328714000517     6:00
1703000     3405.9999999332827     348.60887676157506     341.3740986788574     6:00
1703500     3406.999999933259     332.63807095699894     302.21080469137195     6:00
1704000     3407.9999999332354     359.76822336375596     297.26995528678736     6:00
1704500     3408.9999999332117     370.0620243094395     390.655171436601     6:00
1705000     3409.999999933188     314.01604588737166     339.8401469212261     5:59
1705500     3410.9999999331644     332.43697673001543     283.8886270154317     5:59
1706000     3411.9999999331408     322.9424787066275     273.08127573220816     5:59
1706500     3412.999999933117     313.3884056175052     267.1365318037559     5:59
1707000     3413.9999999330935     337.83412402522697     252.12945115158016     5:59
1707500     3414.99999993307     308.9314969247473     273.2379584751584     5:59
1708000     3415.999999933046     307.7084377366656     298.19976282601084     5:59
1708500     3416.9999999330225     345.5105993310964     285.765913906403     5:59
1709000     3417.999999932999     317.3973067196174     267.225733005568     5:59
1709500     3418.9999999329752     346.74724723744885     211.30716804814017     5:59
1710000     3419.9999999329516     316.10124536807757     252.75428765733844     5:59
1710500     3420.999999932928     317.04155379585984     255.35081540959547     5:59
1711000     3421.9999999329043     371.00659981511046     410.84352294047727     5:59
1711500     3422.9999999328807     376.38214787757545     349.665362228718     5:59
1712000     3423.999999932857     381.45351226187984     324.2382153467601     5:59
1712500     3424.9999999328334     349.1717297421302     354.65925011918404     5:59
1713000     3425.9999999328097     337.3181191135533     326.2096140775235     5:59
1713500     3426.999999932786     342.37445650173254     294.122356975903     5:59
1714000     3427.9999999327624     356.7582522309765     308.57540328297017     5:58
1714500     3428.999999932739     373.4446820242572     332.94136615899225     5:58
1715000     3429.999999932715     354.6376066048218     295.2242283431773     5:58
1715500     3430.9999999326915     355.4260741724971     286.43916873333853     5:58
1716000     3431.999999932668     328.5930030045944     332.78595855666794     5:58
1716500     3432.999999932644     357.28873360237196     242.96599559538714     5:58
1717000     3433.9999999326205     328.7211591346762     269.7140315987537     5:58
1717500     3434.999999932597     336.36938845130896     226.43948949730253     5:58
1718000     3435.9999999325732     338.47738695415444     331.725921339322     5:58
1718500     3436.9999999325496     346.71090521831195     313.68939151133685     5:58
1719000     3437.999999932526     358.2059626053608     313.98177820850884     5:58
1719500     3438.9999999325023     336.3316343054678     278.3543144873791     5:58
1720000     3439.9999999324787     316.75136571719383     366.7075618140965     5:58
1720500     3440.999999932455     353.2925739756097     261.97496346187023     5:58
1721000     3441.9999999324314     334.4173200959741     428.18532848619003     5:58
1721500     3442.9999999324077     355.104667524305     345.0276849592898     5:58
1722000     3443.999999932384     377.9669229505423     335.7964143194261     5:58
1722500     3444.9999999323604     350.77452761109726     321.3701984397616     5:58
1723000     3445.999999932337     351.52441444880117     344.3196007066008     5:57
1723500     3446.999999932313     334.2335236539042     384.06698112773057     5:57
1724000     3447.9999999322895     331.2187935494085     353.48905978619064     5:57
1724500     3448.999999932266     334.4623761882983     353.4086013609413     5:57
1725000     3449.999999932242     355.0673200319544     281.5864230193414     5:57
1725500     3450.9999999322185     344.76155724721116     267.35904300137196     5:57
1726000     3451.999999932195     316.11303687505426     300.18257901894617     5:57
1726500     3452.9999999321712     326.7770748052577     283.6571182161626     5:57
1727000     3453.9999999321476     336.0576219442404     276.0829722657053     5:57
1727500     3454.999999932124     358.23331369989535     340.17658572606314     5:57
1728000     3455.9999999321003     301.981772927325     335.7989802460799     5:57
1728500     3456.9999999320767     336.60216586548177     258.9415972199089     5:57
1729000     3457.999999932053     341.39272307646286     264.01484792154594     5:57
1729500     3458.9999999320294     305.80709036499     281.9311513684617     5:57
1730000     3459.9999999320057     342.01877175154493     271.7889275860056     5:57
1730500     3460.999999931982     326.97564612736505     287.87983688872697     5:57
1731000     3461.9999999319584     336.21348761245144     354.0918530830704     5:57
1731500     3462.999999931935     372.48949478468387     332.99055889123906     5:57
1732000     3463.999999931911     340.811939509838     374.18377924590266     5:56
1732500     3464.9999999318875     352.2418683381869     285.7177652706222     5:56
1733000     3465.999999931864     334.6007572789025     266.1960940211854     5:56
1733500     3466.99999993184     329.76869599946633     280.69303068603426     5:56
1734000     3467.9999999318165     361.15385414313903     373.7457921269732     5:56
1734500     3468.999999931793     335.144018165939     230.33219474109978     5:56
1735000     3469.9999999317693     339.7590502789569     269.2218728163683     5:56
1735500     3470.9999999317456     334.6697301407439     298.39734374765123     5:56
1736000     3471.999999931722     351.65295085405023     273.64187312162187     5:56
1736500     3472.9999999316983     368.95928582553574     314.8648000460484     5:56
1737000     3473.9999999316747     316.24200963782187     292.51457111918836     5:56
1737500     3474.999999931651     313.74039231451366     267.947666781213     5:56
1738000     3475.9999999316274     306.91952321181077     252.73126146028602     5:56
1738500     3476.9999999316037     312.12917272189964     351.0497393257171     5:56
1739000     3477.99999993158     337.3949299759082     227.59266113257465     5:56
1739500     3478.9999999315564     331.9077849693699     244.21458795202548     5:56
1740000     3479.999999931533     339.1747890424034     364.9320271764048     5:56
1740500     3480.999999931509     349.3009616632821     261.2416665308742     5:56
1741000     3481.9999999314855     322.71982389445077     331.73995974538946     5:55
1741500     3482.999999931462     328.91321481270825     291.9606763071695     5:55
1742000     3483.999999931438     339.57114017210085     248.10154062047556     5:55
1742500     3484.9999999314145     340.1683751295204     333.1484807976564     5:55
1743000     3485.999999931391     353.0720277526292     250.33848223603587     5:55
1743500     3486.9999999313673     342.03098871634995     286.3261984846527     5:55
1744000     3487.9999999313436     321.0337257794715     291.14516202589084     5:55
1744500     3488.99999993132     317.9625995513062     300.7504350514349     5:55
1745000     3489.9999999312963     336.02488147056806     287.5373467362612     5:55
1745500     3490.9999999312727     309.69858016948604     319.71101523363467     5:55
1746000     3491.999999931249     337.9992626204088     396.90547040472313     5:55
1746500     3492.9999999312254     340.24702836831887     352.88737929880017     5:55
1747000     3493.9999999312017     357.00358633793996     311.90163586911734     5:55
1747500     3494.999999931178     334.2147320127383     293.78375122638147     5:55
1748000     3495.9999999311544     327.8998868084574     294.5429781830161     5:55
1748500     3496.999999931131     330.82990366831325     292.3317195200669     5:55
1749000     3497.999999931107     347.1218754115454     344.5518954653127     5:55
1749500     3498.9999999310835     346.45868121866886     346.6367602377016     5:55
1750000     3499.99999993106     343.4442836137647     281.12332428752666     5:54
1750500     3500.999999931036     336.9343786583505     227.9018688528999     5:54
1751000     3501.9999999310126     332.99791524012664     295.0029245721931     5:54
1751500     3502.999999930989     322.457997363692     290.87375760900386     5:54
1752000     3503.9999999309653     316.88195016546103     281.72040391266717     5:54
1752500     3504.9999999309416     330.00619290844793     323.9246465432905     5:54
1753000     3505.999999930918     314.2747274715224     345.6594211034657     5:54
1753500     3506.9999999308943     334.3394156532205     241.78250163318472     5:54
1754000     3507.9999999308707     338.52901391410467     314.3591493083769     5:54
1754500     3508.999999930847     338.6128174768106     370.9513983321743     5:54
1755000     3509.9999999308234     358.2289959738763     309.11334890742074     5:54
1755500     3510.9999999307997     312.3442554978168     356.10782070414183     5:54
1756000     3511.999999930776     293.05633189118043     268.6787731541082     5:54
1756500     3512.9999999307524     300.42285784500484     235.85974693778144     5:54
1757000     3513.999999930729     344.7845433728156     407.2534356390837     5:54
1757500     3514.999999930705     387.88156390293364     288.603036884374     5:54
1758000     3515.9999999306815     329.6915857769494     273.43439500587897     5:54
1758500     3516.999999930658     322.4480822227987     247.01015611265524     5:54
1759000     3517.999999930634     317.1961391174044     298.76590056872465     5:53
1759500     3518.9999999306106     339.1100515943507     347.90035397570637     5:53
1760000     3519.999999930587     327.1642749723119     323.9496700962971     5:53
1760500     3520.9999999305633     325.14832674960905     293.1481346834508     5:53
1761000     3521.9999999305396     350.27844059588926     305.1122578729272     5:53
1761500     3522.999999930516     341.92684764428327     368.28860327697333     5:53
1762000     3523.9999999304923     353.83583396464064     285.5267091758809     5:53
1762500     3524.9999999304687     341.34101796806374     327.68348072642135     5:53
1763000     3525.999999930445     340.37142318173085     265.3876367486255     5:53
1763500     3526.9999999304214     346.3113740178529     287.7158130454593     5:53
1764000     3527.9999999303977     323.57334273751815     265.37845711175174     5:53
1764500     3528.999999930374     389.4254821503072     248.38871165083978     5:53
1765000     3529.9999999303504     326.04678416620914     295.385529030767     5:53
1765500     3530.999999930327     299.33177128002967     282.9792287254816     5:53
1766000     3531.999999930303     320.4052514746837     275.8564035303657     5:53
1766500     3532.9999999302795     374.0400732723358     251.41969092758737     5:53
1767000     3533.999999930256     333.23841337591     363.6162700536171     5:53
1767500     3534.999999930232     336.3085854179893     319.35741739472684     5:53
1768000     3535.9999999302086     317.98312759415603     341.6889142020873     5:52
1768500     3536.999999930185     327.17932441834057     306.81446086466957     5:52
1769000     3537.9999999301613     354.58477043527785     313.89034609185467     5:52
1769500     3538.9999999301376     380.5035943003294     310.0080400512809     5:52
1770000     3539.999999930114     336.05068166717183     364.2003714222427     5:52
1770500     3540.9999999300903     362.28549912737276     376.3358043846762     5:52
1771000     3541.9999999300667     343.21886911615684     362.80014233614787     5:52
1771500     3542.999999930043     345.7929788584462     280.7574892900924     5:52
1772000     3543.9999999300194     346.77156685981583     286.4763862666299     5:52
1772500     3544.9999999299957     374.318638944698     332.14437029781396     5:52
1773000     3545.999999929972     375.0521310196349     373.9525918716489     5:52
1773500     3546.9999999299484     332.28452872803757     271.2353195074625     5:52
1774000     3547.999999929925     317.9301429616688     288.37638644257754     5:52
1774500     3548.999999929901     321.46935611375227     295.91935876813704     5:52
1775000     3549.9999999298775     350.7757349033153     261.30642661165655     5:52
1775500     3550.999999929854     354.6033314766238     282.2514702748584     5:52
1776000     3551.99999992983     350.7945430994149     292.9064734633592     5:52
1776500     3552.9999999298066     304.3630605737677     293.02691108964706     5:52
1777000     3553.999999929783     306.6481164558811     269.3428664982452     5:51
1777500     3554.9999999297593     308.6749896329933     346.0634746371818     5:51
1778000     3555.9999999297356     319.6974511786807     325.5292708824451     5:51
1778500     3556.999999929712     331.6597753733789     248.30458827806794     5:51
1779000     3557.9999999296883     354.48720135216945     326.4560842485552     5:51
1779500     3558.9999999296647     331.4142583418917     387.1789103843617     5:51
1780000     3559.999999929641     364.7519873066634     306.5180841379076     5:51
1780500     3560.9999999296174     329.69801981810053     309.48195845301444     5:51
1781000     3561.9999999295937     349.8460517314335     321.70891688784434     5:51
1781500     3562.99999992957     335.74643208023053     362.0462866768986     5:51
1782000     3563.9999999295464     312.4841001253442     291.5557690979983     5:51
1782500     3564.999999929523     307.0950746471916     361.554412708642     5:51
1783000     3565.999999929499     329.70931686643894     271.4896397972827     5:51
1783500     3566.9999999294755     340.7209983000125     273.7640711220399     5:51
1784000     3567.999999929452     319.884695133337     341.4078395947398     5:51
1784500     3568.999999929428     358.8180448838233     287.1724129398142     5:51
1785000     3569.9999999294046     334.8004714817829     267.4657749992117     5:51
1785500     3570.999999929381     327.78968455897586     226.65634445625525     5:51
1786000     3571.9999999293573     339.07437818002234     253.77857177281504     5:51
1786500     3572.9999999293336     304.5675671443422     283.26212852881434     5:50
1787000     3573.99999992931     318.7101246559123     324.5807856476009     5:50
1787500     3574.9999999292863     330.46969191351286     362.3874827657135     5:50
1788000     3575.9999999292627     310.77426714888816     348.2365972049457     5:50
1788500     3576.999999929239     352.71142052521986     215.291224081564     5:50
1789000     3577.9999999292154     362.21646020583546     305.7355771137582     5:50
1789500     3578.9999999291917     339.96378921619396     316.8729309837598     5:50
1790000     3579.999999929168     343.3401218416233     311.89045577627166     5:50
1790500     3580.9999999291445     328.35455475886636     335.81887171973597     5:50
1791000     3581.999999929121     385.45648973115647     317.0787253539358     5:50
1791500     3582.999999929097     333.530576318759     395.6768735095751     5:50
1792000     3583.9999999290735     346.18908141734175     373.5239185783814     5:50
1792500     3584.99999992905     318.438656316113     397.557112376283     5:50
1793000     3585.999999929026     331.2220936768066     296.052767223814     5:50
1793500     3586.9999999290026     360.371874589915     282.8598125469625     5:50
1794000     3587.999999928979     375.7604590870633     251.37303405424433     5:50
1794500     3588.9999999289553     326.1817352916445     309.2962165959572     5:50
1795000     3589.9999999289316     326.35240705566343     277.7324950658027     5:50
1795500     3590.999999928908     340.1151675965858     309.52189420536706     5:49
1796000     3591.9999999288843     359.9179912157415     294.1999031605387     5:49
1796500     3592.9999999288607     346.72311663327207     266.465008990632     5:49
1797000     3593.999999928837     360.602887656382     255.20256176016403     5:49
1797500     3594.9999999288134     338.9343777105677     288.7773124459071     5:49
1798000     3595.9999999287897     348.0343676084275     317.55891501630674     5:49
1798500     3596.999999928766     367.48006164254696     315.05953232587643     5:49
1799000     3597.9999999287425     334.7648349693553     361.98908211836306     5:49
1799500     3598.999999928719     343.73641972205553     349.67905428046095     5:49
1800000     3599.999999928695     324.4377671380132     330.5111929870304     5:49
1800500     3600.9999999286715     364.5134780642744     279.27378738286296     5:49
1801000     3601.999999928648     339.99203542163184     375.14157415690596     5:49
1801500     3602.999999928624     325.11339172336204     304.19196723474585     5:49
1802000     3603.9999999286006     320.1896079986258     244.29388022972014     5:49
1802500     3604.999999928577     325.26847055170913     385.4525113183035     5:49
1803000     3605.9999999285533     319.86938299928147     303.48474690210173     5:49
1803500     3606.9999999285296     323.3045940742942     279.04944488004696     5:49
1804000     3607.999999928506     338.68577909458384     298.6269774802072     5:49
1804500     3608.9999999284823     364.2390745179025     273.83093521068844     5:48
1805000     3609.9999999284587     313.3289387612548     333.13102963535243     5:48
1805500     3610.999999928435     316.47605997354094     284.9117535245483     5:48
1806000     3611.9999999284114     333.72755438978845     323.8179727454581     5:48
1806500     3612.9999999283878     325.41360660147427     294.3997147063945     5:48
1807000     3613.999999928364     331.51686571158587     283.19698969690756     5:48
1807500     3614.9999999283405     342.8766524352111     263.63978308148205     5:48
1808000     3615.999999928317     352.8910945470361     290.33699417207595     5:48
1808500     3616.999999928293     330.5209772203756     294.92850494515176     5:48
1809000     3617.9999999282695     358.2192370785534     364.48806220610027     5:48
1809500     3618.999999928246     347.81123556661885     324.3987191521882     5:48
1810000     3619.999999928222     342.23173910873163     301.2885772363847     5:48
1810500     3620.9999999281986     391.9888673123809     284.104489288564     5:48
1811000     3621.999999928175     346.872987716481     320.1247776111572     5:48
1811500     3622.9999999281513     362.29678567327664     281.2076294311297     5:48
1812000     3623.9999999281276     333.2601434844047     273.7009283947781     5:48
1812500     3624.999999928104     326.2459490512987     289.34848486767487     5:48
1813000     3625.9999999280803     338.5962971310871     304.51711666303925     5:48
1813500     3626.9999999280567     360.4516010356775     243.50844167057602     5:47
1814000     3627.999999928033     318.3185652481453     329.7355070110055     5:47
1814500     3628.9999999280094     326.4260128532238     353.93680959155233     5:47
1815000     3629.9999999279858     315.9144778199013     297.9457366362451     5:47
1815500     3630.999999927962     322.02423331205523     266.59533311434666     5:47
1816000     3631.9999999279385     374.8051433177849     304.2223173286318     5:47
1816500     3632.999999927915     317.45308698504937     332.88860037779546     5:47
1817000     3633.999999927891     321.7754503587656     302.90032447174417     5:47
1817500     3634.9999999278675     347.2869882597579     221.44056276213368     5:47
1818000     3635.999999927844     341.0142748868436     250.29132668770544     5:47
1818500     3636.99999992782     327.82166081389187     232.98988708638893     5:47
1819000     3637.9999999277966     353.39789810391335     399.40797744479255     5:47
1819500     3638.999999927773     337.0232006712937     376.9364708594967     5:47
1820000     3639.9999999277493     326.69440260790475     272.34369453634565     5:47
1820500     3640.9999999277256     304.44611735556975     306.66262972212206     5:47
1821000     3641.999999927702     321.8801941193815     240.1084430727141     5:47
1821500     3642.9999999276783     319.4034821787883     233.31928938379636     5:47
1822000     3643.9999999276547     339.67082312590253     345.9475295016908     5:47
1822500     3644.999999927631     333.92067540028586     350.469173656479     5:46
1823000     3645.9999999276074     359.01220183720454     233.13863137013675     5:46
1823500     3646.9999999275838     306.6844170805308     321.88866114705945     5:46
1824000     3647.99999992756     360.9420826224256     269.13783995765584     5:46
1824500     3648.9999999275365     337.42477611672143     347.20015257565177     5:46
1825000     3649.999999927513     337.2005423494712     363.759203943458     5:46
1825500     3650.999999927489     309.76783862781167     313.3514648433032     5:46
1826000     3651.9999999274655     355.6190894273452     287.5336980799777     5:46
1826500     3652.999999927442     375.38747685181613     311.6917832931803     5:46
1827000     3653.9999999274182     334.17153724267473     322.9844720119652     5:46
1827500     3654.9999999273946     323.1265857148969     277.6854061759264     5:46
1828000     3655.999999927371     349.30997918208743     261.0616310395248     5:46
1828500     3656.9999999273473     340.97684608853933     314.3420775753263     5:46
1829000     3657.9999999273236     308.2156335905121     410.11171171719684     5:46
1829500     3658.9999999273     329.58875223119105     297.72476851080023     5:46
1830000     3659.9999999272763     326.3698670435962     316.7236116063584     5:46
1830500     3660.9999999272527     350.034028805856     372.968037543024     5:46
1831000     3661.999999927229     360.6792596403062     359.8664731921255     5:46
1831500     3662.9999999272054     337.11333838057146     296.89873319317945     5:45
1832000     3663.9999999271818     330.4072650370671     267.72941616844514     5:45
1832500     3664.999999927158     332.51278753871486     275.7728756193327     5:45
1833000     3665.9999999271345     346.8367786255711     243.74294144606526     5:45
1833500     3666.999999927111     327.21514519542995     292.9526828120074     5:45
1834000     3667.999999927087     347.80802274412963     319.85921755516836     5:45
1834500     3668.9999999270635     356.9434589597207     292.62938360184756     5:45
1835000     3669.99999992704     322.5229861585956     258.845754246258     5:45
1835500     3670.9999999270162     326.1904278127204     281.04265611055695     5:45
1836000     3671.9999999269926     317.4128216887542     293.0496087413309     5:45
1836500     3672.999999926969     353.66614302062965     392.2422770669716     5:45
1837000     3673.9999999269453     339.5741673622515     308.8478120450541     5:45
1837500     3674.9999999269216     333.75326558297513     221.31409252556372     5:45
1838000     3675.999999926898     317.48349519090164     233.43629666286185     5:45
1838500     3676.9999999268744     338.09908846038525     313.18995831130707     5:45
1839000     3677.9999999268507     347.14992835170654     320.5580799332421     5:45
1839500     3678.999999926827     318.43753243417007     306.42665688117705     5:45
1840000     3679.9999999268034     333.10294829042255     270.96513594658114     5:45
1840500     3680.9999999267798     342.2001179312567     285.49316230173326     5:45
1841000     3681.999999926756     353.2157036366276     287.82483361322335     5:44
1841500     3682.9999999267325     344.5687543857821     359.65452173162623     5:44
1842000     3683.999999926709     338.3459125723638     246.12015009663122     5:44
1842500     3684.999999926685     320.0811606309304     280.14773705081     5:44
1843000     3685.9999999266615     348.19901274030474     283.0505123737808     5:44
1843500     3686.999999926638     385.68410623833483     256.5610744889313     5:44
1844000     3687.9999999266142     361.9313571008563     260.2822952770016     5:44
1844500     3688.9999999265906     321.2618684852673     327.8524748022807     5:44
1845000     3689.999999926567     311.15626675660735     298.0393879135074     5:44
1845500     3690.9999999265433     342.20727277817093     295.35011002039164     5:44
1846000     3691.9999999265196     362.538311235185     249.1786010604385     5:44
1846500     3692.999999926496     346.2378958942402     273.2032657892495     5:44
1847000     3693.9999999264724     340.42275147842054     296.70523602822755     5:44
1847500     3694.9999999264487     344.18208092905354     302.96533856022916     5:44
1848000     3695.999999926425     338.4413836290844     352.1706525518926     5:44
1848500     3696.9999999264014     317.2331015455725     278.19808031053583     5:44
1849000     3697.9999999263778     364.24452547764474     367.61697720258184     5:44
1849500     3698.999999926354     346.192031945906     327.3006378046347     5:44
1850000     3699.9999999263305     319.47520837037746     363.21802869793277     5:43
1850500     3700.999999926307     337.8032159967637     299.52592859738866     5:43
1851000     3701.999999926283     324.4672995083372     299.4373879576876     5:43
1851500     3702.9999999262595     382.03527938319576     243.75461099457473     5:43
1852000     3703.999999926236     349.0621839243082     310.03526547260924     5:43
1852500     3704.9999999262122     315.60645747413173     329.70911836842106     5:43
1853000     3705.9999999261886     352.35348610585663     288.92176705590333     5:43
1853500     3706.999999926165     330.1928867333793     311.2089209795868     5:43
1854000     3707.9999999261413     360.43596530562615     309.36703977052923     5:43
1854500     3708.9999999261177     348.5599231869818     382.7670209848698     5:43
1855000     3709.999999926094     320.41538765793246     361.1948312219718     5:43
1855500     3710.9999999260704     333.1248673014055     269.39421168218996     5:43
1856000     3711.9999999260467     342.4373919077451     235.91588909844418     5:43
1856500     3712.999999926023     341.2824845285387     276.017228785028     5:43
1857000     3713.9999999259994     348.13271150921616     355.8692109348349     5:43
1857500     3714.9999999259758     372.62229311039823     348.507681032369     5:43
1858000     3715.999999925952     311.1449198135924     344.3795574713711     5:43
1858500     3716.9999999259285     356.7461412346082     330.2436801620611     5:43
1859000     3717.999999925905     315.4188632152194     322.65958498725576     5:42
1859500     3718.999999925881     305.6030877494418     321.9082035942402     5:42
1860000     3719.9999999258575     316.641603472509     328.94808578062657     5:42
1860500     3720.999999925834     370.52773431203013     285.9164203806976     5:42
1861000     3721.9999999258102     349.1602340613149     319.55941524423196     5:42
1861500     3722.9999999257866     339.6254449921354     318.2905160519268     5:42
1862000     3723.999999925763     317.28785167957733     318.212515860007     5:42
1862500     3724.9999999257393     287.6392939283538     341.25299952170286     5:42
1863000     3725.9999999257157     329.4682595236105     256.8480625213739     5:42
1863500     3726.999999925692     324.15831767143163     319.3165518630985     5:42
1864000     3727.9999999256684     329.9003329257249     261.20800829827715     5:42
1864500     3728.9999999256447     319.7269284952871     321.7636628457305     5:42
1865000     3729.999999925621     328.1974954009344     284.73669444160714     5:42
1865500     3730.9999999255974     345.99128323646903     234.3398970154866     5:42
1866000     3731.999999925574     350.4501616924931     320.8061894646911     5:42
1866500     3732.99999992555     334.08068225316333     315.6442260642961     5:42
1867000     3733.9999999255265     324.10022724255487     309.40175731309074     5:42
1867500     3734.999999925503     329.85604353172073     283.2063934715215     5:42
1868000     3735.999999925479     361.40147713761917     410.13317439931785     5:41
1868500     3736.9999999254555     338.50907021084936     281.2466461089553     5:41
1869000     3737.999999925432     338.26283377268624     257.8080109275056     5:41
1869500     3738.9999999254082     355.1341955671685     309.1702865939873     5:41
1870000     3739.9999999253846     338.2383371755178     304.7975300584021     5:41
1870500     3740.999999925361     346.0397258120904     238.81639404593062     5:41
1871000     3741.9999999253373     319.68695479933695     292.9046496841789     5:41
1871500     3742.9999999253137     335.8144099310025     237.35695652642858     5:41
1872000     3743.99999992529     361.36717887804946     325.1892212835202     5:41
1872500     3744.9999999252664     335.1558170562238     290.2897687128965     5:41
1873000     3745.9999999252427     348.51892338265986     179.95858777260645     5:41
1873500     3746.999999925219     343.36387100288846     286.3901441003604     5:41
1874000     3747.9999999251954     318.127635755945     355.5867276802386     5:41
1874500     3748.999999925172     350.5190174334267     311.54970311915935     5:41
1875000     3749.999999925148     348.27986251859113     301.269202900582     5:41
1875500     3750.9999999251245     337.8835254452134     344.3184985534225     5:41
1876000     3751.999999925101     360.67977917602695     301.85990866322845     5:41
1876500     3752.999999925077     354.26901928546454     360.3609848042103     5:41
1877000     3753.9999999250535     353.915236680518     348.8936830982646     5:40
1877500     3754.99999992503     325.1121883200202     290.5554623683473     5:40
1878000     3755.9999999250063     336.45287501762004     254.79796013685512     5:40
1878500     3756.9999999249826     335.24317103817987     310.8848044707423     5:40
1879000     3757.999999924959     325.44331754376674     304.49699502921277     5:40
1879500     3758.9999999249353     336.8133610460832     319.4995750368991     5:40
1880000     3759.9999999249117     339.95186926736994     372.9991495469966     5:40
1880500     3760.999999924888     336.6721755219435     266.511372605527     5:40
1881000     3761.9999999248644     354.7237806236989     295.74652154621003     5:40
1881500     3762.9999999248407     338.16169481971076     283.7949549260712     5:40
1882000     3763.999999924817     332.3000495277613     370.1236768551707     5:40
1882500     3764.9999999247934     334.3948721069014     266.394318971509     5:40
1883000     3765.99999992477     318.5860969661061     277.6944284869004     5:40
1883500     3766.999999924746     302.59345542881385     306.8224821766896     5:40
1884000     3767.9999999247225     328.3213945147438     300.8928663993392     5:40
1884500     3768.999999924699     315.7049812816597     326.2458018216572     5:40
1885000     3769.999999924675     346.1366892187335     317.1929158632462     5:40
1885500     3770.9999999246515     319.27471337423606     363.0576172149077     5:40
1886000     3771.999999924628     325.082931619483     340.12576862085456     5:39
1886500     3772.9999999246043     331.60606425549577     308.68249360532013     5:39
1887000     3773.9999999245806     353.78006947059544     320.8338798240951     5:39
1887500     3774.999999924557     342.64984515637354     257.8357749244401     5:39
1888000     3775.9999999245333     341.99772197449613     277.1218855343779     5:39
1888500     3776.9999999245097     342.1699249841664     252.81442678226622     5:39
1889000     3777.999999924486     350.61132412584857     279.5135075720621     5:39
1889500     3778.9999999244624     336.73048496374236     306.92275263764066     5:39
1890000     3779.9999999244387     367.62432429452633     250.78826161251     5:39
1890500     3780.999999924415     310.65886188833235     329.38513751764407     5:39
1891000     3781.9999999243914     320.83629562451927     317.8840250808334     5:39
1891500     3782.999999924368     345.4285626825955     298.08846865357725     5:39
1892000     3783.999999924344     308.7858767875414     326.3267107888712     5:39
1892500     3784.9999999243205     340.56861134087217     269.97707394789575     5:39
1893000     3785.999999924297     342.2398078954892     336.55433949465754     5:39
1893500     3786.999999924273     349.46403327753603     314.99472952297475     5:39
1894000     3787.9999999242496     351.9895466206036     261.73495476919817     5:39
1894500     3788.999999924226     341.5111100875059     281.8537724717618     5:39
1895000     3789.9999999242023     321.3812600759277     274.8280870022442     5:38
1895500     3790.9999999241786     344.9420887031655     335.6451152254943     5:38
1896000     3791.999999924155     356.1646562390787     242.73539787033891     5:38
1896500     3792.9999999241313     321.05446179404214     275.51311689938643     5:38
1897000     3793.9999999241077     344.61610191640614     226.656088842033     5:38
1897500     3794.999999924084     322.94180556126696     312.11886500182464     5:38
1898000     3795.9999999240604     339.57612604066014     295.58563972833355     5:38
1898500     3796.9999999240367     317.59602275197597     286.46209328371583     5:38
1899000     3797.999999924013     304.017882664284     257.5332407269164     5:38
1899500     3798.9999999239894     292.85257331396804     350.51956967594595     5:38
1900000     3799.999999923966     305.28666184908343     373.3136303611508     5:38
1900500     3800.999999923942     320.5113017525031     231.33680182503218     5:38
1901000     3801.9999999239185     333.23142910041213     292.8749663685854     5:38
1901500     3802.999999923895     330.93366252117494     274.5326898942032     5:38
1902000     3803.999999923871     299.55540673810765     356.22195444437756     5:38
1902500     3804.9999999238476     344.32658520663074     262.77088929218934     5:38
1903000     3805.999999923824     346.7994652766813     299.16893356893496     5:38
1903500     3806.9999999238003     370.70326488002286     326.80874131281183     5:38
1904000     3807.9999999237766     344.47056049915864     273.4635357537862     5:38
1904500     3808.999999923753     333.8156778756238     255.20972661155682     5:37
1905000     3809.9999999237293     320.54652656757764     252.01781815689628     5:37
1905500     3810.9999999237057     328.56507445818704     327.8643738005399     5:37
1906000     3811.999999923682     341.78708337886326     262.05284185699963     5:37
1906500     3812.9999999236584     360.77408950861275     278.37679266749524     5:37
1907000     3813.9999999236347     354.1535960243534     350.80270249727795     5:37
1907500     3814.999999923611     383.5544672802283     355.52080699802707     5:37
1908000     3815.9999999235874     348.83362393236746     368.98555428422003     5:37
1908500     3816.999999923564     335.06289129154584     299.7663692016453     5:37
1909000     3817.99999992354     334.5164149761681     310.9714245848765     5:37
1909500     3818.9999999235165     359.5337824010322     273.591672790774     5:37
1910000     3819.999999923493     321.55576748568956     261.26151418448796     5:37
1910500     3820.999999923469     346.90089518791876     328.06835519315985     5:37
1911000     3821.9999999234456     332.08929435319703     291.80480682642235     5:37
1911500     3822.999999923422     318.4937507346266     286.19766642144737     5:37
1912000     3823.9999999233983     314.5098009786028     322.991329913165     5:37
1912500     3824.9999999233746     310.8423770339074     311.8935247615317     5:37
1913000     3825.999999923351     321.5380580442502     308.49279036154496     5:37
1913500     3826.9999999233273     324.6526743898452     339.96433003091374     5:36
1914000     3827.9999999233037     353.2238832697245     338.1003643682105     5:36
1914500     3828.99999992328     365.16753017577196     286.3594762708031     5:36
1915000     3829.9999999232564     345.081972788719     331.1427747196461     5:36
1915500     3830.9999999232327     308.9506800276139     327.0122655174004     5:36
1916000     3831.999999923209     341.0874881411281     374.59882218100927     5:36
1916500     3832.9999999231854     343.5198217120691     294.90555273680377     5:36
1917000     3833.999999923162     320.0209696979804     337.739777620062     5:36
1917500     3834.999999923138     372.56827578673983     282.9955474690696     5:36
1918000     3835.9999999231145     372.435079188661     310.3243535894582     5:36
1918500     3836.999999923091     335.5591353154721     329.54532525043123     5:36
1919000     3837.999999923067     321.5437787373975     300.54008089424383     5:36
1919500     3838.9999999230436     307.0960774009435     291.6448491912402     5:36
1920000     3839.99999992302     298.20338177468295     262.4284641755122     5:36
1920500     3840.9999999229963     299.31085058264     306.7886882214414     5:36
1921000     3841.9999999229726     335.3667922393108     278.0620099891147     5:36
1921500     3842.999999922949     343.0943705742087     291.3807144228948     5:36
1922000     3843.9999999229253     336.5290174343096     256.8212237344182     5:36
1922500     3844.9999999229017     331.8400123147842     274.94688248294267     5:35
1923000     3845.999999922878     349.49627864732486     307.67663002123294     5:35
1923500     3846.9999999228544     352.7696767100232     344.93580752185966     5:35
1924000     3847.9999999228307     338.6939929876306     348.47942939215085     5:35
1924500     3848.999999922807     314.43810451804006     302.7209626610705     5:35
1925000     3849.9999999227834     331.8573633635592     317.6916649442593     5:35
1925500     3850.99999992276     341.5949241347055     354.2980144138085     5:35
1926000     3851.999999922736     360.5053422979996     223.00621389636757     5:35
1926500     3852.9999999227125     334.3349609667605     338.31932769442943     5:35
1927000     3853.999999922689     332.3646440328348     279.36702648693466     5:35
1927500     3854.999999922665     343.49966061773966     247.5422630555371     5:35
1928000     3855.9999999226416     332.510956285941     332.0458310696155     5:35
1928500     3856.999999922618     316.89369519819     355.5447870882952     5:35
1929000     3857.9999999225943     308.5097509791856     316.63122816369065     5:35
1929500     3858.9999999225706     348.95484660491195     343.9039180053353     5:35
1930000     3859.999999922547     337.5883782653542     260.5370749567537     5:35
1930500     3860.9999999225233     316.0034664222585     346.70568557980516     5:35
1931000     3861.9999999224997     306.91810208926904     318.8349079533481     5:35
1931500     3862.999999922476     314.475148111801     279.54473511627873     5:34
1932000     3863.9999999224524     323.76634761598086     263.6641338741307     5:34
1932500     3864.9999999224287     339.9211935850293     316.8296601290003     5:34
1933000     3865.999999922405     317.4158188546247     287.84262232426767     5:34
1933500     3866.9999999223814     326.21400637838167     324.28792635111154     5:34
1934000     3867.999999922358     349.5400278657577     345.519884623159     5:34
1934500     3868.999999922334     337.1313606494683     285.4327196818406     5:34
1935000     3869.9999999223105     336.58476462596843     333.8231909376025     5:34
1935500     3870.999999922287     372.247505048735     274.8867603193098     5:34
1936000     3871.999999922263     341.130690909504     285.71964059567017     5:34
1936500     3872.9999999222396     324.6309628376864     248.54986746255207     5:34
1937000     3873.999999922216     316.76940164688847     263.686880403568     5:34
1937500     3874.9999999221923     349.2980731892345     319.02747319968904     5:34
1938000     3875.9999999221686     374.78923648082775     298.85678457156706     5:34
1938500     3876.999999922145     332.9858252300811     322.60133510516386     5:34
1939000     3877.9999999221213     334.7012441040039     299.5163733739919     5:34
1939500     3878.9999999220977     338.92105700375066     282.7116858448717     5:34
1940000     3879.999999922074     313.97249259075693     313.7373393886778     5:34
1940500     3880.9999999220504     315.40079973496256     306.0211300514212     5:33
1941000     3881.9999999220267     320.47913099265475     260.41270423948265     5:33
1941500     3882.999999922003     317.8212357349722     278.5053233017862     5:33
1942000     3883.9999999219795     321.15153572075826     254.77347939372368     5:33
1942500     3884.999999921956     338.3919217773408     314.4791205152005     5:33
1943000     3885.999999921932     368.61397647140666     337.5687543323371     5:33
1943500     3886.9999999219085     310.10800250358307     379.84303898957546     5:33
1944000     3887.999999921885     335.52719847163985     330.67962415941     5:33
1944500     3888.999999921861     337.281706871285     285.16306740869817     5:33
1945000     3889.9999999218376     365.48052970416654     324.44119314093206     5:33
1945500     3890.999999921814     341.09191247188573     343.2803458547246     5:33
1946000     3891.9999999217903     342.170319282607     335.52306505717166     5:33
1946500     3892.9999999217666     337.55276237989847     288.82650372905704     5:33
1947000     3893.999999921743     322.9114097631377     390.56144855215837     5:33
1947500     3894.9999999217193     335.92694803885615     344.5105419392268     5:33
1948000     3895.9999999216957     320.7298945618023     355.5203006940898     5:33
1948500     3896.999999921672     336.39649005018373     298.30484756605745     5:33
1949000     3897.9999999216484     350.7986698023583     246.1451917492205     5:33
1949500     3898.9999999216247     338.07861482471446     307.95571626187035     5:32
1950000     3899.999999921601     327.151218791406     289.001295039894     5:32
1950500     3900.9999999215775     324.68112483306095     358.005014504274     5:32
1951000     3901.999999921554     310.1464050930333     362.36642842212575     5:32
1951500     3902.99999992153     338.2719485225107     316.4384922549154     5:32
1952000     3903.9999999215065     319.67985817818317     311.04231259341304     5:32
1952500     3904.999999921483     334.571505237918     239.51105312490043     5:32
1953000     3905.999999921459     307.8738890984828     228.43877595526536     5:32
1953500     3906.9999999214356     326.6934573935474     283.42564868378474     5:32
1954000     3907.999999921412     345.3485746310556     277.681998198884     5:32
1954500     3908.9999999213883     331.7351546884436     325.6469646055405     5:32
1955000     3909.9999999213646     336.29529980604684     328.24876430930226     5:32
1955500     3910.999999921341     342.9722452538588     257.2471192624506     5:32
1956000     3911.9999999213173     363.21237047112834     254.63864370280098     5:32
1956500     3912.9999999212937     346.1038927245594     274.7222793041567     5:32
1957000     3913.99999992127     348.6894324349688     354.51326623169183     5:32
1957500     3914.9999999212464     333.1931564695732     231.60691274741222     5:32
1958000     3915.9999999212228     362.3893384677208     258.9158435763988     5:32
1958500     3916.999999921199     341.254454601529     246.80460691836063     5:32
1959000     3917.9999999211755     328.8857794025613     299.8101533030902     5:31
1959500     3918.999999921152     401.8425969455491     209.76261930373235     5:31
1960000     3919.999999921128     367.7717390602169     327.02871937816747     5:31
1960500     3920.9999999211045     340.509645394289     269.73591213743117     5:31
1961000     3921.999999921081     304.6317309340625     314.58899217910806     5:31
1961500     3922.999999921057     311.23482973462103     256.34150420507444     5:31
1962000     3923.9999999210336     292.1368377560185     243.6145567467235     5:31
1962500     3924.99999992101     301.2409544580843     229.36602673064792     5:31
1963000     3925.9999999209863     325.5695388859216     308.8077568935812     5:31
1963500     3926.9999999209626     351.98193029424067     326.6820583294523     5:31
1964000     3927.999999920939     329.4178918613718     279.72989284603705     5:31
1964500     3928.9999999209153     346.48496379275457     322.5844447231504     5:31
1965000     3929.9999999208917     308.48590161192317     360.26461277701287     5:31
1965500     3930.999999920868     345.43932184639004     275.54739306885085     5:31
1966000     3931.9999999208444     341.5116054323921     330.82790859912177     5:31
1966500     3932.9999999208208     318.31182154575856     284.5926642030483     5:31
1967000     3933.999999920797     322.4997148924532     279.554764432491     5:31
1967500     3934.9999999207735     311.7257649892905     275.07103137941385     5:31
1968000     3935.99999992075     325.68931974317036     267.898254597581     5:30
1968500     3936.999999920726     356.7756374042516     304.54981171044034     5:30
1969000     3937.9999999207025     327.6292670099182     322.2112677535187     5:30
1969500     3938.999999920679     334.4409911427998     290.7166721543755     5:30
1970000     3939.9999999206552     350.6514383851801     273.0924556716675     5:30
1970500     3940.9999999206316     311.9787740873825     288.3105777807983     5:30
1971000     3941.999999920608     312.04060294023213     322.1162425871491     5:30
1971500     3942.9999999205843     336.8309494417364     360.726607256679     5:30
1972000     3943.9999999205606     320.85185033830305     265.4984759692384     5:30
1972500     3944.999999920537     302.6720314769366     273.1884078563597     5:30
1973000     3945.9999999205133     335.4488547311412     295.2751795080067     5:30
1973500     3946.9999999204897     337.396970061002     267.1105170685181     5:30
1974000     3947.999999920466     333.74510020667856     344.99839134175835     5:30
1974500     3948.9999999204424     332.5175180766072     382.66353908315654     5:30
1975000     3949.9999999204188     347.93562519692193     307.30886175102347     5:30
1975500     3950.999999920395     334.78060349752514     356.17060849551956     5:30
1976000     3951.9999999203715     363.9329746471333     233.65896110347674     5:30
1976500     3952.999999920348     325.3127949459232     304.9376822151466     5:30
1977000     3953.999999920324     314.75833829604323     320.3066569349266     5:29
1977500     3954.9999999203005     326.01525364375186     360.3296337759541     5:29
1978000     3955.999999920277     318.6050490460814     273.0878490291761     5:29
1978500     3956.9999999202532     329.7953621747429     285.46495181747963     5:29
1979000     3957.9999999202296     344.13750958381104     201.79251417372853     5:29
1979500     3958.999999920206     326.6018112155084     274.26407619461105     5:29
1980000     3959.9999999201823     321.43167235867463     292.18768287964855     5:29
1980500     3960.9999999201586     319.72153015794584     310.28541917512393     5:29
1981000     3961.999999920135     366.888973838064     377.3825327213508     5:29
1981500     3962.9999999201113     366.62412984646073     340.7027396257847     5:29
1982000     3963.9999999200877     329.65572191479373     316.2551976519582     5:29
1982500     3964.999999920064     316.0584187845825     234.94881451041172     5:29
1983000     3965.9999999200404     326.01370457696567     261.8047567058984     5:29
1983500     3966.9999999200168     360.00788689612193     318.49161312023864     5:29
1984000     3967.999999919993     370.89161050946836     313.1048572946628     5:29
1984500     3968.9999999199695     340.3712784927749     233.37978742457892     5:29
1985000     3969.999999919946     348.8037270193655     345.7815591863536     5:29
1985500     3970.999999919922     338.3093224179348     322.6517585404127     5:29
1986000     3971.9999999198985     322.14160912540774     264.05866282941696     5:28
1986500     3972.999999919875     327.98373322800603     283.68435895190146     5:28
1987000     3973.9999999198512     340.7581692140636     223.4302550608     5:28
1987500     3974.9999999198276     344.88834982453466     324.4343572143371     5:28
1988000     3975.999999919804     357.41447119137945     320.16965255555937     5:28
1988500     3976.9999999197803     334.1739986450294     184.27621863849853     5:28
1989000     3977.9999999197566     314.2490239927953     250.20690430853608     5:28
1989500     3978.999999919733     333.8946211098996     318.78801826382977     5:28
1990000     3979.9999999197094     372.2664228483293     346.4302663775877     5:28
1990500     3980.9999999196857     354.421393314199     325.71949932089046     5:28
1991000     3981.999999919662     317.1764896787996     314.6777823056526     5:28
1991500     3982.9999999196384     334.13196088617394     299.67097958944146     5:28
1992000     3983.9999999196148     319.87056346636064     252.85831314393127     5:28
1992500     3984.999999919591     322.41932340110463     295.71761675082416     5:28
1993000     3985.9999999195675     359.8127565667262     365.46321137156156     5:28
1993500     3986.999999919544     376.80385265054394     353.48362372749745     5:28
1994000     3987.99999991952     346.5591979229283     372.5744209939976     5:28
1994500     3988.9999999194965     329.0080037404507     361.36336136080286     5:28
1995000     3989.999999919473     326.3121453420382     281.0740321327061     5:27
1995500     3990.9999999194492     353.2765079270873     223.69958532767376     5:27
1996000     3991.9999999194256     343.7721471428832     266.4137710983816     5:27
1996500     3992.999999919402     341.48743986102875     348.4873036309339     5:27
1997000     3993.9999999193783     332.36817978331544     243.50368154491517     5:27
1997500     3994.9999999193547     331.95523065696057     357.1575998255817     5:27
1998000     3995.999999919331     347.3738258963183     275.33167751172687     5:27
1998500     3996.9999999193074     375.29516905040225     263.37151990690893     5:27
1999000     3997.9999999192837     333.13592982130206     345.8899428134959     5:27
1999500     3998.99999991926     326.3082046258968     263.49745940268315     5:27
2000000     3999.9999999192364     323.98161268895046     300.3260702661413     5:27
2000500     4000.9999999192128     358.18370446980475     261.21868140098377     5:27
2001000     4001.999999919189     332.23206490476593     302.66815461791316     5:27
2001500     4002.9999999191655     314.22181600891395     283.068555865514     5:27
2002000     4003.999999919142     328.47310565131477     247.18419055497083     5:27
2002500     4004.999999919118     309.16713101481673     305.90033160860037     5:27
2003000     4005.9999999190945     324.24358454487526     262.75462254655497     5:27
2003500     4006.999999919071     322.90902879526925     239.55397767175492     5:27
2004000     4007.9999999190472     330.5675224953022     251.4441376916182     5:27
2004500     4008.9999999190236     334.9104984495683     248.54760480330648     5:26
2005000     4009.999999919     318.5812405599746     320.1640370026104     5:26
2005500     4010.9999999189763     356.3359162566413     269.63994448494213     5:26
2006000     4011.9999999189527     323.4359959777811     275.8390942907484     5:26
2006500     4012.999999918929     362.9942829469013     327.0661477489927     5:26
2007000     4013.9999999189054     332.88331676362384     340.48233014129517     5:26
2007500     4014.9999999188817     368.73928125909845     337.49456085724023     5:26
2008000     4015.999999918858     334.88231576840246     279.5414692758565     5:26
2008500     4016.9999999188344     334.7543697446964     303.24880728947187     5:26
2009000     4017.9999999188108     360.79678386919034     310.1587915884354     5:26
2009500     4018.999999918787     339.07097237119626     273.82731337278756     5:26
2010000     4019.9999999187635     315.0707297848659     319.062848616065     5:26
2010500     4020.99999991874     296.36271280791846     354.28884764927403     5:26
2011000     4021.999999918716     349.52857235007514     204.5815089384965     5:26
2011500     4022.9999999186925     347.015837708876     229.30752154917928     5:26
2012000     4023.999999918669     299.247444859909     332.75386412962894     5:26
2012500     4024.9999999186452     332.9812144608087     350.23390296147664     5:26
2013000     4025.9999999186216     324.5269133196158     326.45799905846445     5:26
2013500     4026.999999918598     310.62555971599375     277.47642862843117     5:25
2014000     4027.9999999185743     320.7435707459621     307.0292348882839     5:25
2014500     4028.9999999185507     310.27449330751404     328.685535995239     5:25
2015000     4029.999999918527     323.0544221955604     265.2953002906014     5:25
2015500     4030.9999999185034     350.6845976714951     339.0737063686491     5:25
2016000     4031.9999999184797     317.6058526426053     289.99660697092736     5:25
2016500     4032.999999918456     315.26129418122684     318.87908951500873     5:25
2017000     4033.9999999184324     313.4863426232688     229.7057902883535     5:25
2017500     4034.999999918409     335.6167770107546     325.92932399666796     5:25
2018000     4035.999999918385     352.1432200204109     233.43667465512775     5:25
2018500     4036.9999999183615     315.3846812331136     273.31567022415254     5:25
2019000     4037.999999918338     326.1944461440245     294.1737402057034     5:25
2019500     4038.999999918314     362.077190546392     328.68379527070033     5:25
2020000     4039.9999999182905     309.70159830434375     260.56084653046474     5:25
2020500     4040.999999918267     309.3794918135993     325.66376792872273     5:25
2021000     4041.9999999182432     332.74572967771473     243.89039575915442     5:25
2021500     4042.9999999182196     368.77076323710844     285.80003365413944     5:25
2022000     4043.999999918196     335.3753192509754     324.6230718915211     5:25
2022500     4044.9999999181723     335.5584425100602     311.0879812473023     5:24
2023000     4045.9999999181487     325.2786587124823     351.89269264295723     5:24
2023500     4046.999999918125     330.50566882913483     312.1535101379825     5:24
2024000     4047.9999999181014     328.82545109391174     298.57806544689646     5:24
2024500     4048.9999999180777     337.0036979710907     328.08325281273494     5:24
2025000     4049.999999918054     303.39037035883166     360.47369063107135     5:24
2025500     4050.9999999180304     338.5729840633941     255.1123224560608     5:24
2026000     4051.999999918007     323.4859009757723     283.9840959848603     5:24
2026500     4052.999999917983     334.1658728413921     302.39769596073194     5:24
2027000     4053.9999999179595     327.1879707043006     220.32413909626953     5:24
2027500     4054.999999917936     318.26980614743627     260.17453674744473     5:24
2028000     4055.999999917912     348.28927173486125     275.0261471914693     5:24
2028500     4056.9999999178885     291.99653041507236     285.9840323809152     5:24
2029000     4057.999999917865     336.7377646088371     370.2615671291877     5:24
2029500     4058.9999999178413     332.2992432974962     336.19270495666245     5:24
2030000     4059.9999999178176     303.31055236874874     325.9686777772027     5:24
2030500     4060.999999917794     333.0099251508475     259.4277975098841     5:24
2031000     4061.9999999177703     320.3658590232336     307.240629101423     5:24
2031500     4062.9999999177467     333.20703471318154     207.8767704342375     5:23
2032000     4063.999999917723     372.76521575175207     277.2414277479928     5:23
2032500     4064.9999999176994     364.59687691897625     372.2281857133424     5:23
2033000     4065.9999999176757     350.5649358898869     318.8958427414201     5:23
2033500     4066.999999917652     371.3150903825772     274.74024002380185     5:23
2034000     4067.9999999176284     323.57221042058154     327.1548267915686     5:23
2034500     4068.999999917605     332.0341822678912     352.7665580453183     5:23
2035000     4069.999999917581     343.11227354089397     379.1928033927253     5:23
2035500     4070.9999999175575     337.7221137589138     332.0929486649294     5:23
2036000     4071.999999917534     352.3707520001784     233.53285913125254     5:23
2036500     4072.99999991751     322.86891496133865     334.77376084556687     5:23
2037000     4073.9999999174865     368.1202331291439     266.18672336186506     5:23
2037500     4074.999999917463     345.1389499201614     277.33204154876904     5:23
2038000     4075.9999999174393     337.27969942766083     326.98884205791984     5:23
2038500     4076.9999999174156     371.2836654858588     259.104308044209     5:23
2039000     4077.999999917392     330.4006508558874     263.0416071399154     5:23
2039500     4078.9999999173683     338.2442667700233     232.28120666154038     5:23
2040000     4079.9999999173447     348.72694555012754     278.1294663991195     5:23
2040500     4080.999999917321     359.52785088249345     294.6789508377328     5:22
2041000     4081.9999999172974     343.63702403941977     345.15788278150086     5:22
2041500     4082.9999999172737     359.6490043835705     368.8522160794656     5:22
2042000     4083.99999991725     339.3303175392381     357.34145945520777     5:22
2042500     4084.9999999172264     342.5235488175957     282.59385404181984     5:22
2043000     4085.999999917203     342.4868568866931     290.6885577060877     5:22
2043500     4086.999999917179     346.1460407310484     288.08681044429255     5:22
2044000     4087.9999999171555     341.18947799314685     313.216771535226     5:22
2044500     4088.999999917132     354.9831515046711     332.4642447230228     5:22
2045000     4089.999999917108     345.11176406695415     301.60031966925294     5:22
2045500     4090.9999999170846     346.5807487376079     274.29526721674387     5:22
2046000     4091.999999917061     324.85102953477974     296.07674169530003     5:22
2046500     4092.9999999170373     351.888428863694     333.9952351402806     5:22
2047000     4093.9999999170136     357.65166763804575     289.9697210419052     5:22
2047500     4094.99999991699     345.65828503794637     368.69845507093316     5:22
2048000     4095.9999999169663     312.02067321007235     370.0322745116035     5:22
2048500     4096.99999991717     319.5403176350285     299.08958682901476     5:22
2049000     4097.999999917373     347.47010730340014     289.7509367417102     5:22
2049500     4098.999999917577     338.9888233055498     347.1756186236223     5:22
2050000     4099.999999917781     361.3345813367881     312.8184797638888     5:21
2050500     4100.9999999179845     355.2673544770955     350.3979289844443     5:21
2051000     4101.999999918188     364.19261782438184     373.03508272437494     5:21
2051500     4102.999999918392     379.94364034458135     339.2100465369259     5:21
2052000     4103.999999918596     348.0509280709924     304.9142235091103     5:21
2052500     4104.999999918799     340.7579223284491     253.59144000181922     5:21
2053000     4105.999999919003     333.928382368818     270.89475025393824     5:21
2053500     4106.999999919207     337.65296798537463     238.30707808221945     5:21
2054000     4107.999999919411     345.41416744367245     266.20104855993725     5:21
2054500     4108.999999919614     323.4307872286963     325.22091366893704     5:21
2055000     4109.999999919818     308.8368478611352     293.6917369522312     5:21
2055500     4110.999999920022     303.86746018172903     319.80001238323814     5:21
2056000     4111.9999999202255     334.9125411591996     265.56020256157836     5:21
2056500     4112.999999920429     292.59751124104366     334.11941258274834     5:21
2057000     4113.999999920633     313.4155330057955     298.3521557095314     5:21
2057500     4114.999999920837     322.85440076824216     302.55650072232856     5:21
2058000     4115.99999992104     362.5321298148764     261.32916110834276     5:21
2058500     4116.999999921244     360.9452707056363     240.56466401154862     5:21
2059000     4117.999999921448     292.3893295225894     310.44944976738856     5:20
2059500     4118.999999921652     348.4725660560688     267.36978343460686     5:20
2060000     4119.999999921855     309.23469123343136     303.94022299709314     5:20
2060500     4120.999999922059     303.04141742154604     317.56759193363877     5:20
2061000     4121.999999922263     309.8942862349961     246.1440686144118     5:20
2061500     4122.9999999224665     302.7219848894873     287.98512966902587     5:20
2062000     4123.99999992267     312.1772988191195     279.50467847938063     5:20
2062500     4124.999999922874     323.29151490688093     228.99018117856698     5:20
2063000     4125.999999923078     323.87159202014277     273.4837644673917     5:20
2063500     4126.999999923281     347.3413027223403     279.5725096766851     5:21
2064000     4127.999999923485     336.3842540346732     327.66533049397356     5:21
2064500     4128.999999923689     353.19124187757905     392.76807462611356     5:21
2065000     4129.999999923893     349.12283462261576     262.95792254881974     5:21
2065500     4130.999999924096     319.4917562928133     284.21420277689253     5:21
2066000     4131.9999999243     320.19397781541477     268.2915343748898     5:21
2066500     4132.999999924504     346.2992695777906     256.5884434798307     5:20
2067000     4133.9999999247075     319.99382849818073     313.1537321822533     5:20
2067500     4134.999999924911     319.3173420405494     242.54288433132496     5:20
2068000     4135.999999925115     298.3372310404278     259.76321555315417     5:20
2068500     4136.999999925319     337.14066798729505     219.97990444111852     5:20
2069000     4137.999999925522     323.60639508310624     299.4649418194359     5:20
2069500     4138.999999925726     316.6672611724158     372.0867859447753     5:20
2070000     4139.99999992593     317.6995719857912     313.71630644651447     5:20
2070500     4140.999999926134     342.0754654578907     288.2348970964147     5:20
2071000     4141.999999926337     331.0431024444292     321.07988644560083     5:20
2071500     4142.999999926541     341.54101467598036     294.8419408573797     5:20
2072000     4143.999999926745     359.50037613598363     301.2430795355564     5:20
2072500     4144.9999999269485     327.9826507098811     300.22151080149456     5:20
2073000     4145.999999927152     383.5833095767449     285.69519379127456     5:20
2073500     4146.999999927356     371.21312413166345     289.78087391969297     5:20
2074000     4147.99999992756     303.506048578122     287.1871595869114     5:20
2074500     4148.999999927763     329.34382247355995     263.02536026991555     5:20
2075000     4149.999999927967     318.8279808565186     320.8398077361221     5:20
2075500     4150.999999928171     310.3752792559592     266.1148865057145     5:19
2076000     4151.999999928375     323.9587039017847     261.4839169319396     5:19
2076500     4152.999999928578     312.447599077963     322.5573322587181     5:19
2077000     4153.999999928782     304.59896980202416     228.27603054639243     5:19
2077500     4154.999999928986     347.16928122615286     271.2346592218504     5:19
2078000     4155.9999999291895     324.02450113663633     292.81133446821354     5:19
2078500     4156.999999929393     340.683266244646     356.0843536022241     5:19
2079000     4157.999999929597     342.5293462480648     309.076480654903     5:19
2079500     4158.999999929801     329.10969969819973     302.1838386220477     5:19
2080000     4159.999999930004     347.1329534902609     351.557874824474     5:19
2080500     4160.999999930208     307.99718450941043     277.1843267373151     5:19
2081000     4161.999999930412     370.06818544579903     278.17353816444904     5:19
2081500     4162.999999930616     331.79206922664923     364.938641266054     5:19
2082000     4163.999999930819     342.2530042837343     288.2225350652991     5:19
2082500     4164.999999931023     323.16144794814     330.8319649884662     5:19
2083000     4165.999999931227     331.63235162113347     307.8599253911216     5:19
2083500     4166.9999999314305     326.90124224681244     258.1283119280707     5:19
2084000     4167.999999931634     324.49812462426735     243.79824876549517     5:19
2084500     4168.999999931838     286.0739695932233     316.2649495730945     5:18
2085000     4169.999999932042     316.79267536199086     248.77601107415504     5:18
2085500     4170.999999932245     308.0920188713808     249.06116662476344     5:18
2086000     4171.999999932449     334.8231041542798     357.4163537845733     5:18
2086500     4172.999999932653     324.836238747076     328.8407695283387     5:18
2087000     4173.999999932857     357.34573136529184     300.6955746512276     5:18
2087500     4174.99999993306     336.9117087342456     357.53046869865966     5:18
2088000     4175.999999933264     346.13258653759124     250.2291074266625     5:18
2088500     4176.999999933468     355.21181329475394     289.2724755168283     5:18
2089000     4177.9999999336715     350.60845723856596     279.49707675153104     5:18
2089500     4178.999999933875     353.701040026128     309.96155095832444     5:18
2090000     4179.999999934079     336.210766154442     298.02326998486996     5:18
2090500     4180.999999934283     359.89279205183857     227.67585074206355     5:18
2091000     4181.999999934486     347.9379141262417     328.57880869788187     5:18
2091500     4182.99999993469     306.7318546030549     354.9134455505427     5:18
2092000     4183.999999934894     382.26625520759364     352.78019392538573     5:18
2092500     4184.999999935098     372.4123531096319     328.5312587045873     5:18
2093000     4185.999999935301     322.82532194743123     280.9265237953496     5:18
2093500     4186.999999935505     305.1463171539169     293.23618085417814     5:17
2094000     4187.999999935709     344.3020803776009     251.29359054573686     5:17
2094500     4188.9999999359125     309.53231032179565     270.46597080120944     5:17
2095000     4189.999999936116     304.84954259510255     287.33010719271607     5:17
2095500     4190.99999993632     358.83509316583593     317.0415940035591     5:17
2096000     4191.999999936524     351.15913759746     238.93140996725327     5:17
2096500     4192.999999936727     334.1821412228852     295.1576407302961     5:17
2097000     4193.999999936931     348.75063906960065     280.5852680311933     5:17
2097500     4194.999999937135     348.0336336682051     284.0891385356031     5:17
2098000     4195.9999999373385     338.9060781115206     327.15575143644     5:17
2098500     4196.999999937542     358.0714515551226     363.29544618339503     5:17
2099000     4197.999999937746     320.24129437809756     309.6791658548104     5:17
2099500     4198.99999993795     349.2394639142242     311.96069042377997     5:17
2100000     4199.999999938153     340.0082610946024     305.0666533829465     5:17
2100500     4200.999999938357     341.4799503054247     277.55704047630275     5:17
2101000     4201.999999938561     335.5204841740082     268.6983596473742     5:17
2101500     4202.999999938765     321.74247231186484     286.1906242467979     5:17
2102000     4203.999999938968     332.04621698085646     262.1531715089142     5:17
2102500     4204.999999939172     332.00272942851143     248.689271673922     5:16
2103000     4205.999999939376     331.6156224073994     281.85670449113434     5:16
2103500     4206.9999999395795     317.3956630917653     257.1425795927087     5:16
2104000     4207.999999939783     309.2668741067265     317.36263354298336     5:16
2104500     4208.999999939987     337.10860005049847     296.0933919551069     5:16
2105000     4209.999999940191     333.2184667665159     292.50488964272586     5:16
2105500     4210.999999940394     292.92734993104057     319.2176497451293     5:16
2106000     4211.999999940598     326.13671773035514     256.39249567820724     5:16
2106500     4212.999999940802     331.4910641523868     181.0361213689212     5:16
2107000     4213.999999941006     312.54926198178305     298.69126923226946     5:16
2107500     4214.999999941209     304.69591696096575     303.9641664038182     5:16
2108000     4215.999999941413     340.2998880062014     261.20219724238723     5:16
2108500     4216.999999941617     304.14244516659187     282.96268787046705     5:16
2109000     4217.9999999418205     352.12353162645184     246.3186477354935     5:16
2109500     4218.999999942024     334.0158979131105     282.8358061630544     5:16
2110000     4219.999999942228     341.12693385484226     234.40448388277832     5:16
2110500     4220.999999942432     306.7292148695366     309.4376621059318     5:16
2111000     4221.999999942635     314.96045747260064     320.360767227719     5:16
2111500     4222.999999942839     348.18341083888924     302.22324982556705     5:15
2112000     4223.999999943043     364.2940568534111     258.81035180160245     5:15
2112500     4224.999999943247     324.1885970977678     322.59376237539675     5:15
2113000     4225.99999994345     333.75104076879757     259.9965437964225     5:15
2113500     4226.999999943654     373.44319261238286     234.5121112024702     5:15
2114000     4227.999999943858     337.32589748889507     291.5592754481294     5:15
2114500     4228.9999999440615     335.12176468900793     252.21559549372247     5:15
2115000     4229.999999944265     328.49475801857386     264.6259108547826     5:15
2115500     4230.999999944469     334.9887833503209     288.75064543141815     5:15
2116000     4231.999999944673     314.2429055607172     328.3032841596453     5:15
2116500     4232.999999944876     302.0776970848585     240.04685692570862     5:15
2117000     4233.99999994508     345.0785828099737     284.8250649839812     5:15
2117500     4234.999999945284     323.2439793119686     328.83909199895317     5:15
2118000     4235.999999945488     306.72917744601773     366.17486729676045     5:15
2118500     4236.999999945691     317.17223294898304     351.6871998140891     5:15
2119000     4237.999999945895     343.72183097085644     270.98490618048135     5:15
2119500     4238.999999946099     332.96022608605267     369.3732793948656     5:15
2120000     4239.9999999463025     352.24900007275005     305.1135038055736     5:15
2120500     4240.999999946506     336.5162113817727     305.7906906820801     5:14
2121000     4241.99999994671     333.78017346727415     382.600089583307     5:14
2121500     4242.999999946914     359.3177217287533     338.9053982685878     5:14
2122000     4243.999999947117     356.3743093764771     358.6093528209273     5:14
2122500     4244.999999947321     357.76959240565304     328.46348167686335     5:14
2123000     4245.999999947525     357.42126606431987     292.38114656602346     5:14
2123500     4246.999999947729     350.3832987519352     318.2023470107051     5:14
2124000     4247.999999947932     341.3412238221051     290.1389853036847     5:14
2124500     4248.999999948136     304.62396434455036     256.2092004859238     5:14
2125000     4249.99999994834     321.726414926679     295.05015138460294     5:14
2125500     4250.9999999485435     334.7783062194874     306.0375815190593     5:14
2126000     4251.999999948747     328.78327565065604     300.5052844546165     5:14
2126500     4252.999999948951     342.465715990836     329.5724033886256     5:14
2127000     4253.999999949155     331.62006698019445     309.93182380654275     5:14
2127500     4254.999999949358     365.8384458384397     268.3959162343541     5:14
2128000     4255.999999949562     352.597829299158     250.24697180356924     5:14
2128500     4256.999999949766     352.05701090313084     230.83847226360584     5:14
2129000     4257.99999994997     315.5527560500012     298.017770004457     5:14
2129500     4258.999999950173     321.95359749049555     284.115219485282     5:13
2130000     4259.999999950377     305.71444140042775     283.31264612710163     5:13
2130500     4260.999999950581     328.8720577557161     293.38706117123576     5:13
2131000     4261.9999999507845     319.5148919679974     260.7330602653625     5:13
2131500     4262.999999950988     337.1808311261524     339.6179240716783     5:13
2132000     4263.999999951192     332.70493023235895     307.1236574241237     5:13
2132500     4264.999999951396     320.60668281643314     344.2357561739653     5:13
2133000     4265.999999951599     340.46986777331733     292.78783386350005     5:13
2133500     4266.999999951803     326.1566661243463     295.6967639648995     5:13
2134000     4267.999999952007     337.7469796488607     303.0552882871555     5:13
2134500     4268.999999952211     333.00888012616394     271.32931398453917     5:13
2135000     4269.999999952414     335.81480636926244     299.46566249282836     5:13
2135500     4270.999999952618     318.2668053334273     290.3877276585445     5:13
2136000     4271.999999952822     318.33990621487976     313.3816820723668     5:13
2136500     4272.9999999530255     345.3104004341625     278.71596025486537     5:13
2137000     4273.999999953229     337.43656365765287     301.99517903476215     5:13
2137500     4274.999999953433     312.1082965961499     324.7305479642542     5:13
2138000     4275.999999953637     325.1108648389428     348.6954162008261     5:13
2138500     4276.99999995384     348.8349035492722     329.7444188192641     5:12
2139000     4277.999999954044     318.42080923773926     319.363854226331     5:12
2139500     4278.999999954248     362.89947677961766     261.27366247583956     5:12
2140000     4279.999999954452     346.9729054006608     284.52252279018785     5:12
2140500     4280.999999954655     332.8838998919215     243.39584027959867     5:12
2141000     4281.999999954859     338.3280680938783     258.31645678324577     5:12
2141500     4282.999999955063     314.490656669023     351.7926040981508     5:12
2142000     4283.9999999552665     327.251447676309     321.37544281402523     5:12
2142500     4284.99999995547     331.47460876467494     301.4001361858534     5:12
2143000     4285.999999955674     337.83898381658196     290.57223585385896     5:12
2143500     4286.999999955878     345.2267951000373     313.3513747167461     5:12
2144000     4287.999999956081     355.51009632541184     319.8455975626917     5:12
2144500     4288.999999956285     328.2663912426261     282.92766706705663     5:12
2145000     4289.999999956489     331.44606096527684     247.99576819316272     5:12
2145500     4290.999999956693     315.92378473509063     230.43335183941318     5:12
2146000     4291.999999956896     326.7236166819158     302.2312593026236     5:12
2146500     4292.9999999571     328.4528214098177     242.78271431281868     5:12
2147000     4293.999999957304     335.0135777264238     276.7451747867239     5:12
2147500     4294.9999999575075     353.53299680016073     203.86853378218515     5:11
2148000     4295.999999957711     341.66529528067065     299.3290513151891     5:11
2148500     4296.999999957915     351.20415365610097     301.52416786290416     5:11
2149000     4297.999999958119     323.15426519365064     250.04177436441134     5:11
2149500     4298.999999958322     320.84684218622226     251.06887713064336     5:11
2150000     4299.999999958526     312.86977933042886     302.9804855374804     5:11
2150500     4300.99999995873     343.142703816382     249.66193087930984     5:11
2151000     4301.999999958934     362.8820445912688     338.99866645147176     5:11
2151500     4302.999999959137     330.21155585223767     335.9557012387281     5:11
2152000     4303.999999959341     344.69095824079784     356.2567661257587     5:11
2152500     4304.999999959545     336.1801296876803     338.60045490116624     5:11
2153000     4305.9999999597485     334.8205883085087     278.01875217219015     5:11
2153500     4306.999999959952     320.0124813421336     269.15636399452006     5:11
2154000     4307.999999960156     313.3076704517832     340.966627811535     5:11
2154500     4308.99999996036     365.2118445226366     312.4189260673658     5:11
2155000     4309.999999960563     356.8004628453019     352.82252699249034     5:11
2155500     4310.999999960767     357.4245461221818     279.0993547134001     5:11
2156000     4311.999999960971     353.49388809567347     384.84486321605476     5:11
2156500     4312.999999961175     379.22057781787794     304.6497620299771     5:10
2157000     4313.999999961378     345.86753494534275     247.02334131149942     5:10
2157500     4314.999999961582     320.55058706942054     323.265413056179     5:10
2158000     4315.999999961786     354.76287416492835     278.151847622952     5:10
2158500     4316.9999999619895     370.28133064030385     331.26538910734143     5:10
2159000     4317.999999962193     393.1193530522438     313.22784729309996     5:10
2159500     4318.999999962397     365.2165930451564     383.7151307946502     5:10
2160000     4319.999999962601     330.79143788922636     325.73571255892716     5:10
2160500     4320.999999962804     303.46255115265694     314.0940408297102     5:10
2161000     4321.999999963008     323.77866130909433     347.9703375137056     5:10
2161500     4322.999999963212     302.7118539460913     344.51498395786007     5:10
2162000     4323.999999963416     301.3599924260102     301.0373736289072     5:10
2162500     4324.999999963619     330.74286469926267     310.2650315533179     5:10
2163000     4325.999999963823     315.9527215836757     316.75157487227114     5:10
2163500     4326.999999964027     330.7241941414686     223.8965536406023     5:10
2164000     4327.9999999642305     367.0551384229543     232.54916982059558     5:10
2164500     4328.999999964434     335.57223098695397     240.68455501752285     5:10
2165000     4329.999999964638     288.94199399535523     339.65666750393075     5:10
2165500     4330.999999964842     347.3655948848765     311.8408873969547     5:09
2166000     4331.999999965045     326.3858794085613     276.22317964151557     5:09
2166500     4332.999999965249     309.379937958886     334.20779132725266     5:09
2167000     4333.999999965453     342.2411646597951     258.1363202103287     5:09
2167500     4334.999999965657     343.59774346423876     267.16878097334643     5:09
2168000     4335.99999996586     316.21927702351866     269.9385017512581     5:09
2168500     4336.999999966064     331.7745728835083     294.7916510135199     5:09
2169000     4337.999999966268     317.49997386766006     257.3793918522565     5:09
2169500     4338.9999999664715     297.4853177503079     316.3268310694453     5:09
2170000     4339.999999966675     346.5590271848986     244.89927108312207     5:09
2170500     4340.999999966879     331.00630655144107     297.09974551152743     5:09
2171000     4341.999999967083     351.37953228461834     245.76283809741946     5:09
2171500     4342.999999967286     287.4448555781869     224.24881230414292     5:09
2172000     4343.99999996749     286.56414475256645     255.1262257610952     5:09
2172500     4344.999999967694     335.73754595792695     285.66041413533696     5:09
2173000     4345.999999967898     307.5863457535819     237.08108856435294     5:09
2173500     4346.999999968101     342.3849424808468     257.6915641542499     5:09
2174000     4347.999999968305     347.05483060909364     199.026709927135     5:09
2174500     4348.999999968509     350.43129356593374     303.3344871859892     5:08
2175000     4349.9999999687125     307.347150145254     320.2370703848748     5:08
2175500     4350.999999968916     335.15186130544487     276.144453431902     5:08
2176000     4351.99999996912     334.40172948236193     272.90091618405756     5:08
2176500     4352.999999969324     335.2928371221136     409.59830048878865     5:08
2177000     4353.999999969527     318.5104261630223     302.52936353041105     5:08
2177500     4354.999999969731     320.6644760811271     319.2034864341808     5:08
2178000     4355.999999969935     316.26155898526645     321.1398667269118     5:08
2178500     4356.999999970139     333.6526341757004     302.9046581592891     5:08
2179000     4357.999999970342     318.0636709428345     279.2469927671234     5:08
2179500     4358.999999970546     329.59927859294976     262.83238923609764     5:08
2180000     4359.99999997075     314.94265735488796     344.85027022615776     5:08
2180500     4360.9999999709535     355.3971846397286     267.6654124758428     5:08
2181000     4361.999999971157     329.7626104405691     326.8092901612633     5:08
2181500     4362.999999971361     358.8530233268631     268.046080186231     5:08
2182000     4363.999999971565     345.9699582755012     363.5304188730472     5:08
2182500     4364.999999971768     335.0454217674678     345.670300212038     5:08
2183000     4365.999999971972     323.3434074139815     313.8275387639069     5:08
2183500     4366.999999972176     316.25426302796336     257.83766715023575     5:08
2184000     4367.99999997238     318.01587789749783     299.9229853587982     5:07
2184500     4368.999999972583     363.09000583091347     331.3669032243633     5:07
2185000     4369.999999972787     320.7225236459923     322.2600723578948     5:07
2185500     4370.999999972991     324.32832176785143     303.14544283524015     5:07
2186000     4371.9999999731945     381.7755351422139     249.16758603546393     5:07
2186500     4372.999999973398     323.8370762877721     327.71015266541764     5:07
2187000     4373.999999973602     326.43629812010136     293.22051378436913     5:07
2187500     4374.999999973806     375.2140900052525     351.5186861925401     5:07
2188000     4375.999999974009     332.13950197121346     385.6313589619742     5:07
2188500     4376.999999974213     336.940807186464     300.59390847187774     5:07
2189000     4377.999999974417     326.81849751658126     309.3776365675911     5:07
2189500     4378.999999974621     379.9620400239435     301.1576283541491     5:07
2190000     4379.999999974824     349.2791312491356     255.64954561492127     5:07
2190500     4380.999999975028     347.3004912687951     253.14190918379785     5:07
2191000     4381.999999975232     346.2300584214554     299.4441315558248     5:07
2191500     4382.9999999754355     306.7904139877618     307.7122594695306     5:07
2192000     4383.999999975639     330.60366028271426     293.6085405331982     5:07
2192500     4384.999999975843     354.9403304319343     335.7132084550266     5:07
2193000     4385.999999976047     315.4998286467111     333.105599188873     5:06
2193500     4386.99999997625     353.43569736009385     241.49106832063183     5:06
2194000     4387.999999976454     333.27563866202615     309.91605242598104     5:06
2194500     4388.999999976658     357.3976456116975     265.13366855502466     5:06
2195000     4389.999999976862     327.13212308236757     369.56346969663457     5:06
2195500     4390.999999977065     377.33478065359793     261.18117502919154     5:06
2196000     4391.999999977269     352.4602607866319     313.6590328924021     5:06
2196500     4392.999999977473     322.79320722995215     344.24587116045916     5:06
2197000     4393.999999977676     328.18627847856067     312.214230621183     5:06
2197500     4394.99999997788     298.49257478845925     302.0877568985939     5:06
2198000     4395.999999978084     311.0928800537306     256.2488379019348     5:06
2198500     4396.999999978288     360.3578333806764     245.20176984437538     5:06
2199000     4397.999999978491     350.76079846468735     343.0567424478022     5:06
2199500     4398.999999978695     344.1026599723316     341.19508428006645     5:06
2200000     4399.999999978899     335.47539102150995     253.27119666642767     5:06
2200500     4400.9999999791025     366.3078954275751     349.5500371290646     5:06
2201000     4401.999999979306     339.6633985035677     288.88727477322385     5:06
2201500     4402.99999997951     366.1285520285039     314.45452303299     5:06
2202000     4403.999999979714     361.89672451760487     314.0262745067351     5:05
2202500     4404.999999979917     372.5693152129593     261.6223049364073     5:05
2203000     4405.999999980121     351.6389462736364     315.3782541418893     5:05
2203500     4406.999999980325     336.3910397713213     244.25839908982283     5:05
2204000     4407.999999980529     318.8181371571925     307.2363934761577     5:05
2204500     4408.999999980732     298.5104199600893     256.7806671187492     5:05
2205000     4409.999999980936     319.9108641935728     235.67559947675664     5:05
2205500     4410.99999998114     292.1256507169611     275.8496696783128     5:05
2206000     4411.9999999813435     348.97092824466904     267.3839483843668     5:05
2206500     4412.999999981547     348.15391907709056     281.0182647835619     5:05
2207000     4413.999999981751     324.7352679658487     270.8063216750343     5:05
2207500     4414.999999981955     331.71197497483865     284.8119118347995     5:05
2208000     4415.999999982158     318.7199833888899     283.66691292400185     5:05
2208500     4416.999999982362     313.2254301803039     270.6628880122832     5:05
2209000     4417.999999982566     299.8753775272229     305.19439749268724     5:05
2209500     4418.99999998277     322.7859794997046     344.1096745133156     5:05
2210000     4419.999999982973     327.5137613535768     324.22082699210705     5:05
2210500     4420.999999983177     308.4087518503253     342.8277274674829     5:05
2211000     4421.999999983381     359.07291137870436     357.9289211784681     5:04
2211500     4422.9999999835845     346.4006862951611     332.9810832147816     5:04
2212000     4423.999999983788     365.38104124906306     320.86876894133576     5:04
2212500     4424.999999983992     352.77303238847344     281.01859296564714     5:04
2213000     4425.999999984196     338.7786076441813     250.30593103268666     5:04
2213500     4426.999999984399     321.4968265602603     274.0620656059706     5:04
2214000     4427.999999984603     336.53798675427856     283.2184505706849     5:04
2214500     4428.999999984807     366.6464524363721     232.9934775527563     5:04
2215000     4429.999999985011     330.1127863504138     253.78932060798599     5:04
2215500     4430.999999985214     355.67774788825363     248.98457336862438     5:04
2216000     4431.999999985418     321.2752829109962     353.3868336499925     5:04
2216500     4432.999999985622     318.030669485771     303.1257771522635     5:04
2217000     4433.9999999858255     324.24763731293615     253.22314941898716     5:04
2217500     4434.999999986029     328.66268213813055     253.0676318952008     5:04
2218000     4435.999999986233     326.87873179155724     254.79956616400878     5:04
2218500     4436.999999986437     347.53455298040103     292.1532243298442     5:04
2219000     4437.99999998664     382.50999675259607     361.0963961975594     5:04
2219500     4438.999999986844     341.6141021849594     302.566481334356     5:04
2220000     4439.999999987048     326.2386718348067     239.34767265438774     5:03
2220500     4440.999999987252     318.48728980732676     301.1939922402407     5:03
2221000     4441.999999987455     347.0678589110498     287.54247321297555     5:03
2221500     4442.999999987659     320.7070006576797     286.84518310899784     5:03
2222000     4443.999999987863     357.7444460155741     286.52454440025144     5:03
2222500     4444.9999999880665     318.13059176378135     290.80754000321923     5:03
2223000     4445.99999998827     336.6240965045955     302.31227720034343     5:03
2223500     4446.999999988474     340.2398046862986     255.87194749049291     5:03
2224000     4447.999999988678     340.1232787080445     317.9896767527681     5:03
2224500     4448.999999988881     327.1668565561233     272.24631534245077     5:03
2225000     4449.999999989085     338.69517371962695     280.30985498057356     5:03
2225500     4450.999999989289     340.6311326185595     285.7346276071628     5:03
2226000     4451.999999989493     360.2993875124781     353.2123698511849     5:03
2226500     4452.999999989696     335.6582722745378     266.1202621463538     5:03
2227000     4453.9999999899     314.88335232013515     298.57374487993434     5:03
2227500     4454.999999990104     354.2238658716037     338.6918653499882     5:03
2228000     4455.9999999903075     377.52715339435645     251.44005818130816     5:03
2228500     4456.999999990511     312.3338840470234     312.52321405441825     5:03
2229000     4457.999999990715     336.95100392467236     284.9998168906865     5:02
2229500     4458.999999990919     331.24137953340164     303.28877281491134     5:02
2230000     4459.999999991122     363.2521792443415     187.44210585918628     5:02
2230500     4460.999999991326     336.2455799113477     293.08505928469907     5:02
2231000     4461.99999999153     364.8937849644543     283.42425170600364     5:02
2231500     4462.999999991734     348.0053701673745     254.93490477629732     5:02
2232000     4463.999999991937     342.9184077177482     228.18794489887685     5:02
2232500     4464.999999992141     333.74039041452795     217.25610570318076     5:02
2233000     4465.999999992345     289.6386532799987     292.9599175752583     5:02
2233500     4466.9999999925485     331.7574448322006     351.3097093796844     5:02
2234000     4467.999999992752     346.7745734710603     313.6901059846938     5:02
2234500     4468.999999992956     377.6726748619079     314.17772926353626     5:02
2235000     4469.99999999316     360.9287155934435     293.01051154377404     5:02
2235500     4470.999999993363     338.35689361106813     325.82685643851624     5:02
2236000     4471.999999993567     347.4325719916394     256.01471002362456     5:02
2236500     4472.999999993771     347.1236730062018     369.061273751117     5:02
2237000     4473.999999993975     319.58244487486957     393.369426915273     5:02
2237500     4474.999999994178     327.7275845772915     305.8462931490313     5:02
2238000     4475.999999994382     344.2980204119125     302.47565129927017     5:01
2238500     4476.999999994586     320.87134206020346     331.69202265352686     5:01
2239000     4477.9999999947895     341.4439464918963     319.90393602133184     5:01
2239500     4478.999999994993     339.9062598837552     263.24691340261234     5:01
2240000     4479.999999995197     306.6042729953957     279.1036360962188     5:01
2240500     4480.999999995401     279.8923067867802     254.9939647317721     5:01
2241000     4481.999999995604     338.8200407024035     250.52669981649672     5:01
2241500     4482.999999995808     329.44016615193266     225.12025211216312     5:01
2242000     4483.999999996012     318.9749047012225     340.9499794408014     5:01
2242500     4484.999999996216     326.4631721028629     303.98029028222925     5:01
2243000     4485.999999996419     343.2281311765846     334.20745101957726     5:01
2243500     4486.999999996623     342.9782583537718     310.44068215839206     5:01
2244000     4487.999999996827     348.45436732617975     286.6475431013425     5:01
2244500     4488.9999999970305     341.7070130806338     296.16020497419254     5:01
2245000     4489.999999997234     288.6826215151142     252.7724442421988     5:01
2245500     4490.999999997438     309.54411257891377     343.0519597662832     5:01
2246000     4491.999999997642     338.2090073646833     260.9792342232418     5:01
2246500     4492.999999997845     347.2872797958736     277.22354638557226     5:01
2247000     4493.999999998049     337.50377912971976     325.35127180404413     5:00
2247500     4494.999999998253     335.2956799181387     271.09070303657967     5:00
2248000     4495.999999998457     357.91370718819974     337.53889488891343     5:00
2248500     4496.99999999866     336.84715487467486     337.704780179806     5:00
2249000     4497.999999998864     367.1404570686634     284.47055241380036     5:00
2249500     4498.999999999068     376.0976357597641     366.6869016087003     5:00
2250000     4499.9999999992715     346.77833887158715     360.6404369680342     5:00
2250500     4500.999999999475     324.7788996519838     265.20041313153143     5:00
2251000     4501.999999999679     306.179207985536     266.13870647683774     5:00
2251500     4502.999999999883     344.30375666664986     273.2432938680416     5:00
2252000     4504.000000000086     321.6481214277328     376.7046784651161     5:00
2252500     4505.00000000029     350.57888256396143     315.02845288823596     5:00
2253000     4506.000000000494     344.1082190524795     290.96333551140793     5:00
2253500     4507.000000000698     365.631873675832     369.30945871633077     5:00
2254000     4508.000000000901     335.9340175460609     295.83794695826856     5:00
2254500     4509.000000001105     316.7402204135798     215.13426326137233     5:00
2255000     4510.000000001309     333.76719879687005     265.3447852994221     5:00
2255500     4511.0000000015125     349.53727603874074     289.01482823187416     5:00
2256000     4512.000000001716     351.54432361899444     323.03066175945963     4:59
2256500     4513.00000000192     338.71517190394377     331.92751275551313     4:59
2257000     4514.000000002124     362.138227353218     295.8255879383681     4:59
2257500     4515.000000002327     351.44620181650146     343.68612603373214     4:59
2258000     4516.000000002531     318.6363731854641     313.73123923998867     4:59
2258500     4517.000000002735     336.9533901765774     290.41047248862316     4:59
2259000     4518.000000002939     334.0879547740608     274.9979038986947     4:59
2259500     4519.000000003142     302.07602299432995     291.2347090451755     4:59
2260000     4520.000000003346     309.47614913031475     244.69909980604234     4:59
2260500     4521.00000000355     315.8997126459835     308.5240817144599     4:59
2261000     4522.0000000037535     358.39016957713613     224.8449447608457     4:59
2261500     4523.000000003957     325.53856187137455     319.70061477102894     4:59
2262000     4524.000000004161     335.87137173874214     257.7308421538824     4:59
2262500     4525.000000004365     338.43391099379176     384.13323762905014     4:59
2263000     4526.000000004568     333.53117703191435     273.39104475352997     4:59
2263500     4527.000000004772     306.4440703437581     321.96853207051134     4:59
2264000     4528.000000004976     357.91136713784806     328.566998469922     4:59
2264500     4529.00000000518     335.5304086264208     296.1302635659772     4:59
2265000     4530.000000005383     329.1948086262977     314.04962971738786     4:59
2265500     4531.000000005587     346.39623471039215     239.84273075257317     4:58
2266000     4532.000000005791     341.04283282542826     295.09066399858796     4:58
2266500     4533.0000000059945     337.3968212947823     241.58734667724144     4:58
2267000     4534.000000006198     324.9141739811562     370.8096820348438     4:58
2267500     4535.000000006402     350.14939331642756     272.9827115080985     4:58
2268000     4536.000000006606     329.858312408076     309.24218373902437     4:58
2268500     4537.000000006809     324.14755585232945     335.6624140509895     4:58
2269000     4538.000000007013     371.08000400622416     314.80780018152205     4:58
2269500     4539.000000007217     365.2181049750151     310.5324679515481     4:58
2270000     4540.000000007421     344.2668611819661     348.53301461944034     4:58
2270500     4541.000000007624     350.37534322798774     344.3333229350788     4:58
2271000     4542.000000007828     368.4853051760115     366.4127840748646     4:58
2271500     4543.000000008032     381.48078001571446     352.94892698621067     4:58
2272000     4544.0000000082355     295.8770203481404     302.49667972057426     4:58
2272500     4545.000000008439     323.31398608698237     277.35074579636444     4:58
2273000     4546.000000008643     348.41694641243737     387.7411120975339     4:58
2273500     4547.000000008847     320.9974015357503     372.2705290088909     4:58
2274000     4548.00000000905     298.8345231020536     308.9549524359196     4:58
2274500     4549.000000009254     328.21884326417535     243.98985713162406     4:57
2275000     4550.000000009458     333.7209695373398     320.1407361714353     4:57
2275500     4551.000000009662     324.3513470115863     312.6999886581081     4:57
2276000     4552.000000009865     384.62103648376603     290.4032612661319     4:57
2276500     4553.000000010069     347.4743468313402     360.6668986467134     4:57
2277000     4554.000000010273     354.98433162712024     313.52114667101245     4:57
2277500     4555.0000000104765     340.1523031072353     351.38673831344533     4:57
2278000     4556.00000001068     315.20336547331806     329.70130188361406     4:57
2278500     4557.000000010884     336.2268396334547     329.2119285801798     4:57
2279000     4558.000000011088     342.3289044222506     374.14515362239695     4:57
2279500     4559.000000011291     348.77939794113433     320.0610867377918     4:57
2280000     4560.000000011495     335.43078320891675     317.86245827565597     4:57
2280500     4561.000000011699     331.44136183869443     249.00789204508385     4:57
2281000     4562.000000011903     351.15842089869295     355.60673538841354     4:57
2281500     4563.000000012106     319.681857117621     320.36373901450645     4:57
2282000     4564.00000001231     305.3059202117146     313.3265786436862     4:57
2282500     4565.000000012514     342.04959445967904     402.2269232508388     4:57
2283000     4566.0000000127175     304.84910588701337     302.30994039244786     4:57
2283500     4567.000000012921     319.148806686949     273.7283548086622     4:56
2284000     4568.000000013125     315.2048882929827     319.7745504844954     4:56
2284500     4569.000000013329     336.00404802818286     237.36473303392359     4:56
2285000     4570.000000013532     314.52621767000835     315.58966850514366     4:56
2285500     4571.000000013736     322.105657565642     269.53841129958204     4:56
2286000     4572.00000001394     324.93903406925665     271.25761054217253     4:56
2286500     4573.000000014144     325.13875129194923     349.38649958190496     4:56
2287000     4574.000000014347     339.1406180173884     319.95770408508366     4:56
2287500     4575.000000014551     335.00651950314943     236.7131058358857     4:56
2288000     4576.000000014755     304.5469533876502     239.2925991360345     4:56
2288500     4577.0000000149585     313.5999557331037     245.69852706712194     4:56
2289000     4578.000000015162     349.71788609950465     253.05081367740212     4:56
2289500     4579.000000015366     306.10146735103103     346.02240679710474     4:56
2290000     4580.00000001557     311.88118682987124     275.33948367121434     4:56
2290500     4581.000000015773     328.09670624049454     244.6296717121051     4:56
2291000     4582.000000015977     337.3734810360903     302.3300915490994     4:56
2291500     4583.000000016181     322.07788414581455     242.73320770781328     4:56
2292000     4584.000000016385     315.8065562002755     218.08679213724523     4:56
2292500     4585.000000016588     358.8193539336804     257.931709449526     4:55
2293000     4586.000000016792     332.5357085468461     251.4683251197909     4:55
2293500     4587.000000016996     345.78223913043996     299.7879842851588     4:55
2294000     4588.000000017199     350.27322753674696     275.8209080044486     4:55
2294500     4589.000000017403     366.5955059863646     308.39446361978304     4:55
2295000     4590.000000017607     349.17605617137394     307.3998853757581     4:55
2295500     4591.000000017811     325.4261383024534     286.58725783964144     4:55
2296000     4592.000000018014     283.44383620776364     329.9901464068824     4:55
2296500     4593.000000018218     325.8366887870908     189.76866414149987     4:55
2297000     4594.000000018422     316.04258991772997     292.39451977609923     4:55
2297500     4595.0000000186255     318.34239500911406     268.7995214925898     4:55
2298000     4596.000000018829     369.08264696722074     325.5967226827881     4:55
2298500     4597.000000019033     360.4517532052354     326.1718650324684     4:55
2299000     4598.000000019237     342.9267090868087     365.75935748606713     4:55
2299500     4599.00000001944     356.27183248565177     314.1517282846272     4:55
2300000     4600.000000019644     351.3455136603127     312.9057468977389     4:55
2300500     4601.000000019848     335.0133186988652     307.2908558792971     4:55
2301000     4602.000000020052     318.151843907046     322.0190013087239     4:55
2301500     4603.000000020255     344.6438111297758     278.3269186780971     4:54
2302000     4604.000000020459     340.94863794148023     326.8389905592461     4:54
2302500     4605.000000020663     322.9326293896132     333.33500308417695     4:54
2303000     4606.0000000208665     368.622686200904     248.81300790475188     4:54
2303500     4607.00000002107     328.6297419760141     321.46890172065616     4:54
2304000     4608.000000021274     322.0781576455022     333.03351791569963     4:54
2304500     4609.000000021478     368.4815601718325     331.003355426468     4:54
2305000     4610.000000021681     327.4756343170087     361.74170089329283     4:54
2305500     4611.000000021885     315.83298478319625     353.9612162047025     4:54
2306000     4612.000000022089     361.64330776186705     364.6448387326598     4:54
2306500     4613.000000022293     343.6210681774619     278.39691501174246     4:54
2307000     4614.000000022496     332.13421479575436     288.9296613015066     4:54
2307500     4615.0000000227     304.9384303460771     259.9318038173177     4:54
2308000     4616.000000022904     335.3995602475127     313.9189755305876     4:54
2308500     4617.0000000231075     340.06580159669386     355.32472739721237     4:54
2309000     4618.000000023311     341.42224996503705     320.41313647305424     4:54
2309500     4619.000000023515     336.8720795136627     278.3002723465389     4:54
2310000     4620.000000023719     351.3530049313923     295.4255388283347     4:54
2310500     4621.000000023922     332.1018929962995     363.72188483211164     4:53
2311000     4622.000000024126     330.4628355385023     327.3406489584602     4:53
2311500     4623.00000002433     347.528657427168     245.79029083723535     4:53
2312000     4624.000000024534     324.06570158950854     365.0009702790267     4:53
2312500     4625.000000024737     341.43197266862705     336.48590079075365     4:53
2313000     4626.000000024941     335.9561001316466     280.94008855665106     4:53
2313500     4627.000000025145     330.15410195505433     313.95927109489384     4:53
2314000     4628.0000000253485     353.6915483892245     353.42625018974036     4:53
2314500     4629.000000025552     303.3953173918013     292.3567007868941     4:53
2315000     4630.000000025756     337.6971559972569     320.0490207906612     4:53
2315500     4631.00000002596     324.379850527513     308.89145683945225     4:53
2316000     4632.000000026163     358.82257318944005     296.5104074379529     4:53
2316500     4633.000000026367     338.6443519054636     347.3553069049131     4:53
2317000     4634.000000026571     364.1288930410466     285.5403328334827     4:53
2317500     4635.000000026775     366.9426823813268     301.23715423916934     4:53
2318000     4636.000000026978     334.02742876615287     286.37375585663534     4:53
2318500     4637.000000027182     332.0188895143996     280.1514928514562     4:53
2319000     4638.000000027386     339.82383899760316     329.6191818650078     4:53
2319500     4639.0000000275895     367.9007830896177     327.8314919932166     4:52
2320000     4640.000000027793     338.06147289079047     296.40830544777725     4:52
2320500     4641.000000027997     328.1871305122419     333.0130275250767     4:52
2321000     4642.000000028201     330.71790787039845     271.04478977191644     4:52
2321500     4643.000000028404     332.1773902436429     322.87950738145963     4:52
2322000     4644.000000028608     359.25220871209524     304.85004618322324     4:52
2322500     4645.000000028812     329.097779449222     344.51816321979237     4:52
2323000     4646.000000029016     359.0578176005332     299.8132365129107     4:52
2323500     4647.000000029219     315.1031792762848     366.7437336605481     4:52
2324000     4648.000000029423     341.10001003660284     260.4863255594845     4:52
2324500     4649.000000029627     345.19389063280255     315.1270236352996     4:52
2325000     4650.0000000298305     338.2948770555066     251.1590182271537     4:52
2325500     4651.000000030034     313.24496798212306     337.06197479263705     4:52
2326000     4652.000000030238     371.21822621264266     283.51062233329435     4:52
2326500     4653.000000030442     369.9323326048178     252.49753073945547     4:52
2327000     4654.000000030645     348.6794375268156     300.1012779055442     4:52
2327500     4655.000000030849     348.03573305470024     240.65231465553472     4:52
2328000     4656.000000031053     351.32293509720637     285.5248360708977     4:52
2328500     4657.000000031257     316.9346204844427     334.12842317178024     4:51
2329000     4658.00000003146     347.382773944982     263.1296679872892     4:51
2329500     4659.000000031664     334.0359015826157     308.4934475491576     4:51
2330000     4660.000000031868     354.86147105167674     273.7116598488601     4:51
2330500     4661.0000000320715     372.20146942993426     349.66425889688713     4:51
2331000     4662.000000032275     347.02803399948687     393.51057808502253     4:51
2331500     4663.000000032479     339.7259561805115     348.25052881378787     4:51
2332000     4664.000000032683     339.6478033251915     274.76584193193906     4:51
2332500     4665.000000032886     336.2178690039708     268.47504212021175     4:51
2333000     4666.00000003309     331.90829268868504     260.84573077301116     4:51
2333500     4667.000000033294     305.7137048943954     334.10042923668175     4:51
2334000     4668.000000033498     346.1558124465149     282.69387064038153     4:51
2334500     4669.000000033701     350.50646967191676     254.47421696621348     4:51
2335000     4670.000000033905     334.14836134793075     313.9721533961725     4:51
2335500     4671.000000034109     379.0462631244884     318.71424420337115     4:51
2336000     4672.0000000343125     340.7412287826502     337.1775132284063     4:51
2336500     4673.000000034516     335.96917308655713     366.4614571868219     4:51
2337000     4674.00000003472     358.6454181119692     318.768061350737     4:51
2337500     4675.000000034924     321.2927802730694     308.4249870966919     4:51
2338000     4676.000000035127     333.4634689398897     275.70780987195843     4:50
2338500     4677.000000035331     312.99700199638914     303.01380880064863     4:50
2339000     4678.000000035535     335.4005616041628     249.15435677438856     4:50
2339500     4679.000000035739     308.3847714411445     288.05670365336056     4:50
2340000     4680.000000035942     325.2540745107741     259.50572649827166     4:50
2340500     4681.000000036146     307.3933482958944     305.935774224319     4:50
2341000     4682.00000003635     361.8012133626139     297.6780291479229     4:51
2341500     4683.0000000365535     309.10590118756727     329.40687623051036     4:50
2342000     4684.000000036757     324.23776387228963     287.5893470794867     4:50
2342500     4685.000000036961     346.03107111950806     236.4141807169452     4:50
2343000     4686.000000037165     322.5674274344358     295.43636113554044     4:50
2343500     4687.000000037368     321.5363666369883     280.6282120762713     4:50
2344000     4688.000000037572     374.69559107457826     269.69555513787776     4:50
2344500     4689.000000037776     366.15997236329645     387.4582509798391     4:50
2345000     4690.00000003798     316.52597999400336     317.0073286357191     4:50
2345500     4691.000000038183     335.7626056413968     263.87574045463026     4:50
2346000     4692.000000038387     312.86028517211946     283.1111932671716     4:50
2346500     4693.000000038591     329.6525024778382     228.329585346685     4:50
2347000     4694.0000000387945     352.4891942651624     271.6616519180065     4:50
2347500     4695.000000038998     339.94312379779774     217.6796197838696     4:50
2348000     4696.000000039202     295.3603708203367     290.9818010414922     4:50
2348500     4697.000000039406     329.2080112735481     313.6732891150799     4:50
2349000     4698.000000039609     356.719383945784     261.21459058045275     4:50
2349500     4699.000000039813     368.9600990142279     330.74779816700845     4:50
2350000     4700.000000040017     357.07041356434024     346.6201951476526     4:50
2350500     4701.000000040221     333.5662832220082     308.6079965787476     4:49
2351000     4702.000000040424     347.35316096292706     291.55482577229094     4:49
2351500     4703.000000040628     341.02373197388306     241.97858242072493     4:49
2352000     4704.000000040832     327.7062515241115     305.4551480891393     4:49
2352500     4705.0000000410355     343.4204139856598     295.03571601480684     4:49
2353000     4706.000000041239     322.02331502641925     355.1071491573002     4:49
2353500     4707.000000041443     338.76786612047965     318.1738864583547     4:49
2354000     4708.000000041647     334.89924876840166     306.60004865510365     4:49
2354500     4709.00000004185     333.25873413826105     357.3587317529471     4:49
2355000     4710.000000042054     336.980556163983     336.2068838484293     4:49
2355500     4711.000000042258     308.54436619313094     312.65608393045255     4:49
2356000     4712.000000042462     325.82172150552185     335.9104965703049     4:49
2356500     4713.000000042665     333.5827489322538     305.6080750314434     4:49
2357000     4714.000000042869     347.94214586037344     306.12177535265073     4:49
2357500     4715.000000043073     322.64578816183723     290.90871295683166     4:49
2358000     4716.0000000432765     330.95781571600753     282.52910929563046     4:49
2358500     4717.00000004348     316.67403615732644     237.6737872670429     4:49
2359000     4718.000000043684     316.0911340171284     267.0115305800144     4:49
2359500     4719.000000043888     317.8851800341048     234.12754350831952     4:48
2360000     4720.000000044091     334.8143125068383     371.4144812409818     4:48
2360500     4721.000000044295     343.2528251127711     306.0052766863899     4:48
2361000     4722.000000044499     335.54754304974574     307.6992770473669     4:48
2361500     4723.000000044703     321.0095764406432     270.2292836402938     4:48
2362000     4724.000000044906     324.67836861595026     286.2643907832552     4:48
2362500     4725.00000004511     316.25884079714353     378.2489443530886     4:48
2363000     4726.000000045314     347.13328290906827     327.88647834779005     4:48
2363500     4727.0000000455175     373.26406103509964     347.3501853648155     4:48
2364000     4728.000000045721     334.7241174399069     353.0368865663386     4:48
2364500     4729.000000045925     353.5183342918268     288.8826069538201     4:48
2365000     4730.000000046129     347.7713056055966     283.5542686857743     4:48
2365500     4731.000000046332     347.3364265027176     232.6275735637816     4:48
2366000     4732.000000046536     356.32156446700947     276.0520298262441     4:48
2366500     4733.00000004674     313.7149107320024     298.6883905348165     4:48
2367000     4734.000000046944     321.74569655257665     272.10874355489057     4:48
2367500     4735.000000047147     316.92380509268503     315.67205002316206     4:48
2368000     4736.000000047351     332.4589174484537     260.68985460785075     4:48
2368500     4737.000000047555     342.5983849535255     271.1104378463189     4:47
2369000     4738.0000000477585     371.73774772763943     251.83710388275864     4:47
2369500     4739.000000047962     336.61471042919925     298.24271145653177     4:47
2370000     4740.000000048166     337.69570372869657     312.5482267896547     4:47
2370500     4741.00000004837     326.42897933192785     292.61103218309285     4:47
2371000     4742.000000048573     311.0641856521913     343.56560900178175     4:47
2371500     4743.000000048777     338.0227052896847     351.91598732253465     4:47
2372000     4744.000000048981     335.9750471198703     300.32734776407233     4:47
2372500     4745.000000049185     323.824579586699     274.64552966261806     4:47
2373000     4746.000000049388     307.9590190521418     327.64301519395553     4:47
2373500     4747.000000049592     320.89340579366467     260.8988338748871     4:47
2374000     4748.000000049796     339.7424482744892     253.35205230566743     4:47
2374500     4749.0000000499995     334.3838369004171     250.81200994416102     4:47
2375000     4750.000000050203     317.0019067829877     318.66408828996487     4:47
2375500     4751.000000050407     312.1914591995129     270.91105941491935     4:47
2376000     4752.000000050611     334.52022634852403     269.5637163568028     4:47
2376500     4753.000000050814     373.91058110491815     293.1651412353995     4:47
2377000     4754.000000051018     368.9717128535618     341.21421855824616     4:47
2377500     4755.000000051222     329.9466893426594     288.45983535159627     4:46
2378000     4756.000000051426     337.283089218144     286.572954406277     4:46
2378500     4757.000000051629     323.98216648570906     268.0545896864597     4:46
2379000     4758.000000051833     358.3555973194011     310.47902484876926     4:46
2379500     4759.000000052037     329.75964876804085     337.3705153269852     4:46
2380000     4760.0000000522405     325.8945994615706     288.86046075008164     4:46
2380500     4761.000000052444     329.2640793744217     304.4346563529036     4:46
2381000     4762.000000052648     328.6264945904878     284.89089398962676     4:46
2381500     4763.000000052852     345.1519651853878     313.46693947037414     4:46
2382000     4764.000000053055     349.75057931232675     249.50460103995042     4:46
2382500     4765.000000053259     355.3684403951838     254.6082795135219     4:46
2383000     4766.000000053463     342.9117459257377     335.0270341669644     4:46
2383500     4767.000000053667     320.2401296209829     291.2975481805969     4:46
2384000     4768.00000005387     349.8580004175118     284.3302544109093     4:46
2384500     4769.000000054074     362.2261904875178     338.135091963629     4:46
2385000     4770.000000054278     356.69589770013636     339.5927907344501     4:46
2385500     4771.0000000544815     315.2662721584718     379.9135743388034     4:46
2386000     4772.000000054685     330.4533448153486     375.7064579989591     4:46
2386500     4773.000000054889     343.56355408201307     267.83959357563776     4:45
2387000     4774.000000055093     328.29968165580306     303.9351404695885     4:45
2387500     4775.000000055296     310.8694653763565     242.7945670530008     4:45
2388000     4776.0000000555     329.63890859879575     226.16636994313265     4:45
2388500     4777.000000055704     340.6898277762317     275.41586714737764     4:45
2389000     4778.000000055908     318.62797622641676     246.41834403118168     4:45
2389500     4779.000000056111     329.1353854854484     345.5774959984742     4:45
2390000     4780.000000056315     353.29234394783396     261.2323190974679     4:45
2390500     4781.000000056519     299.72297811007945     392.36757703877583     4:45
2391000     4782.0000000567225     352.14784195442155     255.24288478868985     4:45
2391500     4783.000000056926     308.76621012934197     257.427930476726     4:45
2392000     4784.00000005713     296.8673018888752     308.78066055691033     4:45
2392500     4785.000000057334     313.9481041096027     367.92214983407507     4:45
2393000     4786.000000057537     306.62020877859254     287.18695328234605     4:45
2393500     4787.000000057741     299.99297556951046     250.60811804235234     4:45
2394000     4788.000000057945     334.02241957074057     267.05624923992895     4:45
2394500     4789.0000000581485     336.67345798998224     299.9859713252676     4:45
2395000     4790.000000058352     289.386551670034     344.4063759830806     4:45
2395500     4791.000000058556     344.01784704566467     268.1503162156946     4:44
2396000     4792.00000005876     307.0113227318499     306.52598140078067     4:44
2396500     4793.000000058963     306.42935413142243     271.56146016844315     4:44
2397000     4794.000000059167     320.77166049899404     313.1449561935214     4:44
2397500     4795.000000059371     374.06810723682736     244.2911912711127     4:44
2398000     4796.000000059575     329.2300054089952     277.88505387292844     4:44
2398500     4797.000000059778     339.1711144332321     211.06604870146003     4:44
2399000     4798.000000059982     361.5901776377709     202.76309866601397     4:44
2399500     4799.000000060186     331.92664716138927     263.2796496786346     4:44
2400000     4800.0000000603895     322.4113624724299     238.15412865267746     4:44
2400500     4801.000000060593     372.2998575781753     292.57572717909875     4:44
2401000     4802.000000060797     385.39367510083605     275.7578855158952     4:44
2401500     4803.000000061001     395.0129739313378     286.5027453984987     4:44
2402000     4804.000000061204     339.9284437159214     269.7332036261077     4:44
2402500     4805.000000061408     333.61129818439156     234.34981385918064     4:44
2403000     4806.000000061612     330.6451735318368     260.084463286217     4:44
2403500     4807.000000061816     339.7300885261833     326.81555185801164     4:44
2404000     4808.000000062019     339.88444773358685     321.47761985046344     4:44
2404500     4809.000000062223     315.5120343312383     268.4384830137328     4:43
2405000     4810.000000062427     329.6987079572965     312.1531770798277     4:43
2405500     4811.0000000626305     339.91649559585267     268.63558409460813     4:43
2406000     4812.000000062834     328.71436684582795     268.6833046857534     4:43
2406500     4813.000000063038     349.1740888418474     373.9461628223809     4:43
2407000     4814.000000063242     344.11633507771285     323.52366868732065     4:43
2407500     4815.000000063445     348.88204141567724     295.84604661032     4:43
2408000     4816.000000063649     332.50986050975825     304.47030768700347     4:43
2408500     4817.000000063853     344.4244437943852     279.4187630057347     4:43
2409000     4818.000000064057     383.0390867278845     313.3401947772867     4:43
2409500     4819.00000006426     362.54563797381877     255.1819557647133     4:43
2410000     4820.000000064464     304.9344989158893     293.30223377152095     4:43
2410500     4821.000000064668     324.4758454638376     235.19065215703318     4:43
2411000     4822.0000000648715     317.81294143349726     302.4421022615685     4:43
2411500     4823.000000065075     319.9662399306992     325.14087909038255     4:43
2412000     4824.000000065279     317.5543749503065     304.9098731831889     4:43
2412500     4825.000000065483     333.7162260501427     285.9521166489086     4:43
2413000     4826.000000065686     354.12780067911694     297.57524166632686     4:43
2413500     4827.00000006589     324.71458158213034     346.6871851583755     4:43
2414000     4828.000000066094     352.1175067889136     350.5017603162809     4:42
2414500     4829.000000066298     371.35721841820657     359.10041784601583     4:42
2415000     4830.000000066501     327.2227673291294     375.737329880725     4:42
2415500     4831.000000066705     355.1549563932126     269.99308082485646     4:42
2416000     4832.000000066909     353.0582702073842     365.6440756413487     4:42
2416500     4833.0000000671125     340.4940250195974     314.9790852592858     4:42
2417000     4834.000000067316     332.6500019059357     375.3837011304425     4:42
2417500     4835.00000006752     366.8996313690103     405.3539028029182     4:42
2418000     4836.000000067724     399.98040864162135     260.5278042487862     4:42
2418500     4837.000000067927     352.27261440080997     276.0089689976857     4:42
2419000     4838.000000068131     316.8463002817517     334.5463828037759     4:42
2419500     4839.000000068335     341.1566367026968     331.5076974399881     4:42
2420000     4840.000000068539     351.26969715393784     330.71514214430977     4:42
2420500     4841.000000068742     322.87663789050237     317.45363589546093     4:42
2421000     4842.000000068946     394.7710081036503     255.79189628163496     4:42
2421500     4843.00000006915     341.42893638709154     299.4092337581308     4:42
2422000     4844.0000000693535     348.6698762890654     312.0373751586974     4:42
2422500     4845.000000069557     316.3691752980071     337.6912252392639     4:42
2423000     4846.000000069761     339.2240748585738     345.6076045654581     4:41
2423500     4847.000000069965     294.82597809688     391.6407750082057     4:41
2424000     4848.000000070168     328.2644266393677     362.30980342562873     4:41
2424500     4849.000000070372     346.417469656275     240.49241804993338     4:41
2425000     4850.000000070576     381.407876738657     296.9922745651257     4:41
2425500     4851.00000007078     351.51414361759885     267.6518893427742     4:41
2426000     4852.000000070983     304.3761585959211     340.585976134051     4:41
2426500     4853.000000071187     328.23428489701325     289.00428106738786     4:41
2427000     4854.000000071391     330.0830823892047     303.16538911422265     4:41
2427500     4855.0000000715945     304.2698071604119     246.78230416372688     4:41
2428000     4856.000000071798     348.79107111231576     301.6767026045277     4:41
2428500     4857.000000072002     318.9811027454149     270.566265255006     4:41
2429000     4858.000000072206     359.4126899806505     283.3555616746208     4:41
2429500     4859.000000072409     316.53849779826703     373.5766784057681     4:41
2430000     4860.000000072613     365.4548255820482     314.63614872848586     4:41
2430500     4861.000000072817     349.4345822041852     233.77231747793857     4:41
2431000     4862.000000073021     353.8457469381144     322.7599523520162     4:41
2431500     4863.000000073224     356.6581113326549     290.8786327420933     4:41
2432000     4864.000000073428     340.5165187579946     358.86732530097044     4:40
2432500     4865.000000073632     324.4665242447137     266.23032653105764     4:40
2433000     4866.0000000738355     332.2887897500086     294.138139828145     4:40
2433500     4867.000000074039     383.8584546594077     289.0135412885766     4:40
2434000     4868.000000074243     361.1210620300526     236.41347859925787     4:40
2434500     4869.000000074447     324.23047494832963     316.3269161100358     4:40
2435000     4870.00000007465     355.1445908344175     260.3055892461583     4:40
2435500     4871.000000074854     334.9103673994872     281.7065885544899     4:40
2436000     4872.000000075058     324.76629574151866     340.942735668124     4:40
2436500     4873.000000075262     347.17049706366674     321.3680908636458     4:40
2437000     4874.000000075465     306.2086915898768     271.38444982616556     4:40
2437500     4875.000000075669     308.80759278161247     301.98243350561995     4:40
2438000     4876.000000075873     336.76182823583315     264.2016465698033     4:40
2438500     4877.0000000760765     326.51181380479954     285.8523946973445     4:40
2439000     4878.00000007628     317.06650887974627     292.2619803264338     4:40
2439500     4879.000000076484     304.4217445492276     402.7748424396204     4:40
2440000     4880.000000076688     342.5873030048531     343.6438491867407     4:40
2440500     4881.000000076891     320.8639614800595     282.16037811066917     4:40
2441000     4882.000000077095     343.6473951664417     251.8589016251292     4:39
2441500     4883.000000077299     346.26915139454104     275.16842874252075     4:39
2442000     4884.000000077503     295.3208899838012     377.068560031587     4:39
2442500     4885.000000077706     324.2278902197178     332.9542363992644     4:39
2443000     4886.00000007791     338.0082932695316     289.38785257407045     4:39
2443500     4887.000000078114     330.54635326997607     265.21917871749844     4:39
2444000     4888.0000000783175     325.2613838444548     328.0688232635451     4:39
2444500     4889.000000078521     315.63095285827603     335.8771671333382     4:39
2445000     4890.000000078725     299.4334577611013     290.29456702367156     4:39
2445500     4891.000000078929     335.84568128497233     210.66109989231134     4:39
2446000     4892.000000079132     349.15627969536865     291.36797005625925     4:39
2446500     4893.000000079336     371.17334584484433     256.4112542487696     4:39
2447000     4894.00000007954     382.1781347639188     300.827241988809     4:39
2447500     4895.000000079744     325.6175953228078     273.975391063921     4:39
2448000     4896.000000079947     361.0302523758927     229.8339727761221     4:39
2448500     4897.000000080151     316.1690874624038     262.66822248524187     4:39
2449000     4898.000000080355     355.96772033931063     223.53752256853826     4:39
2449500     4899.0000000805585     328.7761717709334     234.85026568951514     4:39
2450000     4900.000000080762     339.3057396499793     273.9265894384683     4:38
2450500     4901.000000080966     338.9569726668848     290.87543134409685     4:38
2451000     4902.00000008117     354.0435388321812     319.27075507514303     4:38
2451500     4903.000000081373     345.86370298292877     373.19344273837595     4:38
2452000     4904.000000081577     317.70078441912415     407.21800418827263     4:38
2452500     4905.000000081781     374.28262846218047     268.9923874487234     4:38
2453000     4906.000000081985     326.37752183473947     286.0050073107675     4:38
2453500     4907.000000082188     331.35258982816174     248.81162456220508     4:38
2454000     4908.000000082392     313.932556839663     254.66929534606774     4:38
2454500     4909.000000082596     314.7266553440993     294.39529572799717     4:38
2455000     4910.0000000827995     359.63444765842985     321.7692277812024     4:38
2455500     4911.000000083003     354.1418379064402     314.24653705522803     4:38
2456000     4912.000000083207     324.907162441006     269.29856875655815     4:38
2456500     4913.000000083411     361.30387886708183     247.81641243721117     4:38
2457000     4914.000000083614     349.77251656563374     306.9224125640811     4:38
2457500     4915.000000083818     343.08363851592446     356.2461064968271     4:38
2458000     4916.000000084022     339.97843907540346     339.22414273733443     4:38
2458500     4917.000000084226     333.0255497225347     373.2944235635459     4:38
2459000     4918.000000084429     344.1013321926258     312.66550599840025     4:37
2459500     4919.000000084633     340.4212952704022     297.2616052195017     4:37
2460000     4920.000000084837     357.4370518679592     296.2894242241405     4:37
2460500     4921.0000000850405     321.1702087917573     259.1963830270398     4:37
2461000     4922.000000085244     333.08961740333484     286.69000342256027     4:37
2461500     4923.000000085448     312.12739862452304     312.82992212307806     4:37
2462000     4924.000000085652     314.4319201607474     302.83400474297963     4:37
2462500     4925.000000085855     303.1138978428977     258.30813226688747     4:37
2463000     4926.000000086059     319.55419147063174     365.7814739490105     4:37
2463500     4927.000000086263     315.6265908730867     335.72096050144415     4:37
2464000     4928.000000086467     342.9288288743287     300.208412346636     4:37
2464500     4929.00000008667     321.3773784666507     367.9285390715268     4:37
2465000     4930.000000086874     331.7240252534299     291.29929578329984     4:37
2465500     4931.000000087078     310.50864414893704     273.5118787219283     4:37
2466000     4932.0000000872815     326.56530357950294     251.21803144017363     4:37
2466500     4933.000000087485     346.2292874407635     270.9905726253879     4:37
2467000     4934.000000087689     333.1454617786154     319.57633041024144     4:37
2467500     4935.000000087893     313.2539742756578     293.83035737729904     4:37
2468000     4936.000000088096     324.9263125066492     358.65314341303423     4:37
2468500     4937.0000000883     327.76074423100783     321.7418599770285     4:36
2469000     4938.000000088504     300.5374720614709     285.71591320378013     4:36
2469500     4939.000000088708     317.9966884592735     289.81260791316015     4:36
2470000     4940.000000088911     327.79550911252556     379.7259153145318     4:36
2470500     4941.000000089115     398.657382594536     296.89322678668805     4:36
2471000     4942.000000089319     330.64649439933055     349.6945427117482     4:36
2471500     4943.0000000895225     337.8183241403701     310.9933043162576     4:36
2472000     4944.000000089726     341.7460140494728     309.51416653929726     4:36
2472500     4945.00000008993     329.04085800705116     363.494376387752     4:36
2473000     4946.000000090134     381.39431945302636     332.3874812282799     4:36
2473500     4947.000000090337     316.3794744723183     318.2602403907581     4:36
2474000     4948.000000090541     330.178107309173     249.79322108641412     4:36
2474500     4949.000000090745     343.72221604730214     222.92415837266145     4:36
2475000     4950.000000090949     315.8651789937185     299.44262161105655     4:36
2475500     4951.000000091152     349.91566327008115     274.32822422775246     4:36
2476000     4952.000000091356     310.0704833087111     315.44310174973464     4:36
2476500     4953.00000009156     337.89557810088866     300.82695827058484     4:36
2477000     4954.0000000917635     351.4992405966361     269.67515521287635     4:36
2477500     4955.000000091967     354.8055206014693     294.8782374149613     4:35
2478000     4956.000000092171     352.70111841328674     375.6688535568143     4:35
2478500     4957.000000092375     366.22917624026763     321.3597513638685     4:35
2479000     4958.000000092578     303.5660339142721     245.3798680103222     4:35
2479500     4959.000000092782     328.29585317729425     344.6030267540889     4:35
2480000     4960.000000092986     361.89149212189795     366.8858796453621     4:35
2480500     4961.00000009319     358.28535792259436     331.91081005777613     4:35
2481000     4962.000000093393     335.0522417502867     260.9719292575061     4:35
2481500     4963.000000093597     310.56818777524074     337.82770519896525     4:35
2482000     4964.000000093801     309.70056883410393     307.71653986744786     4:35
2482500     4965.0000000940045     337.29434994840506     261.5126000558754     4:35
2483000     4966.000000094208     324.98896821224434     249.9672469108419     4:35
2483500     4967.000000094412     334.9074842983855     273.98231429153606     4:35
2484000     4968.000000094616     363.67554462728174     289.674902962078     4:35
2484500     4969.000000094819     336.24911974973884     300.7973570166586     4:35
2485000     4970.000000095023     333.6669501408147     311.6767117335479     4:35
2485500     4971.000000095227     334.2625707643922     262.1076689320164     4:35
2486000     4972.000000095431     325.2401896970382     218.63635401250468     4:35
2486500     4973.000000095634     312.96350791123473     366.736026903452     4:34
2487000     4974.000000095838     355.0745778365898     235.540168079888     4:34
2487500     4975.000000096042     312.72339230932096     317.41306195925023     4:34
2488000     4976.0000000962455     342.3798303076172     291.3954245236892     4:34
2488500     4977.000000096449     338.6510960244167     301.8294061356582     4:34
2489000     4978.000000096653     329.5506256114377     277.74893165042926     4:34
2489500     4979.000000096857     331.15395168065527     286.5684112495653     4:34
2490000     4980.00000009706     350.2806153095007     261.43018983040116     4:34
2490500     4981.000000097264     356.8995236017839     283.9696579429135     4:34
2491000     4982.000000097468     372.95198292239     263.2367455866497     4:34
2491500     4983.000000097672     328.3917501600232     368.4080673039432     4:34
2492000     4984.000000097875     338.90838664407056     380.1090713381091     4:34
2492500     4985.000000098079     331.3567982788596     335.6618711603847     4:34
2493000     4986.000000098283     351.0637287341061     299.65116876468414     4:34
2493500     4987.000000098486     340.3145853913238     336.28637864446966     4:34
2494000     4988.00000009869     349.76606866906775     296.81928994300677     4:34
2494500     4989.000000098894     365.90077672933046     280.7913564671136     4:34
2495000     4990.000000099098     341.7587764255776     324.15888807277156     4:34
2495500     4991.000000099301     346.6343837360939     265.98337256451816     4:33
2496000     4992.000000099505     356.3676969426426     266.4342178788592     4:33
2496500     4993.000000099709     319.42248040775644     387.1327893054891     4:33
2497000     4994.0000000999125     338.99388594611844     406.3597092062096     4:33
2497500     4995.000000100116     317.85264840063337     389.52860318068826     4:33
2498000     4996.00000010032     316.71260031931706     380.8142661482316     4:33
2498500     4997.000000100524     331.2265513677688     308.8717173958324     4:33
2499000     4998.000000100727     360.0335463489945     335.0593386363505     4:33
2499500     4999.000000100931     320.63882001129     326.41307624946563     4:33
2500000     5000.000000101135     349.86039189947985     347.51475647827033     4:33
2500500     5001.000000101339     344.0666103204768     365.1877721161044     4:33
2501000     5002.000000101542     333.07580100403584     399.3420607667706     4:33
2501500     5003.000000101746     326.7685378807845     321.7290989639436     4:33
2502000     5004.00000010195     333.83509547310405     336.9737276697188     4:33
2502500     5005.0000001021535     353.74828164573864     306.71266101320106     4:33
2503000     5006.000000102357     322.4943962092058     304.7356555128723     4:33
2503500     5007.000000102561     313.9279840863786     270.960598101879     4:33
2504000     5008.000000102765     357.4846880437202     342.1377659265113     4:33
2504500     5009.000000102968     343.97965865936317     264.6955309722138     4:32
2505000     5010.000000103172     318.5500743048218     385.8284811294284     4:32
2505500     5011.000000103376     349.7788799691058     264.0845286568369     4:32
2506000     5012.00000010358     355.75916803721736     295.21326495287303     4:32
2506500     5013.000000103783     332.2365299477334     303.18989370488623     4:32
2507000     5014.000000103987     333.12772250805256     321.53737831097465     4:32
2507500     5015.000000104191     333.29679928641326     304.72199619699364     4:32
2508000     5016.0000001043945     331.36615535034775     274.9461215577576     4:32
2508500     5017.000000104598     347.67569820344636     311.3865926186151     4:32
2509000     5018.000000104802     312.5136437433814     427.5901810439748     4:32
2509500     5019.000000105006     349.09571535620955     296.50977314526284     4:32
2510000     5020.000000105209     323.5028162989855     263.4464948448084     4:32
2510500     5021.000000105413     323.92586690032147     253.50063362051444     4:32
2511000     5022.000000105617     346.29779335452974     302.54008439276583     4:32
2511500     5023.000000105821     376.3076081341891     355.7263167639712     4:32
2512000     5024.000000106024     336.8304504200347     286.4524806615533     4:32
2512500     5025.000000106228     342.66832007420965     361.3459565373056     4:32
2513000     5026.000000106432     344.03848694160433     394.9976871377793     4:32
2513500     5027.0000001066355     344.95987514594674     340.5879740006201     4:31
2514000     5028.000000106839     307.4589877940291     254.4443331061137     4:31
2514500     5029.000000107043     352.4901074412419     260.55619698017586     4:31
2515000     5030.000000107247     337.36600688871715     216.38539519855027     4:31
2515500     5031.00000010745     335.57556846084174     246.40692511587642     4:31
2516000     5032.000000107654     362.33494710151786     287.0137022201617     4:31
2516500     5033.000000107858     342.78774499241115     279.14102747672837     4:31
2517000     5034.000000108062     344.5817638331479     281.39410153611334     4:31
2517500     5035.000000108265     340.61038981231206     305.6841303174485     4:31
2518000     5036.000000108469     358.0951417719698     327.2137445095111     4:31
2518500     5037.000000108673     338.00584491061454     369.8627479673343     4:31
2519000     5038.0000001088765     400.08856001659603     427.8264627161131     4:31
2519500     5039.00000010908     376.7964062720698     403.53458148043364     4:31
2520000     5040.000000109284     364.8884715003155     285.8950078478217     4:31
2520500     5041.000000109488     367.18546435232486     330.2474942555537     4:31
2521000     5042.000000109691     334.60315832985236     314.66330202596424     4:31
2521500     5043.000000109895     335.81483059425534     280.89877129835065     4:31
2522000     5044.000000110099     352.17973045676706     299.28715328390575     4:31
2522500     5045.000000110303     366.06291691321667     333.3216093284109     4:30
2523000     5046.000000110506     334.47897897653877     334.0165139445271     4:30
2523500     5047.00000011071     315.39338118086016     284.49450896330893     4:30
2524000     5048.000000110914     336.6827186960603     235.53441118550572     4:30
2524500     5049.0000001111175     333.9082097067052     246.8742418254598     4:30
2525000     5050.000000111321     310.90559390493434     307.39078354610024     4:30
2525500     5051.000000111525     328.30176384718675     300.09470817682575     4:30
2526000     5052.000000111729     334.52519331258304     260.3368418004138     4:30
2526500     5053.000000111932     355.0428649565023     294.00270809423006     4:30
2527000     5054.000000112136     320.3269142938651     300.1601782302883     4:30
2527500     5055.00000011234     336.34815310427746     341.7024677338974     4:30
2528000     5056.000000112544     369.05354125863107     242.4931752402657     4:30
2528500     5057.000000112747     343.14276488309395     236.83396361145145     4:30
2529000     5058.000000112951     332.5352443063633     312.1598175721018     4:30
2529500     5059.000000113155     320.59422851209604     290.32501765823673     4:30
2530000     5060.0000001133585     321.61952855739037     334.0828416413059     4:30
2530500     5061.000000113562     349.5585616846007     281.69724303437584     4:30
2531000     5062.000000113766     368.68601051092764     346.71584398269323     4:30
2531500     5063.00000011397     331.06193465314675     300.05443704937807     4:29
2532000     5064.000000114173     337.1221183344652     330.85452863703995     4:29
2532500     5065.000000114377     333.025607923381     354.96085764148614     4:29
2533000     5066.000000114581     338.9169169290143     322.72197737298677     4:29
2533500     5067.000000114785     361.9462948158283     282.9956086782738     4:29
2534000     5068.000000114988     349.9104914413516     295.84519216793336     4:29
2534500     5069.000000115192     341.2184942198902     276.3757099591555     4:29
2535000     5070.000000115396     374.6882452125045     256.6431752535211     4:29
2535500     5071.0000001155995     301.456086343062     338.47955057689677     4:29
2536000     5072.000000115803     298.4336332043446     399.1317266466733     4:29
2536500     5073.000000116007     315.33815559680556     238.2374226253934     4:29
2537000     5074.000000116211     313.33332410857736     291.5727307804196     4:29
2537500     5075.000000116414     338.2447667721501     236.83000067472477     4:29
2538000     5076.000000116618     340.68729312067467     287.4022649814312     4:29
2538500     5077.000000116822     338.98003469331775     312.66227216323915     4:29
2539000     5078.000000117026     326.38242978443407     295.6957845126834     4:29
2539500     5079.000000117229     329.6022010375341     305.4890737628492     4:29
2540000     5080.000000117433     357.4659871804339     312.7866294713189     4:29
2540500     5081.000000117637     322.30625030557906     337.99769421905637     4:28
2541000     5082.0000001178405     325.29317955420765     264.86770822942896     4:28
2541500     5083.000000118044     332.0487752165783     228.5744228094209     4:28
2542000     5084.000000118248     298.7190322741035     227.80575047819482     4:28
2542500     5085.000000118452     338.9725648703526     311.21858679450145     4:28
2543000     5086.000000118655     325.08251051884645     272.4080876040915     4:28
2543500     5087.000000118859     326.68695328270576     278.0477361189402     4:28
2544000     5088.000000119063     294.3188788127611     274.85011094096046     4:28
2544500     5089.000000119267     317.1107426834275     289.1377732558353     4:28
2545000     5090.00000011947     345.52071078585186     283.7091496080032     4:28
2545500     5091.000000119674     311.3964975969484     271.34017815813024     4:28
2546000     5092.000000119878     316.7225842611209     291.17009219489984     4:28
2546500     5093.0000001200815     319.6513650979258     288.5819250612908     4:28
2547000     5094.000000120285     320.56488033142625     201.8443053686876     4:28
2547500     5095.000000120489     302.4791416772139     333.61701221366593     4:28
2548000     5096.000000120693     334.46866600087003     323.2082689439527     4:28
2548500     5097.000000120896     347.8694554552884     253.0239600725231     4:28
2549000     5098.0000001211     346.97010088243553     317.75907158444824     4:28
2549500     5099.000000121304     342.3305964908093     293.4023968620662     4:28
2550000     5100.000000121508     343.4344270874333     318.73567362488524     4:27
2550500     5101.000000121711     337.5165605264898     309.8344980556618     4:27
2551000     5102.000000121915     365.22170268674506     394.478395159593     4:27
2551500     5103.000000122119     358.74535261610083     300.14500775667875     4:27
2552000     5104.0000001223225     344.5760847641051     343.76378325389874     4:27
2552500     5105.000000122526     345.246209152342     369.448080503711     4:27
2553000     5106.00000012273     309.810519931449     382.63787434314963     4:27
2553500     5107.000000122934     334.97982075112884     268.67115820274546     4:27
2554000     5108.000000123137     333.84625263018245     349.531525405487     4:27
2554500     5109.000000123341     356.5209689506628     333.27730523128383     4:27
2555000     5110.000000123545     329.21586039930355     365.87935676661897     4:27
2555500     5111.000000123749     356.0928052226403     339.8775912926637     4:27
2556000     5112.000000123952     361.9798960775894     406.8807156556593     4:27
2556500     5113.000000124156     331.48855830278285     344.95998112104695     4:27
2557000     5114.00000012436     315.5240456284039     300.4601315661769     4:27
2557500     5115.0000001245635     325.50699701490805     332.81220311301166     4:27
2558000     5116.000000124767     348.93965504007235     275.2244302994171     4:27
2558500     5117.000000124971     333.73254894848867     340.85045663308455     4:27
2559000     5118.000000125175     355.03504223086077     299.1446446616012     4:26
2559500     5119.000000125378     339.1402454984716     369.1698539064666     4:26
2560000     5120.000000125582     355.79773967158496     256.29134209163266     4:26
2560500     5121.000000125786     335.49802495580445     364.01017583268316     4:26
2561000     5122.00000012599     325.5759474679003     269.08467394318046     4:26
2561500     5123.000000126193     316.78465872327615     305.92419303035126     4:26
2562000     5124.000000126397     346.24046104443835     329.4871731288919     4:26
2562500     5125.000000126601     370.09532952742495     214.23485745474156     4:26
2563000     5126.0000001268045     318.30854590786464     278.89291938226677     4:26
2563500     5127.000000127008     366.1667552950058     264.9097057882346     4:26
2564000     5128.000000127212     324.36491718281206     331.0386754784648     4:26
2564500     5129.000000127416     324.26334293988873     274.1412794225394     4:26
2565000     5130.000000127619     319.0308504805704     284.37619336374024     4:26
2565500     5131.000000127823     324.16656563579727     324.9502758727104     4:26
2566000     5132.000000128027     342.1837683607482     310.2589270694478     4:26
2566500     5133.000000128231     341.62342619795197     302.70764445209056     4:26
2567000     5134.000000128434     342.2864421667846     274.68155758428827     4:26
2567500     5135.000000128638     352.251892731599     270.31543524810263     4:26
2568000     5136.000000128842     333.18323678619254     303.3289170676751     4:25
2568500     5137.0000001290455     325.6105713258422     358.9983792124525     4:25
2569000     5138.000000129249     327.3710075439168     349.80139541451007     4:25
2569500     5139.000000129453     341.64847438761524     246.08872665389836     4:25
2570000     5140.000000129657     327.6090259856088     235.52481956919254     4:25
2570500     5141.00000012986     298.348633238037     298.53656028029485     4:25
2571000     5142.000000130064     318.5537201694567     225.1093385401125     4:25
2571500     5143.000000130268     305.3463217413189     302.82359869388364     4:25
2572000     5144.000000130472     323.1883230585862     289.8229715630554     4:25
2572500     5145.000000130675     347.3696838511672     322.88397838202945     4:25
2573000     5146.000000130879     367.61567633595905     309.9888733520824     4:25
2573500     5147.000000131083     362.57022309379363     306.49325222089277     4:25
2574000     5148.0000001312865     351.2732542458426     348.41571073972034     4:25
2574500     5149.00000013149     369.6126863832807     394.90710991559763     4:25
2575000     5150.000000131694     369.3023545355687     362.0153995210869     4:25
2575500     5151.000000131898     346.53159425664046     298.97126173564186     4:25
2576000     5152.000000132101     322.643941716368     353.1074858534322     4:25
2576500     5153.000000132305     318.4776277675362     350.65802121463116     4:25
2577000     5154.000000132509     294.3905626863916     264.132878206462     4:24
2577500     5155.000000132713     317.1486335933482     312.7789317720871     4:24
2578000     5156.000000132916     325.17993496231315     284.43980934422945     4:24
2578500     5157.00000013312     330.01324404446405     262.03351588631733     4:24
2579000     5158.000000133324     314.99446479605774     313.325599005792     4:24
2579500     5159.0000001335275     299.0206691232107     310.08434847310866     4:24
2580000     5160.000000133731     346.55742973392705     294.97279021209295     4:24
2580500     5161.000000133935     330.4507344532748     370.11402178536963     4:24
2581000     5162.000000134139     341.4460387234143     317.43028581921254     4:24
2581500     5163.000000134342     320.96752213362834     385.3283272237143     4:24
2582000     5164.000000134546     347.4842389220988     352.1822943455559     4:24
2582500     5165.00000013475     371.2056225945156     282.28387782790685     4:24
2583000     5166.000000134954     336.56461364051074     314.3996574176487     4:24
2583500     5167.000000135157     320.9220276068477     336.02849864828875     4:24
2584000     5168.000000135361     338.6677485780575     334.52337598990727     4:24
2584500     5169.000000135565     344.5620671665132     328.7468963899117     4:24
2585000     5170.0000001357685     342.6947829155753     344.2615514214894     4:24
2585500     5171.000000135972     361.30546408304576     325.0335984237148     4:24
2586000     5172.000000136176     348.03171578158594     346.6147055813617     4:23
2586500     5173.00000013638     364.66216536290665     375.58347612999546     4:23
2587000     5174.000000136583     340.41582180683076     438.4972923024174     4:23
2587500     5175.000000136787     320.3827659610773     380.4651759288531     4:23
2588000     5176.000000136991     357.85812583580105     331.37329675259485     4:23
2588500     5177.000000137195     362.4598644613162     302.12792324705697     4:23
2589000     5178.000000137398     342.58010969334475     272.85744625003446     4:23
2589500     5179.000000137602     297.99579122347984     284.1771488462295     4:23
2590000     5180.000000137806     328.9054707795259     269.076382493678     4:23
2590500     5181.000000138009     308.9229606122693     317.1715177163901     4:23
2591000     5182.000000138213     344.31861325708394     300.5920616847534     4:23
2591500     5183.000000138417     358.5366678634291     308.32875851797115     4:23
2592000     5184.000000138621     340.77293431423027     304.41685824694883     4:23
2592500     5185.000000138824     327.8952132651118     238.4350167866928     4:23
2593000     5186.000000139028     337.1172270430385     290.5675399082526     4:23
2593500     5187.000000139232     343.89702807384776     312.8711164987747     4:23
2594000     5188.0000001394355     303.60545102071285     309.63523156396496     4:23
2594500     5189.000000139639     331.70671595443343     337.8257062607103     4:23
2595000     5190.000000139843     326.03319497980476     371.43896955655237     4:22
2595500     5191.000000140047     338.36118361705564     266.24560907050994     4:22
2596000     5192.00000014025     355.8115732104212     337.31733006656646     4:22
2596500     5193.000000140454     319.6788440313819     347.2749661834619     4:22
2597000     5194.000000140658     323.02847458891256     276.06209856475215     4:22
2597500     5195.000000140862     344.1366456417478     307.16249299310095     4:22
2598000     5196.000000141065     347.21321162097627     318.498974049771     4:22
2598500     5197.000000141269     359.4312502761196     343.36348894376516     4:22
2599000     5198.000000141473     332.9385986874843     312.51553408341283     4:22
2599500     5199.0000001416765     337.9617208466567     307.35002617602794     4:22
2600000     5200.00000014188     329.9697792949803     214.15349753787822     4:22
2600500     5201.000000142084     355.50401908067977     289.38792437500194     4:22
2601000     5202.000000142288     332.3139854201564     276.5693034022621     4:22
2601500     5203.000000142491     315.0090594127113     246.81621826080806     4:22
2602000     5204.000000142695     352.6345504296447     237.8143914047577     4:22
2602500     5205.000000142899     345.41054376994487     312.9982684889832     4:22
2603000     5206.000000143103     346.8312512113117     299.1311730905463     4:22
2603500     5207.000000143306     354.105084811624     291.560703050695     4:22
2604000     5208.00000014351     335.7182716158742     309.6491657077174     4:21
2604500     5209.000000143714     345.67423191293733     335.2903256396667     4:21
2605000     5210.0000001439175     329.94448214059594     319.8870659831847     4:21
2605500     5211.000000144121     331.19437313384526     360.99190083223766     4:21
2606000     5212.000000144325     293.5595924180319     302.99145940649043     4:21
2606500     5213.000000144529     332.47110174167733     240.8883719073791     4:21
2607000     5214.000000144732     327.2513481182151     329.60177780036906     4:21
2607500     5215.000000144936     373.2363971911873     371.22653774164576     4:21
2608000     5216.00000014514     361.0355596573212     322.6191325572087     4:21
2608500     5217.000000145344     334.92344594364386     321.632797147304     4:21
2609000     5218.000000145547     357.39123754425657     248.9106671578006     4:21
2609500     5219.000000145751     313.0277636901661     292.2147630764484     4:21
2610000     5220.000000145955     343.7387235389193     352.3546246863288     4:21
2610500     5221.0000001461585     364.81891501756     336.87601377078477     4:21
2611000     5222.000000146362     326.603830843287     294.14732172544825     4:21
2611500     5223.000000146566     325.22728810414867     282.6600275530815     4:21
2612000     5224.00000014677     333.47681960490615     263.1261342577046     4:21
2612500     5225.000000146973     336.3940635422099     309.31326625752746     4:21
2613000     5226.000000147177     349.63153935496223     389.97568702716325     4:21
2613500     5227.000000147381     324.84763925562663     331.828445747278     4:20
2614000     5228.000000147585     330.82814891508076     273.3416083429364     4:20
2614500     5229.000000147788     339.8946219661367     204.43391160479774     4:20
2615000     5230.000000147992     328.6821099001919     241.86153516434752     4:20
2615500     5231.000000148196     313.0748427562082     269.5500308118679     4:20
2616000     5232.0000001483995     334.41544905615035     235.7858940448407     4:20
2616500     5233.000000148603     349.16899661014725     280.58143485927127     4:20
2617000     5234.000000148807     341.32621125854837     321.7732075096919     4:20
2617500     5235.000000149011     318.12510241630446     270.78411648215643     4:20
2618000     5236.000000149214     345.8442816872256     274.13625410004937     4:20
2618500     5237.000000149418     321.7406270745653     351.9889526537588     4:20
2619000     5238.000000149622     411.9983672330238     292.422313582449     4:20
2619500     5239.000000149826     355.47638454929984     379.3071056318414     4:20
2620000     5240.000000150029     321.77715063245296     246.33689266379537     4:20
2620500     5241.000000150233     321.1565383477979     271.0635524879452     4:20
2621000     5242.000000150437     299.35471039545075     291.71291219358136     4:20
2621500     5243.0000001506405     315.9113543821676     225.3266536821658     4:20
2622000     5244.000000150844     302.20373160562247     253.5002330400985     4:20
2622500     5245.000000151048     309.4232409542881     236.7182318685871     4:20
2623000     5246.000000151252     328.7746720876272     317.1699560986049     4:19
2623500     5247.000000151455     355.24615199077255     330.2410787951004     4:19
2624000     5248.000000151659     291.46252891995914     328.56689565266726     4:19
2624500     5249.000000151863     340.2097302800695     219.80242099899982     4:19
2625000     5250.000000152067     319.9629110595047     318.0717700821593     4:19
2625500     5251.00000015227     352.0426753470798     315.48859840107775     4:19
2626000     5252.000000152474     371.9151925850556     303.5137728363315     4:19
2626500     5253.000000152678     342.789190540641     354.3504789402877     4:19
2627000     5254.0000001528815     329.21904678821113     342.61964295113654     4:19
2627500     5255.000000153085     335.11080879447456     284.51221905782285     4:19
2628000     5256.000000153289     335.2010163040526     294.6829175687521     4:19
2628500     5257.000000153493     378.46281297064263     274.8167239114769     4:19
2629000     5258.000000153696     317.3511577460232     293.2765477027462     4:19
2629500     5259.0000001539     369.1429111235061     326.19382807682604     4:19
2630000     5260.000000154104     358.75163579286414     341.9859917871544     4:19
2630500     5261.000000154308     343.29012008950053     280.1105779455872     4:19
2631000     5262.000000154511     357.7430474429266     294.03099451277217     4:19
2631500     5263.000000154715     327.85192957645097     286.98659942713886     4:19
2632000     5264.000000154919     333.9554820191346     291.08393974750277     4:18
2632500     5265.0000001551225     348.4553591396825     303.61294818372784     4:18
2633000     5266.000000155326     345.73883191617006     273.3833128653005     4:18
2633500     5267.00000015553     336.78140332470696     283.9255028403886     4:18
2634000     5268.000000155734     325.7864309178259     353.57639169345805     4:18
2634500     5269.000000155937     345.13087954797265     358.26108423541444     4:18
2635000     5270.000000156141     324.64049179094275     313.3461228992107     4:18
2635500     5271.000000156345     333.31530054410587     321.69499506343317     4:18
2636000     5272.000000156549     342.28059783086337     327.80524826031507     4:18
2636500     5273.000000156752     336.71909117483904     309.2489913456657     4:18
2637000     5274.000000156956     337.46928448264475     253.48527508319918     4:18
2637500     5275.00000015716     319.41003462095387     280.5632832867116     4:18
2638000     5276.0000001573635     351.2660354377193     342.57649803459725     4:18
2638500     5277.000000157567     357.44911462509026     254.41763131330086     4:18
2639000     5278.000000157771     315.57495532958114     266.2278632935002     4:18
2639500     5279.000000157975     316.0012981653132     229.17019754103097     4:18
2640000     5280.000000158178     322.52736488874893     319.7959487605189     4:18
2640500     5281.000000158382     351.2811809187252     259.4618308607723     4:18
2641000     5282.000000158586     331.70997189878665     372.21292159740045     4:17
2641500     5283.00000015879     335.43228833617593     323.17118698396274     4:17
2642000     5284.000000158993     350.15881863301956     367.24221069885954     4:17
2642500     5285.000000159197     329.5393086857306     337.4324206143575     4:17
2643000     5286.000000159401     360.8887386572003     297.579913974298     4:17
2643500     5287.0000001596045     318.57752182869956     316.1802808151723     4:17
2644000     5288.000000159808     333.72394044278667     275.5601619611475     4:17
2644500     5289.000000160012     297.4536059955283     332.6020844280006     4:17
2645000     5290.000000160216     335.53979703262087     282.6810716359335     4:17
2645500     5291.000000160419     317.4078683396963     232.23502585888872     4:17
2646000     5292.000000160623     319.57999674711596     239.67841203626494     4:17
2646500     5293.000000160827     337.72442222612347     290.3359924960023     4:17
2647000     5294.000000161031     318.75428698366386     349.1627294329807     4:17
2647500     5295.000000161234     313.390241534502     324.7213038324804     4:17
2648000     5296.000000161438     320.6631822054926     307.3828390241026     4:17
2648500     5297.000000161642     331.6833338084746     270.55521529024827     4:17
2649000     5298.0000001618455     349.9820765674782     341.7032596754057     4:17
2649500     5299.000000162049     333.8813734592683     303.4185530510103     4:17
2650000     5300.000000162253     359.7878356311584     279.40835476079286     4:16
2650500     5301.000000162457     336.1377381553639     295.221117717575     4:16
2651000     5302.00000016266     322.45060951573385     305.3819257874352     4:16
2651500     5303.000000162864     311.3263430707991     282.10657268524534     4:16
2652000     5304.000000163068     369.5225804314074     269.4669812400288     4:16
2652500     5305.000000163272     347.3136110249409     299.14358019301346     4:16
2653000     5306.000000163475     327.32294411572843     310.5683699188521     4:16
2653500     5307.000000163679     299.0652908094688     308.04154477356053     4:16
2654000     5308.000000163883     347.6740766123768     281.20177311821016     4:16
2654500     5309.0000001640865     330.99036457780414     398.49589804315497     4:16
2655000     5310.00000016429     340.22238171139725     300.8025174159628     4:16
2655500     5311.000000164494     348.3118004040051     310.2257759965221     4:16
2656000     5312.000000164698     324.7473246958008     328.3013003097579     4:16
2656500     5313.000000164901     308.92311348128726     296.20879696094636     4:16
2657000     5314.000000165105     297.24600515753923     263.466007123327     4:16
2657500     5315.000000165309     290.12851608927076     271.47702167563995     4:16
2658000     5316.000000165513     313.99378679794313     243.2518954408772     4:16
2658500     5317.000000165716     343.22178083842164     366.2428591137336     4:16
2659000     5318.00000016592     329.18476183475013     301.5601340587005     4:15
2659500     5319.000000166124     307.862406931161     340.51939855485347     4:15
2660000     5320.0000001663275     313.0019770400893     324.08890486576377     4:15
2660500     5321.000000166531     310.72816311979125     298.6496531734321     4:15
2661000     5322.000000166735     329.3406063121532     239.85427439515428     4:15
2661500     5323.000000166939     294.32330557758667     285.97451800671035     4:15
2662000     5324.000000167142     317.06088078188554     304.316006637622     4:15
2662500     5325.000000167346     328.11867198433026     293.34578169036496     4:15
2663000     5326.00000016755     357.41168865776365     297.4005059055473     4:15
2663500     5327.000000167754     377.75091590204295     330.448464200938     4:15
2664000     5328.000000167957     354.82016588558656     349.0100925421402     4:15
2664500     5329.000000168161     344.03233865559343     308.6577296142146     4:15
2665000     5330.000000168365     338.91827221610254     288.8521339571479     4:15
2665500     5331.0000001685685     340.2626667381779     298.0112841215306     4:15
2666000     5332.000000168772     355.41872188825494     361.1267524430431     4:15
2666500     5333.000000168976     337.1329796535539     322.68937502741795     4:15
2667000     5334.00000016918     346.4986873047369     286.4387152891437     4:15
2667500     5335.000000169383     313.1888621937527     347.0541477549669     4:15
2668000     5336.000000169587     328.3989330132513     296.89930113418797     4:14
2668500     5337.000000169791     327.6466657671443     276.5540248680085     4:14
2669000     5338.000000169995     336.24574649622843     255.67755376650732     4:14
2669500     5339.000000170198     345.0700904835004     269.45830050418544     4:14
2670000     5340.000000170402     322.1447406119554     298.01211181011837     4:14
2670500     5341.000000170606     355.1055344717669     294.60510815709006     4:14
2671000     5342.0000001708095     364.35937975652257     333.0991591603755     4:14
2671500     5343.000000171013     355.8004153994033     327.68448166079156     4:14
2672000     5344.000000171217     328.02235955687354     390.82995519921764     4:14
2672500     5345.000000171421     309.94225904000666     296.2292404476552     4:14
2673000     5346.000000171624     323.0931305174855     306.3733943625039     4:14
2673500     5347.000000171828     352.56234623285684     334.9314716561155     4:14
2674000     5348.000000172032     341.56872596763526     293.7252275578279     4:14
2674500     5349.000000172236     332.93826799569104     290.10877071447993     4:14
2675000     5350.000000172439     344.8364302302996     326.10335657816563     4:14
2675500     5351.000000172643     366.3005208597025     405.2247632169675     4:14
2676000     5352.000000172847     354.2606133136052     348.8553884500892     4:14
2676500     5353.0000001730505     353.45223963509716     282.1535137026613     4:14
2677000     5354.000000173254     327.452328474567     367.7928766648084     4:14
2677500     5355.000000173458     349.24641723782327     293.56430618647005     4:13
2678000     5356.000000173662     365.320929891269     225.9235559200939     4:13
2678500     5357.000000173865     307.0590294338166     230.81988182864052     4:13
2679000     5358.000000174069     363.2519161191457     267.2966988334298     4:13
2679500     5359.000000174273     312.8322463284203     282.5697859562568     4:13
2680000     5360.000000174477     358.587277201779     250.8995821512402     4:13
2680500     5361.00000017468     298.56794226902775     354.3729610761556     4:13
2681000     5362.000000174884     342.9212424560194     273.1584800268678     4:13
2681500     5363.000000175088     339.46272680725576     276.81765373404653     4:13
2682000     5364.0000001752915     338.7576489404586     326.88841488461424     4:13
2682500     5365.000000175495     334.4844143942436     332.577187733532     4:13
2683000     5366.000000175699     324.43717497323803     318.7040362890021     4:13
2683500     5367.000000175903     292.0135455727194     265.48017417902287     4:13
2684000     5368.000000176106     318.46478450748793     295.3268946496011     4:13
2684500     5369.00000017631     383.24498685446963     246.72933997332242     4:13
2685000     5370.000000176514     320.50854598057333     371.30409209309255     4:13
2685500     5371.000000176718     346.1281776773736     296.4307277306987     4:13
2686000     5372.000000176921     338.92804549903815     262.5719661113101     4:13
2686500     5373.000000177125     342.68573464628014     280.92269533803784     4:12
2687000     5374.000000177329     360.4709724169019     305.408496697338     4:12
2687500     5375.0000001775325     314.82487251393434     391.07858756803176     4:12
2688000     5376.000000177736     334.44717521038353     289.6384736688415     4:12
2688500     5377.00000017794     321.14037313696906     327.2570210234176     4:12
2689000     5378.000000178144     321.26232434074234     241.76847687849738     4:12
2689500     5379.000000178347     303.04185553824254     237.09862303963337     4:12
2690000     5380.000000178551     326.9075659516194     324.6614970633596     4:12
2690500     5381.000000178755     312.5065991078608     282.4072569027879     4:12
2691000     5382.0000001789585     310.17065786441367     225.7725123273629     4:12
2691500     5383.000000179162     301.48777784434844     304.22641030464393     4:12
2692000     5384.000000179366     344.9225660080672     246.56232525878312     4:12
2692500     5385.00000017957     356.6518721666906     345.4932178185671     4:12
2693000     5386.000000179773     333.82331363397975     330.1447977663401     4:12
2693500     5387.000000179977     297.08664429790804     338.26274114945437     4:12
2694000     5388.000000180181     323.0537310501529     260.048685561811     4:12
2694500     5389.000000180385     342.2218197022279     274.0316287923178     4:12
2695000     5390.000000180588     342.18026574987437     342.7130259476979     4:12
2695500     5391.000000180792     346.47328987482445     331.3740181525539     4:11
2696000     5392.000000180996     371.8150560142425     303.44383120508235     4:11
2696500     5393.0000001811995     343.10353251970866     292.1930977387413     4:11
2697000     5394.000000181403     350.3495147984179     258.92561138108937     4:11
2697500     5395.000000181607     342.7866427856334     288.94990110534485     4:11
2698000     5396.000000181811     342.4351463862572     302.3559194598312     4:11
2698500     5397.000000182014     321.40376977362814     280.64373943538544     4:11
2699000     5398.000000182218     324.07701544415715     283.3224831049743     4:11
2699500     5399.000000182422     339.00671928500446     255.85443260829334     4:11
2700000     5400.000000182626     322.02553492279503     283.9673098732348     4:11
2700500     5401.000000182829     346.06321903287596     344.62450481520415     4:11
2701000     5402.000000183033     347.47559300170315     316.2511373391538     4:11
2701500     5403.000000183237     323.04251806080106     409.9702006224722     4:11
2702000     5404.0000001834405     328.84433192287463     358.3460231066001     4:11
2702500     5405.000000183644     320.129448622195     285.7750973214233     4:11
2703000     5406.000000183848     303.2811554517989     256.47533846110326     4:11
2703500     5407.000000184052     324.9938810421287     265.00215542112466     4:11
2704000     5408.000000184255     353.44270297459263     236.03436467184437     4:11
2704500     5409.000000184459     321.6086598933722     272.1373806266099     4:10
2705000     5410.000000184663     298.8236055244728     295.68820825503155     4:10
2705500     5411.000000184867     346.33975362110345     287.1869558334023     4:10
2706000     5412.00000018507     333.031060464921     289.7168057402635     4:10
2706500     5413.000000185274     338.45708020302084     288.2732970806092     4:10
2707000     5414.000000185478     374.9846659823253     368.15696650564746     4:10
2707500     5415.0000001856815     313.6023664264924     311.37186294088593     4:10
2708000     5416.000000185885     314.6094685459851     379.0039157280937     4:10
2708500     5417.000000186089     348.94567005802276     319.5826858986721     4:10
2709000     5418.000000186293     313.7214228698874     291.1051154519409     4:10
2709500     5419.000000186496     347.0381735679508     274.838522202809     4:10
2710000     5420.0000001867     321.88271147531975     325.347051323657     4:10
2710500     5421.000000186904     314.9697394169401     312.4568880448886     4:10
2711000     5422.000000187108     334.0963215748336     274.0722907238234     4:10
2711500     5423.000000187311     332.82560836929076     324.01162975507407     4:10
2712000     5424.000000187515     349.34142055484085     357.0538289602367     4:10
2712500     5425.000000187719     328.14040472702607     284.6560366141758     4:10
2713000     5426.0000001879225     322.00871799483195     274.9231222033066     4:10
2713500     5427.000000188126     357.00329383173573     359.3128671953977     4:09
2714000     5428.00000018833     345.987676658317     360.9961467747495     4:09
2714500     5429.000000188534     365.018686380354     287.8845569240544     4:09
2715000     5430.000000188737     367.741812088207     253.01454385747346     4:09
2715500     5431.000000188941     334.067134585929     284.67591153825794     4:09
2716000     5432.000000189145     306.3641544385101     266.37358792586394     4:09
2716500     5433.000000189349     339.6211199064195     315.18997014112665     4:09
2717000     5434.000000189552     357.15794904813833     342.54589992314703     4:09
2717500     5435.000000189756     372.66778305596074     432.249773678842     4:09
2718000     5436.00000018996     359.97182986960036     382.29275628789435     4:09
2718500     5437.0000001901635     339.646796847916     379.9929081034541     4:09
2719000     5438.000000190367     379.3129164929287     362.57680653179756     4:09
2719500     5439.000000190571     364.4222220114506     375.5741999727781     4:09
2720000     5440.000000190775     346.69506285911154     284.9070451788711     4:09
2720500     5441.000000190978     380.378451542001     374.8482212552499     4:09
2721000     5442.000000191182     336.4456888972693     302.15284129451226     4:09
2721500     5443.000000191386     316.2927912635124     273.4005212937944     4:09
2722000     5444.00000019159     355.73872375874885     304.922759504803     4:09
2722500     5445.000000191793     380.4572798357748     278.2988341966474     4:08
2723000     5446.000000191997     347.02885477375673     348.04127490455585     4:08
2723500     5447.000000192201     359.4989546780196     307.13503169594446     4:08
2724000     5448.0000001924045     351.4704332638843     318.9070569909715     4:08
2724500     5449.000000192608     337.53240763886095     334.6533932280127     4:08
2725000     5450.000000192812     329.16645526853597     333.63865663432625     4:08
2725500     5451.000000193016     359.456365811861     306.2685501402391     4:08
2726000     5452.000000193219     331.0243157329202     387.49924558199734     4:08
2726500     5453.000000193423     334.7849498368198     268.1838199640748     4:08
2727000     5454.000000193627     332.67707432733084     239.95551309497603     4:08
2727500     5455.000000193831     328.37695235868307     341.5734508731278     4:08
2728000     5456.000000194034     326.0718827287184     407.08216901611297     4:08
2728500     5457.000000194238     331.3465960937017     314.3671442056626     4:08
2729000     5458.000000194442     355.06164620242964     343.14951094657835     4:08
2729500     5459.0000001946455     349.5131411783865     306.6111222252047     4:08
2730000     5460.000000194849     387.12436316102605     217.97815700804614     4:08
2730500     5461.000000195053     347.18078431816673     368.2827020057237     4:08
2731000     5462.000000195257     386.5584647398133     361.9851205177117     4:08
2731500     5463.00000019546     324.99099786103966     316.98465639772223     4:08
2732000     5464.000000195664     308.2344202925866     306.48135331950914     4:07
2732500     5465.000000195868     323.55655821614505     384.53110606228927     4:07
2733000     5466.000000196072     325.3601243084614     339.5806551337961     4:07
2733500     5467.000000196275     332.0254806223329     328.50372789922073     4:07
2734000     5468.000000196479     335.8488174167759     344.7285527527066     4:07
2734500     5469.000000196683     338.62569903699466     314.23891520148214     4:07
2735000     5470.0000001968865     361.31194473132405     268.3798487940262     4:07
2735500     5471.00000019709     384.04709534064216     323.77806818703385     4:07
2736000     5472.000000197294     353.4255993543368     306.36615029919983     4:07
2736500     5473.000000197498     366.2290352219054     280.2058056464485     4:07
2737000     5474.000000197701     348.09356991164884     263.03715913114377     4:07
2737500     5475.000000197905     316.3990343823043     358.9185137624694     4:07
2738000     5476.000000198109     325.92194394772355     362.63121864037856     4:07
2738500     5477.000000198313     346.1082119592452     298.0981844643507     4:07
2739000     5478.000000198516     317.0337311547968     287.1646927573809     4:07
2739500     5479.00000019872     348.9136349459867     283.1865898478471     4:07
2740000     5480.000000198924     353.16443869792465     305.06579396761487     4:07
2740500     5481.0000001991275     353.3596533461897     280.0911419323485     4:07
2741000     5482.000000199331     332.4846890284409     245.03739419349674     4:06
2741500     5483.000000199535     335.9110797769979     237.91646498617715     4:06
2742000     5484.000000199739     331.5772414605027     290.46222257000073     4:06
2742500     5485.000000199942     332.58404889277006     314.154981753234     4:06
2743000     5486.000000200146     324.82340539795416     327.1614626378526     4:06
2743500     5487.00000020035     298.6386139078446     312.7646108526852     4:06
2744000     5488.000000200554     324.81779788753477     268.40608855503     4:06
2744500     5489.000000200757     339.7818166497957     350.9314725837196     4:06
2745000     5490.000000200961     331.9656155664388     280.0440773340173     4:06
2745500     5491.000000201165     359.1407164856031     296.0931248692044     4:06
2746000     5492.0000002013685     328.01460247385455     368.494954019602     4:06
2746500     5493.000000201572     296.2841924173392     395.1619193603637     4:06
2747000     5494.000000201776     329.92492405539326     313.2024255089096     4:06
2747500     5495.00000020198     333.11953915702645     225.21046263615386     4:06
2748000     5496.000000202183     332.55135257185816     371.1893680446957     4:06
2748500     5497.000000202387     321.50706671910336     292.7444537492615     4:06
2749000     5498.000000202591     339.83466965888124     261.32103579234246     4:06
2749500     5499.000000202795     339.9492108200395     297.9446142037842     4:06
2750000     5500.000000202998     374.7226416483496     265.9034677507683     4:05
2750500     5501.000000203202     331.99586493918844     322.2161347490616     4:05
2751000     5502.000000203406     329.7780622872576     278.0099262804385     4:05
2751500     5503.0000002036095     309.0809675696046     261.98091043416247     4:05
2752000     5504.000000203813     328.0943105537325     274.31687740804176     4:05
2752500     5505.000000204017     312.17580752773654     309.08914652004796     4:05
2753000     5506.000000204221     347.229677753733     275.5812410887312     4:05
2753500     5507.000000204424     314.8417213684953     274.49755754969254     4:05
2754000     5508.000000204628     312.5539377607852     289.7157642957657     4:05
2754500     5509.000000204832     339.2727129001677     243.55172396472392     4:05
2755000     5510.000000205036     343.9005801418067     350.8665352529652     4:05
2755500     5511.000000205239     316.3421177959293     281.6694103001992     4:05
2756000     5512.000000205443     371.11035510428394     314.92915437568206     4:05
2756500     5513.000000205647     366.31682671574106     271.8636789431994     4:05
2757000     5514.0000002058505     331.5013093277529     282.9336282396905     4:05
2757500     5515.000000206054     314.04904477420325     314.37004671431947     4:05
2758000     5516.000000206258     317.90798625159584     340.38037774312085     4:05
2758500     5517.000000206462     332.3080867578568     315.1084112580213     4:05
2759000     5518.000000206665     349.20447664564574     292.4868223196064     4:04
2759500     5519.000000206869     335.28093176615573     322.5995044155274     4:04
2760000     5520.000000207073     305.4589736490535     267.8236546730242     4:04
2760500     5521.000000207277     320.58902603484125     259.53709833862604     4:04
2761000     5522.00000020748     317.7970833165426     315.9151789240433     4:04
2761500     5523.000000207684     316.5444044353752     306.51243708425767     4:04
2762000     5524.000000207888     333.0084774541616     236.99441298089116     4:04
2762500     5525.0000002080915     351.6201647172177     246.23842580769045     4:04
2763000     5526.000000208295     304.28012497244674     310.9104385455999     4:04
2763500     5527.000000208499     324.63914202390833     330.54064451171496     4:04
2764000     5528.000000208703     354.6164007315141     255.46528689030447     4:04
2764500     5529.000000208906     331.9379387543612     287.5235180899871     4:04
2765000     5530.00000020911     343.4948699394414     347.9923899499807     4:04
2765500     5531.000000209314     305.348254845439     315.19574505436196     4:04
2766000     5532.000000209518     315.50932789489536     251.00602765375658     4:04
2766500     5533.000000209721     318.3041826382172     249.6524667189339     4:04
2767000     5534.000000209925     321.8210120670891     260.0022732265852     4:04
2767500     5535.000000210129     300.9521683869285     299.9336374072177     4:04
2768000     5536.0000002103325     358.2716924540357     285.40359508793205     4:03
2768500     5537.000000210536     345.27973582101333     266.0849741763113     4:03
2769000     5538.00000021074     346.80743873276504     341.01707002449535     4:03
2769500     5539.000000210944     340.21618609925383     366.52523055779454     4:03
2770000     5540.000000211147     381.9343562264663     382.19260347423074     4:03
2770500     5541.000000211351     336.5107572039394     393.18123207231196     4:03
2771000     5542.000000211555     325.62083173669794     370.27968962293517     4:03
2771500     5543.000000211759     301.83598724047545     340.93889132322136     4:03
2772000     5544.000000211962     366.33078850976085     310.3702872948633     4:03
2772500     5545.000000212166     344.0595990246994     304.8652009912484     4:03
2773000     5546.00000021237     337.78968943169946     332.748407589829     4:03
2773500     5547.0000002125735     351.46795614568657     373.9734415575558     4:03
2774000     5548.000000212777     347.9556899076848     328.1461937603271     4:03
2774500     5549.000000212981     315.8424232039388     356.33448590936905     4:03
2775000     5550.000000213185     339.2339713171615     286.70932706015634     4:03
2775500     5551.000000213388     356.3282674773161     330.0897838506715     4:03
2776000     5552.000000213592     315.27187641921364     417.03322844539616     4:03
2776500     5553.000000213796     314.48087983168534     393.1897138499863     4:03
2777000     5554.000000214     322.07014392520057     343.11940594784414     4:03
2777500     5555.000000214203     333.96911227551414     296.3503019202193     4:02
2778000     5556.000000214407     364.43882851044134     306.5292019518814     4:02
2778500     5557.000000214611     315.9701244619398     329.8460293436082     4:02
2779000     5558.0000002148145     330.25670919854986     330.34778389180974     4:02
2779500     5559.000000215018     329.18513714707456     228.94953342318408     4:02
2780000     5560.000000215222     337.07612962105145     232.56716618237172     4:02
2780500     5561.000000215426     347.96705803239377     268.56198252914635     4:02
2781000     5562.000000215629     308.42118924751196     230.54917888360382     4:02
2781500     5563.000000215833     356.5803240160468     274.55214921711297     4:02
2782000     5564.000000216037     350.7108329460209     272.532098065396     4:02
2782500     5565.000000216241     334.09798228626494     303.17880578105735     4:02
2783000     5566.000000216444     372.681142517873     302.9338295602362     4:02
2783500     5567.000000216648     341.01931078349037     365.745241232419     4:02
2784000     5568.000000216852     327.43921671135627     332.9949679842934     4:02
2784500     5569.0000002170555     330.5013529754689     333.6049244372437     4:02
2785000     5570.000000217259     338.17756694068623     333.67018456541706     4:02
2785500     5571.000000217463     315.7851111597215     348.88698307192607     4:02
2786000     5572.000000217667     340.124928362104     344.7420421569364     4:02
2786500     5573.00000021787     347.1853729028004     287.15176192144975     4:01
2787000     5574.000000218074     366.06715806274076     316.1312892006122     4:01
2787500     5575.000000218278     329.35825263630943     324.3060063084178     4:01
2788000     5576.000000218482     301.45466101384716     329.82267401993397     4:01
2788500     5577.000000218685     344.0430445047166     258.67398315191264     4:01
2789000     5578.000000218889     336.6976913891998     268.8417114745011     4:01
2789500     5579.000000219093     342.2132603265642     279.53169199956216     4:01
2790000     5580.000000219296     379.38853249136923     291.9147710751043     4:01
2790500     5581.0000002195     367.20727480176174     218.39494542771203     4:01
2791000     5582.000000219704     362.1709866931118     226.95092896912166     4:01
2791500     5583.000000219908     337.6987460245822     278.5890435834506     4:01
2792000     5584.000000220111     346.16735688403764     280.0074009314249     4:01
2792500     5585.000000220315     328.35692363580824     255.1101522256804     4:01
2793000     5586.000000220519     336.2093707229243     268.7029838404868     4:01
2793500     5587.0000002207225     344.4569946113121     246.86775788004448     4:01
2794000     5588.000000220926     343.87380562149133     274.9009121908699     4:01
2794500     5589.00000022113     306.9825647123863     300.94722961805724     4:01
2795000     5590.000000221334     280.8249733171025     325.2707752905561     4:01
2795500     5591.000000221537     347.76136394313573     256.2480518940542     4:00
2796000     5592.000000221741     329.7806684945948     297.1635744890681     4:00
2796500     5593.000000221945     352.25524137004163     330.77578519165075     4:00
2797000     5594.000000222149     335.02107980420567     340.7404219235831     4:00
2797500     5595.000000222352     351.6837271082328     288.6969821224321     4:00
2798000     5596.000000222556     335.52139054788745     302.8669054571819     4:00
2798500     5597.00000022276     379.3530220057696     280.8770496759467     4:00
2799000     5598.0000002229635     366.42157038389644     342.4196182790619     4:00
2799500     5599.000000223167     329.7671222509614     323.26694616025935     4:00
2800000     5600.000000223371     354.02788472181476     270.11101468630443     4:00
2800500     5601.000000223575     348.9558191886382     249.43312112177873     4:00
2801000     5602.000000223778     288.2076863903213     273.92416307719594     4:00
2801500     5603.000000223982     312.31475842847715     310.29511481963624     4:00
2802000     5604.000000224186     332.0116895718488     195.8765133896725     4:00
2802500     5605.00000022439     317.60522066243936     268.8143636670561     4:00
2803000     5606.000000224593     301.1114782875268     292.0526276364285     4:00
2803500     5607.000000224797     333.3586235507747     279.94845828013666     4:00
2804000     5608.000000225001     335.8585201742118     276.74469892592947     4:00
2804500     5609.0000002252045     336.2101279534978     292.4762876520665     3:59
2805000     5610.000000225408     346.77999114668853     276.97190774227346     3:59
2805500     5611.000000225612     342.49007868192837     360.89255834221865     3:59
2806000     5612.000000225816     357.76773226474586     258.9937689359895     3:59
2806500     5613.000000226019     323.12643670587624     312.2463916663113     3:59
2807000     5614.000000226223     351.7807812093449     276.7678917973726     3:59
2807500     5615.000000226427     328.1265150257665     363.7803299184449     3:59
2808000     5616.000000226631     337.4699462263102     284.1925982689604     3:59
2808500     5617.000000226834     324.8805301683916     296.92467233319314     3:59
2809000     5618.000000227038     320.49254446083705     319.1654090778731     3:59
2809500     5619.000000227242     310.8872443486439     321.84482792970874     3:59
2810000     5620.0000002274455     361.62761473223725     253.9333605098813     3:59
2810500     5621.000000227649     369.1472555177636     260.7970810080623     3:59
2811000     5622.000000227853     353.8043024506768     342.57221673250814     3:59
2811500     5623.000000228057     333.09944502365636     339.5549536698812     3:59
2812000     5624.00000022826     333.3029351930412     398.9365556497529     3:59
2812500     5625.000000228464     374.1763342407876     327.2184870603319     3:59
2813000     5626.000000228668     325.6673912141853     352.3995904596358     3:59
2813500     5627.000000228872     333.86422619249004     339.11898288644153     3:58
2814000     5628.000000229075     346.70628592029095     337.18335643890725     3:58
2814500     5629.000000229279     343.33443648254115     401.703607255889     3:58
2815000     5630.000000229483     357.51944672410184     326.94791739991166     3:58
2815500     5631.0000002296865     346.90859856413533     327.2677836875739     3:58
2816000     5632.00000022989     342.7242745820821     345.58128573785626     3:58
2816500     5633.000000230094     355.0153729172355     279.7274783035823     3:58
2817000     5634.000000230298     333.0475155480566     296.2904416838656     3:58
2817500     5635.000000230501     355.69597381689937     269.81819975074586     3:58
2818000     5636.000000230705     316.7528344770101     291.7789904115897     3:58
2818500     5637.000000230909     352.1970039147026     318.34586774036046     3:58
2819000     5638.000000231113     406.1440209356433     251.43295625058775     3:58
2819500     5639.000000231316     306.56922716893393     325.49663253953497     3:58
2820000     5640.00000023152     320.02991075631303     270.7324803910141     3:58
2820500     5641.000000231724     311.6856148136985     245.21874377751774     3:58
2821000     5642.0000002319275     360.7970404216443     195.16631913090583     3:58
2821500     5643.000000232131     315.1811396823524     345.021957079136     3:58
2822000     5644.000000232335     330.54508266408527     265.31665875884516     3:58
2822500     5645.000000232539     334.50077810113     320.1625854193088     3:58
2823000     5646.000000232742     346.65828120347135     326.1715925861186     3:57
2823500     5647.000000232946     320.91945936420916     321.9075836739468     3:57
2824000     5648.00000023315     330.24187050370335     292.1260010276686     3:57
2824500     5649.000000233354     321.6973563603258     288.6138547312678     3:57
2825000     5650.000000233557     326.5254887995434     321.02098420352803     3:57
2825500     5651.000000233761     334.9353286573512     296.4051620943836     3:57
2826000     5652.000000233965     325.65952708067687     287.010274746914     3:57
2826500     5653.0000002341685     335.08134608156877     318.08891997763607     3:57
2827000     5654.000000234372     350.5578962745435     279.5438216605338     3:57
2827500     5655.000000234576     368.40799018647533     288.4169426424889     3:57
2828000     5656.00000023478     341.9168944711183     354.36069252994963     3:57
2828500     5657.000000234983     354.3965582536388     348.9795538799883     3:57
2829000     5658.000000235187     364.8289304288704     326.3501083341411     3:57
2829500     5659.000000235391     334.588047814913     292.38523925948186     3:57
2830000     5660.000000235595     333.45823376957173     293.13171876560915     3:57
2830500     5661.000000235798     340.48220314755656     273.3136321360643     3:57
2831000     5662.000000236002     344.1048272246122     301.7594913147186     3:57
2831500     5663.000000236206     364.0007715560789     295.6126079773578     3:57
2832000     5664.0000002364095     341.91900590533373     235.97922601275403     3:56
2832500     5665.000000236613     328.6630710515062     264.3845202565511     3:56
2833000     5666.000000236817     298.67522424566755     256.65521742577624     3:56
2833500     5667.000000237021     345.70630304582994     309.5128416772932     3:56
2834000     5668.000000237224     363.04665753647373     333.61191965954134     3:56
2834500     5669.000000237428     363.7303395618868     263.88042467829456     3:56
2835000     5670.000000237632     296.8810458442299     327.75257892680526     3:56
2835500     5671.000000237836     369.49484677556813     193.4914501256961     3:56
2836000     5672.000000238039     324.4181188954951     286.064717252772     3:56
2836500     5673.000000238243     344.11407291701573     315.93460873724655     3:56
2837000     5674.000000238447     337.39258376557757     384.2229235799888     3:56
2837500     5675.0000002386505     350.9513530731675     254.8622215830149     3:56
2838000     5676.000000238854     331.9912060077239     294.8261374029366     3:56
2838500     5677.000000239058     310.1379840750377     276.9197903410868     3:56
2839000     5678.000000239262     312.32316840841236     295.76482001036493     3:56
2839500     5679.000000239465     330.9882319167102     419.377603677978     3:56
2840000     5680.000000239669     359.9163772678754     312.66154272260917     3:56
2840500     5681.000000239873     362.5365720445785     307.2094637836039     3:56
2841000     5682.000000240077     351.47553159010806     261.661324181435     3:55
2841500     5683.00000024028     375.67641733390417     284.1021964884071     3:55
2842000     5684.000000240484     354.2411234320275     359.95857159966704     3:55
2842500     5685.000000240688     336.62559652917287     309.76559472852784     3:55
2843000     5686.0000002408915     313.34340448024466     332.9794646704991     3:55
2843500     5687.000000241095     340.05094029895236     345.0318870979053     3:55
2844000     5688.000000241299     354.32784699560943     264.42361659837394     3:55
2844500     5689.000000241503     338.7772389938941     281.4102207402789     3:55
2845000     5690.000000241706     334.95774645737026     301.12543873073236     3:55
2845500     5691.00000024191     318.3770561351645     286.5354109957313     3:55
2846000     5692.000000242114     333.12116244434947     251.38333525169898     3:55
2846500     5693.000000242318     343.447323390585     277.19566879801414     3:55
2847000     5694.000000242521     340.0709202638826     260.1626312343045     3:55
2847500     5695.000000242725     329.1701809084018     270.01554415072104     3:55
2848000     5696.000000242929     339.50912443048674     295.8914465314224     3:55
2848500     5697.0000002431325     308.06916701946216     249.34001250100533     3:55
2849000     5698.000000243336     331.45693006996953     263.20925770674023     3:55
2849500     5699.00000024354     315.8213958844234     270.114857093696     3:55
2850000     5700.000000243744     331.430307861448     301.2624588927419     3:54
2850500     5701.000000243947     357.5341653723019     354.256544043695     3:54
2851000     5702.000000244151     324.68476529759994     407.0302723620222     3:54
2851500     5703.000000244355     370.1139298145198     275.79712321529735     3:54
2852000     5704.000000244559     325.7315898574468     308.02666727180883     3:54
2852500     5705.000000244762     311.8732950601359     276.4608025234076     3:54
2853000     5706.000000244966     325.02865062547596     268.25596092873536     3:54
2853500     5707.00000024517     305.0870555351289     255.56912461592762     3:54
2854000     5708.0000002453735     323.29184353899313     296.69800126497665     3:54
2854500     5709.000000245577     326.1395601090933     313.28383924821617     3:54
2855000     5710.000000245781     318.5449059055576     346.46393392638385     3:54
2855500     5711.000000245985     358.81316778103655     317.8831331032061     3:54
2856000     5712.000000246188     331.3560328794556     380.40455385506954     3:54
2856500     5713.000000246392     304.0676893294533     315.317388264628     3:54
2857000     5714.000000246596     340.41451208789556     380.0506283184543     3:54
2857500     5715.0000002468     328.5630445753926     286.5803058722787     3:54
2858000     5716.000000247003     343.4462306601148     271.62570022125135     3:54
2858500     5717.000000247207     329.4623198891936     300.9709168535256     3:54
2859000     5718.000000247411     345.28306067567485     305.09429286653875     3:53
2859500     5719.0000002476145     322.2366969222022     317.18159175681643     3:53
2860000     5720.000000247818     323.0292874194711     334.8979581071584     3:53
2860500     5721.000000248022     332.12632349774503     298.42679490097953     3:53
2861000     5722.000000248226     322.83370926332225     333.62114650710174     3:53
2861500     5723.000000248429     315.3015970850853     279.9437717718239     3:53
2862000     5724.000000248633     346.98349389242696     262.12715096114323     3:53
2862500     5725.000000248837     333.1003471486016     273.96058479799336     3:53
2863000     5726.000000249041     354.4666847688162     290.91466634712936     3:53
2863500     5727.000000249244     311.6484331367709     243.2839586659148     3:53
2864000     5728.000000249448     302.95243372615766     258.03227221631545     3:53
2864500     5729.000000249652     309.747107623822     313.3312862022496     3:53
2865000     5730.0000002498555     318.7905445580817     257.0111889276732     3:53
2865500     5731.000000250059     354.20193959470623     246.9639566453135     3:53
2866000     5732.000000250263     324.36544737746317     348.53407784479185     3:53
2866500     5733.000000250467     337.2945147546516     273.03492362128515     3:53
2867000     5734.00000025067     344.1704050401095     274.38038953793705     3:53
2867500     5735.000000250874     363.4220119863912     343.5001337856595     3:53
2868000     5736.000000251078     316.9723180335627     285.6675765971327     3:52
2868500     5737.000000251282     336.4710578147334     268.29565229635705     3:52
2869000     5738.000000251485     321.3246463694761     252.80552941653806     3:52
2869500     5739.000000251689     357.9042655786758     281.59426243136284     3:52
2870000     5740.000000251893     364.29422687808494     374.6832330481336     3:52
2870500     5741.0000002520965     348.8968051778934     301.5752756593585     3:52
2871000     5742.0000002523     328.43936192368835     263.29251485715906     3:52
2871500     5743.000000252504     363.73606496038724     304.35991515149715     3:52
2872000     5744.000000252708     352.3411450922283     264.28256795727066     3:52
2872500     5745.000000252911     332.32877614816323     331.3719588931207     3:52
2873000     5746.000000253115     325.94080491024306     281.3439481011066     3:52
2873500     5747.000000253319     335.3058538073303     258.072586170831     3:52
2874000     5748.000000253523     321.85852018986157     311.5621079046862     3:52
2874500     5749.000000253726     331.16067617106205     271.2948600403602     3:52
2875000     5750.00000025393     344.9644863793603     278.41809555995826     3:52
2875500     5751.000000254134     354.55387691620206     339.79239413510504     3:52
2876000     5752.0000002543375     373.795465919413     273.8879151349966     3:52
2876500     5753.000000254541     341.6679477915111     309.78442872074544     3:52
2877000     5754.000000254745     340.9364073092894     280.20783585128845     3:52
2877500     5755.000000254949     342.99462957719936     308.7580861329495     3:51
2878000     5756.000000255152     330.85455407191023     297.89708043714484     3:51
2878500     5757.000000255356     343.01512949470043     230.4612001059703     3:51
2879000     5758.00000025556     281.44919559939046     246.556240763569     3:51
2879500     5759.000000255764     321.8968526384948     258.2823468804875     3:51
2880000     5760.000000255967     328.941781141113     256.15039442513034     3:51
2880500     5761.000000256171     315.2700584779295     290.81920756577983     3:51
2881000     5762.000000256375     343.6395201414216     301.56208572975805     3:51
2881500     5763.0000002565785     317.2355601945309     260.41152607128635     3:51
2882000     5764.000000256782     331.9012342166203     314.5646842296732     3:51
2882500     5765.000000256986     372.69258145279593     283.64732647917367     3:51
2883000     5766.00000025719     314.71956044597016     290.5824250470272     3:51
2883500     5767.000000257393     337.36019755337395     252.65009912918813     3:51
2884000     5768.000000257597     318.1621674065426     271.5915900480489     3:51
2884500     5769.000000257801     358.7810793293578     328.02156517244066     3:51
2885000     5770.000000258005     319.8684938399765     309.02095988633573     3:51
2885500     5771.000000258208     323.81853557675083     232.43271822879018     3:51
2886000     5772.000000258412     313.1651574346175     244.38790568880992     3:51
2886500     5773.000000258616     327.2583665352447     284.4475476343184     3:50
2887000     5774.0000002588195     298.8272335248023     265.11687002718236     3:50
2887500     5775.000000259023     308.9206608669605     345.3900192939953     3:50
2888000     5776.000000259227     363.11675547861716     335.29435506531536     3:50
2888500     5777.000000259431     356.3443986186742     267.81665904707836     3:50
2889000     5778.000000259634     306.0585411701935     255.68970255232793     3:50
2889500     5779.000000259838     323.66360435853426     317.4563177337152     3:50
2890000     5780.000000260042     359.9575274576547     263.44345294433873     3:50
2890500     5781.0000002602455     340.79842421443595     261.7995577178319     3:50
2891000     5782.000000260449     301.51720217931313     271.58651405964406     3:50
2891500     5783.000000260653     331.03168379839565     305.88016013230134     3:50
2892000     5784.000000260857     354.41355764267666     342.65016795383536     3:50
2892500     5785.00000026106     339.61869041933835     365.9954763911287     3:50
2893000     5786.000000261264     319.2812222316036     391.2817899035921     3:50
2893500     5787.000000261468     367.4817856164452     301.7295433996952     3:50
2894000     5788.000000261672     335.5572233134152     340.305150694665     3:50
2894500     5789.000000261875     326.1877247521594     330.69039268453736     3:50
2895000     5790.000000262079     327.2477577204892     281.42326853729566     3:50
2895500     5791.000000262283     304.99564937394837     361.2839213721072     3:49
2896000     5792.0000002624865     322.1794409902443     301.4313577883694     3:49
2896500     5793.00000026269     334.9446600666897     262.6565816805165     3:49
2897000     5794.000000262894     335.420915925631     276.2979149193855     3:49
2897500     5795.000000263098     326.675989693171     363.9322940630552     3:49
2898000     5796.000000263301     372.61359406437     239.37823115180933     3:49
2898500     5797.000000263505     322.3460258711451     336.57939309523175     3:49
2899000     5798.000000263709     365.0984547244868     243.3702649193998     3:49
2899500     5799.000000263913     315.0255924217548     268.21999177823466     3:49
2900000     5800.000000264116     300.34811969277973     341.25956321184503     3:49
2900500     5801.00000026432     335.63983783677133     333.2628474590159     3:49
2901000     5802.000000264524     310.86678216365226     307.9360130153976     3:49
2901500     5803.0000002647275     320.4381624783201     291.3869098083265     3:49
2902000     5804.000000264931     323.1713735073711     262.1298817942089     3:49
2902500     5805.000000265135     336.6610479261809     258.5881300338317     3:49
2903000     5806.000000265339     337.89001457165125     279.51393880955436     3:49
2903500     5807.000000265542     331.5606085002945     268.8104907801934     3:49
2904000     5808.000000265746     336.8604830016069     303.31557446220154     3:49
2904500     5809.00000026595     368.56967461358624     305.56010745607307     3:49
2905000     5810.000000266154     324.07271543773265     291.96657921723056     3:49
2905500     5811.000000266357     372.84928643748196     333.51109011362206     3:48
2906000     5812.000000266561     322.97608456630917     320.6826306695114     3:48
2906500     5813.000000266765     349.51022499156613     375.60675513995204     3:48
2907000     5814.0000002669685     340.89816757141955     307.9977966129463     3:48
2907500     5815.000000267172     330.44952874706144     275.99221225348083     3:48
2908000     5816.000000267376     325.4787738557361     321.6211320389241     3:48
2908500     5817.00000026758     323.33376431085435     270.3796782213052     3:48
2909000     5818.000000267783     343.9886351037957     274.9362952927066     3:48
2909500     5819.000000267987     316.5670987429901     287.5456724151261     3:48
2910000     5820.000000268191     356.2248673707617     326.4084556730404     3:48
2910500     5821.000000268395     340.9676327806151     344.8990365162522     3:48
2911000     5822.000000268598     325.8183401869659     331.18919961640216     3:48
2911500     5823.000000268802     344.0906760221925     271.48508888447196     3:48
2912000     5824.000000269006     343.940474941381     317.0341582558255     3:48
2912500     5825.0000002692095     314.6516706489907     292.2631224246322     3:48
2913000     5826.000000269413     347.3947914895425     247.75774166312885     3:48
2913500     5827.000000269617     339.48423505556866     294.87466457994475     3:48
2914000     5828.000000269821     353.28863240527915     321.2419174295545     3:48
2914500     5829.000000270024     327.7761089052484     294.5792919279355     3:47
2915000     5830.000000270228     373.5854282884246     329.4363601197029     3:47
2915500     5831.000000270432     350.990673191268     326.51010467312534     3:47
2916000     5832.000000270636     359.907998801189     326.19578983908707     3:47
2916500     5833.000000270839     348.65915331824147     348.37221993708835     3:47
2917000     5834.000000271043     387.2809455796746     305.08406093712347     3:47
2917500     5835.000000271247     371.39798293140166     298.27116532446894     3:47
2918000     5836.0000002714505     333.2615189253253     306.66488305558187     3:47
2918500     5837.000000271654     343.42172134328655     383.56733911244413     3:47
2919000     5838.000000271858     323.2735580660029     277.3178744738016     3:47
2919500     5839.000000272062     331.25314397730915     337.5970299734738     3:47
2920000     5840.000000272265     401.65337492933054     354.21966090463377     3:47
2920500     5841.000000272469     360.39251611618124     357.2075029099379     3:47
2921000     5842.000000272673     357.1899091446011     280.55966285350627     3:47
2921500     5843.000000272877     333.1985826710603     308.91542170411253     3:47
2922000     5844.00000027308     355.51563614017573     326.1764828640863     3:47
2922500     5845.000000273284     359.50854402963694     350.9543011142769     3:47
2923000     5846.000000273488     313.27659261487474     287.95477842877915     3:47
2923500     5847.0000002736915     355.6116309361206     228.02291497068865     3:46
2924000     5848.000000273895     358.84725801538934     301.20645251931404     3:46
2924500     5849.000000274099     361.1352202535369     332.56803191189863     3:46
2925000     5850.000000274303     342.3547508405652     366.0040340869455     3:46
2925500     5851.000000274506     347.9397199860324     266.0604674220936     3:46
2926000     5852.00000027471     371.65546540977186     255.42881038638126     3:46
2926500     5853.000000274914     348.1851759371124     230.46760154570538     3:46
2927000     5854.000000275118     339.4827095106066     253.24301890996537     3:46
2927500     5855.000000275321     344.5534391357338     285.57889987957014     3:46
2928000     5856.000000275525     321.637762905038     331.14872530055277     3:46
2928500     5857.000000275729     337.0609374143247     272.08821493475216     3:46
2929000     5858.0000002759325     388.0010997479179     324.46828965318986     3:46
2929500     5859.000000276136     364.3614827570782     377.9944560144558     3:46
2930000     5860.00000027634     342.06168685755415     273.97860229730895     3:46
2930500     5861.000000276544     352.1413809672554     259.78096369554197     3:46
2931000     5862.000000276747     308.5249707462434     316.8716120553835     3:46
2931500     5863.000000276951     313.95334549739493     315.07965076280965     3:46
2932000     5864.000000277155     354.12443735535226     323.7064542173143     3:46
2932500     5865.000000277359     357.35626353588316     323.0892977067803     3:45
2933000     5866.000000277562     318.33931250580224     289.81607883509383     3:45
2933500     5867.000000277766     319.21879229900594     302.8948947583997     3:45
2934000     5868.00000027797     309.485052664623     304.6376547169849     3:45
2934500     5869.0000002781735     341.85305177390796     207.48327971444624     3:45
2935000     5870.000000278377     311.7727364148917     282.06038876643004     3:45
2935500     5871.000000278581     349.70549433787437     266.8202887586901     3:45
2936000     5872.000000278785     344.9736139205752     301.5578875953321     3:45
2936500     5873.000000278988     299.12711565053735     336.5896796644778     3:45
2937000     5874.000000279192     330.29836911470034     306.23462629101886     3:45
2937500     5875.000000279396     363.2992172086266     300.90444964787594     3:45
2938000     5876.0000002796     336.59488838418235     296.6394142721026     3:45
2938500     5877.000000279803     334.35813405628585     349.2500829979892     3:45
2939000     5878.000000280007     350.8122100511474     287.3654656399765     3:45
2939500     5879.000000280211     328.1027800523527     235.2954076009257     3:45
2940000     5880.0000002804145     328.2040039807488     298.44293032776386     3:45
2940500     5881.000000280618     349.14129681079237     273.0109777593703     3:45
2941000     5882.000000280822     342.5459923236002     333.85582091692305     3:45
2941500     5883.000000281026     348.9469108316449     306.269443179461     3:45
2942000     5884.000000281229     312.7868698142629     344.32227164635515     3:44
2942500     5885.000000281433     337.5705796867841     348.8642635748048     3:44
2943000     5886.000000281637     360.44885807046523     257.75641972203664     3:44
2943500     5887.000000281841     347.177870224367     302.3924549771127     3:44
2944000     5888.000000282044     309.47105013019166     329.0355866388602     3:44
2944500     5889.000000282248     337.8673678835818     306.2593295007871     3:44
2945000     5890.000000282452     356.595337610844     313.41235875594606     3:44
2945500     5891.0000002826555     312.5009802445128     298.64089260405916     3:44
2946000     5892.000000282859     366.2405381269199     278.02361833621785     3:44
2946500     5893.000000283063     364.90302573991823     342.0090077355804     3:44
2947000     5894.000000283267     330.692168683148     303.1726734131735     3:44
2947500     5895.00000028347     392.06050995906855     303.3939087940531     3:44
2948000     5896.000000283674     354.6991545125153     351.33917290079177     3:44
2948500     5897.000000283878     328.7718818786665     339.5304200326973     3:44
2949000     5898.000000284082     323.5714151863125     331.3819355655422     3:44
2949500     5899.000000284285     360.7258996392428     331.8389608782478     3:44
2950000     5900.000000284489     335.912500382741     321.0610826180088     3:44
2950500     5901.000000284693     363.0605871933202     286.57499867421825     3:44
2951000     5902.0000002848965     348.71464942057173     369.02439742563644     3:43
2951500     5903.0000002851     373.10316837835967     357.0214617397105     3:43
2952000     5904.000000285304     358.8677097703768     306.39223428431274     3:43
2952500     5905.000000285508     349.0469433861866     226.34037232367635     3:43
2953000     5906.000000285711     336.32052213854     379.7377871613988     3:43
2953500     5907.000000285915     325.7849571461255     341.7988373069141     3:43
2954000     5908.000000286119     350.744611573468     379.1040819186568     3:43
2954500     5909.000000286323     360.80297293451224     316.3619561836086     3:43
2955000     5910.000000286526     352.8383816251536     308.9010672132946     3:43
2955500     5911.00000028673     357.5772696288983     276.52736926162515     3:43
2956000     5912.000000286934     330.76829674287876     336.9470082132633     3:43
2956500     5913.0000002871375     352.9313345539466     330.25372111948576     3:43
2957000     5914.000000287341     350.88413787769     304.167610613418     3:43
2957500     5915.000000287545     324.30453529368503     283.5806460504296     3:43
2958000     5916.000000287749     330.4152969967207     340.62679212997944     3:43
2958500     5917.000000287952     346.13388585314794     258.86425009839076     3:43
2959000     5918.000000288156     304.9835010253122     340.1332417908075     3:43
2959500     5919.00000028836     332.5420320450156     413.12697044075674     3:43
2960000     5920.000000288564     349.3299097117317     325.7806818681919     3:42
2960500     5921.000000288767     317.56511646581407     306.54839004443147     3:42
2961000     5922.000000288971     357.6254633022885     233.48910328517766     3:42
2961500     5923.000000289175     326.65719299037323     285.60884837584683     3:42
2962000     5924.0000002893785     367.9319583052603     294.5192286242747     3:42
2962500     5925.000000289582     329.4653385017124     290.08267570977273     3:42
2963000     5926.000000289786     355.66364533701915     379.15777387051503     3:42
2963500     5927.00000028999     361.4224844215721     312.12325940612305     3:42
2964000     5928.000000290193     370.95092750932804     348.22607052963906     3:42
2964500     5929.000000290397     337.4216147180226     290.20237391724856     3:42
2965000     5930.000000290601     370.7371972577482     261.55979275598077     3:42
2965500     5931.000000290805     363.26128341659205     336.596869832682     3:42
2966000     5932.000000291008     355.29696729952104     338.33615357346986     3:42
2966500     5933.000000291212     358.2678010563254     285.8899369938213     3:42
2967000     5934.000000291416     322.6705085875674     299.74709652059073     3:42
2967500     5935.0000002916195     364.265748218569     226.65133178409803     3:42
2968000     5936.000000291823     327.69702632969256     320.3422168023575     3:42
2968500     5937.000000292027     302.21292274924815     323.04887923968784     3:42
2969000     5938.000000292231     322.5156658021318     365.65667895717763     3:41
2969500     5939.000000292434     310.1634552512502     262.90204976678086     3:41
2970000     5940.000000292638     327.4683540122302     258.92700627604603     3:41
2970500     5941.000000292842     309.00060954381877     339.1617381533566     3:41
2971000     5942.000000293046     333.0201663156719     313.75539820289447     3:41
2971500     5943.000000293249     310.3428491678694     340.84825284339763     3:41
2972000     5944.000000293453     317.9135380346796     326.4983163713325     3:41
2972500     5945.000000293657     357.9881906363613     260.4512105930355     3:41
2973000     5946.0000002938605     331.20576338647095     335.00316744531347     3:41
2973500     5947.000000294064     345.28077905736006     322.56760862373903     3:41
2974000     5948.000000294268     313.05650112425985     353.712725564824     3:41
2974500     5949.000000294472     334.17984571491036     257.88765690592095     3:41
2975000     5950.000000294675     346.3246127519558     236.15737928474516     3:41
2975500     5951.000000294879     338.28653928101164     251.73521476854006     3:41
2976000     5952.000000295083     333.5795100953369     250.2298059639908     3:41
2976500     5953.000000295287     348.52462846416086     258.97310018132566     3:41
2977000     5954.00000029549     333.26104567290065     315.98579579405003     3:41
2977500     5955.000000295694     369.8033695931563     332.3685440434149     3:41
2978000     5956.000000295898     336.2516138910768     289.9271071648613     3:40
2978500     5957.0000002961015     332.96732358855934     287.989496108581     3:40
2979000     5958.000000296305     330.6549164837122     346.6011359641732     3:40
2979500     5959.000000296509     342.3894949171114     266.80861995289314     3:40
2980000     5960.000000296713     353.4704307420669     270.76904529388037     3:40
2980500     5961.000000296916     350.59164658411817     325.0536411524025     3:40
2981000     5962.00000029712     330.46975522964715     274.1005229727849     3:40
2981500     5963.000000297324     362.35712244724493     260.6670662241376     3:40
2982000     5964.000000297528     351.34427704251664     266.1969674915454     3:40
2982500     5965.000000297731     322.4562107487043     311.28986618834927     3:40
2983000     5966.000000297935     317.54735742368405     231.26248375989982     3:40
2983500     5967.000000298139     283.98121193114196     275.10422284944565     3:40
2984000     5968.0000002983425     313.45338613598915     272.963038884392     3:40
2984500     5969.000000298546     321.95843002276627     335.465640813135     3:40
2985000     5970.00000029875     343.2643836914747     341.2125836218126     3:40
2985500     5971.000000298954     328.1076610010924     288.0592791545483     3:40
2986000     5972.000000299157     309.95707422921146     309.16319638520895     3:40
2986500     5973.000000299361     340.12015682700076     271.86087832744295     3:40
2987000     5974.000000299565     337.49847317512126     332.90348365171565     3:40
2987500     5975.0000002997685     322.500103482373     310.7052957159991     3:39
2988000     5976.000000299972     332.46772470046835     291.10437357894807     3:39
2988500     5977.000000300176     319.69272530808075     284.8010295505254     3:39
2989000     5978.00000030038     331.9755814650265     389.332838901729     3:39
2989500     5979.000000300583     341.7110581890428     294.83949297358845     3:39
2990000     5980.000000300787     384.51666917100476     299.1205784812573     3:39
2990500     5981.000000300991     359.67128327622675     338.18834351720034     3:39
2991000     5982.000000301195     332.5332991060533     275.5420803327379     3:39
2991500     5983.000000301398     359.4881951620265     302.07992290353053     3:39
2992000     5984.000000301602     323.8415112915486     261.762013467698     3:39
2992500     5985.000000301806     329.60786652701006     242.06615370748636     3:39
2993000     5986.0000003020095     297.0757516268925     296.55944836217003     3:39
2993500     5987.000000302213     363.7654433770897     316.3988164317837     3:39
2994000     5988.000000302417     339.09679460149107     376.07146025816735     3:39
2994500     5989.000000302621     323.7900807834195     236.32746376762185     3:39
2995000     5990.000000302824     321.3688388143115     303.13773652821175     3:39
2995500     5991.000000303028     314.02722626533307     319.3727700710711     3:39
2996000     5992.000000303232     343.401845987152     300.28088366500884     3:39
2996500     5993.000000303436     307.1217050620904     352.3975979393863     3:38
2997000     5994.000000303639     321.16786927883106     280.4343250719806     3:38
2997500     5995.000000303843     334.5256509237256     310.09581267773547     3:38
2998000     5996.000000304047     346.86703915407804     267.49158186019747     3:38
2998500     5997.0000003042505     367.92701735728576     294.11539294753373     3:38
2999000     5998.000000304454     348.8170408951628     331.11804204154527     3:38
2999500     5999.000000304658     343.4193801630215     314.43983934693006     3:38
3000000     6000.000000304862     341.2189300037455     275.9929057714445     3:38
3000500     6001.000000305065     319.2764919465046     369.81606322612356     3:38
3001000     6002.000000305269     365.6995052704673     329.15126278322947     3:38
3001500     6003.000000305473     390.54283060405817     363.97211364547263     3:38
3002000     6004.000000305677     318.8192016909287     353.43958290179796     3:38
3002500     6005.00000030588     332.8054934414424     249.86815477954644     3:38
3003000     6006.000000306084     329.30339553747524     274.2378240012445     3:38
3003500     6007.000000306288     339.8627200195998     310.4052436518115     3:38
3004000     6008.0000003064915     313.38056171772973     290.0328647056307     3:38
3004500     6009.000000306695     325.081087540755     319.74555501762745     3:38
3005000     6010.000000306899     348.38970033976136     287.6517443170683     3:38
3005500     6011.000000307103     329.1612122688838     304.6765529967375     3:37
3006000     6012.000000307306     324.90949877004266     248.93171385629253     3:37
3006500     6013.00000030751     326.43944390398576     294.62721809707944     3:37
3007000     6014.000000307714     327.0272538077004     298.466454138209     3:37
3007500     6015.000000307918     387.6042295704426     324.4206711850245     3:37
3008000     6016.000000308121     343.18062534104115     316.00213212862405     3:37
3008500     6017.000000308325     359.46561408635966     301.0143098199209     3:37
3009000     6018.000000308529     337.1238948828228     266.74525158632014     3:37
3009500     6019.0000003087325     346.91928742274547     273.88799084324205     3:37
3010000     6020.000000308936     363.65383870782773     258.53517327055306     3:37
3010500     6021.00000030914     318.5013676841713     329.90400521319555     3:37
3011000     6022.000000309344     337.57729210158743     343.8607558772393     3:37
3011500     6023.000000309547     338.344740059021     284.14420767033755     3:37
3012000     6024.000000309751     351.531670036915     347.1845393121401     3:37
3012500     6025.000000309955     324.1529323244557     313.4111837140046     3:37
3013000     6026.000000310159     368.8669995902718     295.018987100123     3:37
3013500     6027.000000310362     360.70327515861993     322.94048282497243     3:37
3014000     6028.000000310566     306.63886722476     226.29984743878782     3:37
3014500     6029.00000031077     351.57564177232496     337.0657683101657     3:36
3015000     6030.0000003109735     347.79455870861443     403.5558199279389     3:36
3015500     6031.000000311177     368.8876760684417     339.06492043402693     3:36
3016000     6032.000000311381     346.1222646647508     296.22896454607735     3:36
3016500     6033.000000311585     322.95040769757145     284.2030850476848     3:36
3017000     6034.000000311788     324.5617389660762     322.4900948036112     3:36
3017500     6035.000000311992     333.66035424834206     281.36372691656624     3:36
3018000     6036.000000312196     310.0666247556279     287.19311611759156     3:36
3018500     6037.0000003124     325.982218352019     312.5511763112106     3:36
3019000     6038.000000312603     298.18466073093236     245.31904739009067     3:36
3019500     6039.000000312807     344.8040453733562     248.80460418455525     3:36
3020000     6040.000000313011     319.3537657235511     280.12108816819557     3:36
3020500     6041.0000003132145     319.2648505765543     249.70677047220772     3:36
3021000     6042.000000313418     310.1476769994556     327.60869728727334     3:36
3021500     6043.000000313622     339.648618674678     245.49244538019866     3:36
3022000     6044.000000313826     324.32244592942254     270.9946089776387     3:36
3022500     6045.000000314029     351.1122152199606     187.7334805781749     3:36
3023000     6046.000000314233     318.26041789415206     265.83415012725453     3:36
3023500     6047.000000314437     338.5157429327106     308.5038402778649     3:35
3024000     6048.000000314641     311.8492832037872     243.27736318848147     3:35
3024500     6049.000000314844     325.8135221432659     274.81170950363264     3:35
3025000     6050.000000315048     344.8703842939582     360.62419687932305     3:35
3025500     6051.000000315252     348.94298214390255     332.62462017641474     3:35
3026000     6052.0000003154555     329.0046296521074     253.83518078484562     3:35
3026500     6053.000000315659     319.23001086161355     292.4740501012491     3:35
3027000     6054.000000315863     324.31552045763567     306.2331974169616     3:35
3027500     6055.000000316067     320.1164297663587     276.3703174783156     3:35
3028000     6056.00000031627     292.03279582365633     340.3916042797217     3:35
3028500     6057.000000316474     325.8683962560493     235.32714903766467     3:35
3029000     6058.000000316678     330.34148258760615     255.7594174281787     3:35
3029500     6059.000000316882     309.55513360727207     282.22064847775385     3:35
3030000     6060.000000317085     341.1266275409505     244.82325453119267     3:35
3030500     6061.000000317289     319.49961236263846     265.22008385809164     3:35
3031000     6062.000000317493     289.3832128441319     372.6624207088602     3:35
3031500     6063.0000003176965     324.8061367482661     315.7046078301949     3:35
3032000     6064.0000003179     352.1245349898704     314.48592480789057     3:35
3032500     6065.000000318104     359.6178132649726     300.23821360821654     3:35
3033000     6066.000000318308     328.1493106937776     357.4398744990372     3:34
3033500     6067.000000318511     337.0840243997392     262.76190181605     3:34
3034000     6068.000000318715     341.81260406317904     255.57589053378888     3:34
3034500     6069.000000318919     331.7137622761835     399.6216706117046     3:34
3035000     6070.000000319123     313.2891779135973     315.91511450179985     3:34
3035500     6071.000000319326     324.1865310171123     319.0069905833293     3:34
3036000     6072.00000031953     332.57822593720186     264.57053271932267     3:34
3036500     6073.000000319734     318.25594383834607     305.60628871081065     3:34
3037000     6074.0000003199375     306.5078129098629     280.3334080353265     3:34
3037500     6075.000000320141     297.6334817639047     361.6284119401801     3:34
3038000     6076.000000320345     332.2809150290119     325.91732399757075     3:34
3038500     6077.000000320549     348.0008421200581     277.8417131466756     3:34
3039000     6078.000000320752     336.038989931846     228.51628644125947     3:34
3039500     6079.000000320956     315.7115083367488     245.18161817912716     3:34
3040000     6080.00000032116     329.98787678958615     286.23786506176174     3:34
3040500     6081.000000321364     328.77465264901036     331.58535367525326     3:34
3041000     6082.000000321567     366.2660148270817     277.3045171048973     3:34
3041500     6083.000000321771     368.74590732640365     253.29813129156165     3:34
3042000     6084.000000321975     346.17559087931966     296.99273864746726     3:33
3042500     6085.0000003221785     323.4612000321903     300.90845575880786     3:33
3043000     6086.000000322382     382.5460008127608     242.47014469188636     3:33
3043500     6087.000000322586     343.43147358728277     338.39768492120356     3:33
3044000     6088.00000032279     334.97813119009436     252.88626902308297     3:33
3044500     6089.000000322993     350.28544434965545     329.1911639833012     3:33
3045000     6090.000000323197     360.12253921179354     308.1502723412115     3:33
3045500     6091.000000323401     319.6009009062599     307.9341804548519     3:33
3046000     6092.000000323605     338.5631970540642     342.95484773902035     3:33
3046500     6093.000000323808     332.23457833765326     290.7515873311402     3:33
3047000     6094.000000324012     358.88070478977613     294.0991487173927     3:33
3047500     6095.000000324216     319.09965292331674     327.243943001228     3:33
3048000     6096.0000003244195     319.6684484084352     317.338834666512     3:33
3048500     6097.000000324623     347.4671554858454     286.99747939144515     3:33
3049000     6098.000000324827     327.16409484799567     304.82598155288827     3:33
3049500     6099.000000325031     384.6966712672819     270.7901146289601     3:33
3050000     6100.000000325234     334.40637818931964     309.95669490164624     3:33
3050500     6101.000000325438     334.3125438304555     306.24994406794474     3:33
3051000     6102.000000325642     312.6375031696854     310.23200138915655     3:32
3051500     6103.000000325846     349.2584285823965     259.5915544932922     3:32
3052000     6104.000000326049     328.9409665112953     324.60186360460494     3:32
3052500     6105.000000326253     354.9546541773798     267.67170811132695     3:32
3053000     6106.000000326457     335.26324663350476     325.70362784366245     3:32
3053500     6107.0000003266605     324.3828037014471     262.3044650567205     3:32
3054000     6108.000000326864     341.270869737751     320.69266474877173     3:32
3054500     6109.000000327068     324.8499596088724     345.5930136861789     3:32
3055000     6110.000000327272     340.97713006737047     250.78200668090446     3:32
3055500     6111.000000327475     310.0530816363746     255.14710147423432     3:32
3056000     6112.000000327679     328.7850145739635     268.3756540018069     3:32
3056500     6113.000000327883     301.61853302091765     302.25621325054465     3:32
3057000     6114.000000328087     321.10964222888686     295.2713441886765     3:32
3057500     6115.00000032829     335.9657044112521     335.27614767629063     3:32
3058000     6116.000000328494     359.9793286156869     283.3348451603088     3:32
3058500     6117.000000328698     334.2985182541597     305.4030582974856     3:32
3059000     6118.0000003289015     360.4785450532821     341.7541325324956     3:32
3059500     6119.000000329105     350.14818147424023     308.70628963203563     3:32
3060000     6120.000000329309     339.72738141896696     302.68403702593287     3:31
3060500     6121.000000329513     362.20097491768445     326.76289264799726     3:31
3061000     6122.000000329716     331.5021192815707     259.16211753003233     3:31
3061500     6123.00000032992     353.115636730642     249.25736681546047     3:31
3062000     6124.000000330124     324.9838084582609     341.69544340856874     3:31
3062500     6125.000000330328     348.7016510461467     272.18295512957013     3:31
3063000     6126.000000330531     319.16341885841655     258.2123738171575     3:31
3063500     6127.000000330735     334.43859333649186     324.69708199128536     3:31
3064000     6128.000000330939     324.31096984479916     361.8152657348466     3:31
3064500     6129.0000003311425     352.49474966257947     309.76814221249805     3:31
3065000     6130.000000331346     353.0380104735797     245.1970518434346     3:31
3065500     6131.00000033155     337.0653309860719     290.18015092348764     3:31
3066000     6132.000000331754     365.6210983750775     270.0740834808225     3:31
3066500     6133.000000331957     359.023048192083     299.65010284296307     3:31
3067000     6134.000000332161     339.821229005693     291.83378165879736     3:31
3067500     6135.000000332365     326.70857539781264     280.4639497657545     3:31
3068000     6136.000000332569     319.2659608849177     352.79324864900457     3:31
3068500     6137.000000332772     353.2323660986891     290.6571631746531     3:31
3069000     6138.000000332976     347.14842173319744     294.16904605229485     3:31
3069500     6139.00000033318     319.96213051192683     325.82161669813325     3:30
3070000     6140.0000003333835     346.3280433079236     249.2667127432592     3:30
3070500     6141.000000333587     363.8923006184483     363.3911041893214     3:30
3071000     6142.000000333791     335.4983664797859     273.42822393621134     3:30
3071500     6143.000000333995     313.30809382693303     270.1242651389073     3:30
3072000     6144.000000334198     312.93645325278374     266.4717830621857     3:30
3072500     6145.000000334402     347.4140322827361     252.29659012516336     3:30
3073000     6146.000000334606     315.5865643944459     270.34291055992264     3:30
3073500     6147.00000033481     340.755669511527     254.12276697539664     3:30
3074000     6148.000000335013     335.05027865749094     340.34812601440103     3:30
3074500     6149.000000335217     342.5173058604016     271.7212135919756     3:30
3075000     6150.000000335421     370.4962494576491     259.16889885110663     3:30
3075500     6151.0000003356245     349.70562191460965     279.56769630176143     3:30
3076000     6152.000000335828     345.1896837276664     352.5789031221117     3:30
3076500     6153.000000336032     353.768439409419     328.0854182074106     3:30
3077000     6154.000000336236     339.9842481012529     315.1775580253496     3:30
3077500     6155.000000336439     340.7872399779046     267.3346493998197     3:30
3078000     6156.000000336643     358.36749519754005     291.99358205082757     3:30
3078500     6157.000000336847     313.8081550739745     269.8059371785323     3:29
3079000     6158.000000337051     309.1984097445253     240.36994366355964     3:29
3079500     6159.000000337254     322.02760339972303     256.7945016259943     3:29
3080000     6160.000000337458     356.30663881508735     338.1162283698749     3:29
3080500     6161.000000337662     330.82091642908085     293.954928166808     3:29
3081000     6162.0000003378655     324.25546238844174     343.52263339141905     3:29
3081500     6163.000000338069     327.6069241207688     346.42596400506557     3:29
3082000     6164.000000338273     340.2868702946615     286.2855740601324     3:29
3082500     6165.000000338477     357.6494879741982     253.18961478345113     3:29
3083000     6166.00000033868     345.0204313458124     290.6785048491158     3:29
3083500     6167.000000338884     350.31176437030854     275.585289364748     3:29
3084000     6168.000000339088     330.32690405179835     300.05909375634855     3:29
3084500     6169.000000339292     341.1118627272002     248.1839925670218     3:29
3085000     6170.000000339495     359.04814118681054     248.91295548755429     3:29
3085500     6171.000000339699     356.02089336594247     306.0274247307638     3:29
3086000     6172.000000339903     344.5972877442813     292.88508164570595     3:29
3086500     6173.000000340106     317.16133365259236     278.40175767537534     3:29
3087000     6174.00000034031     329.4080550988849     308.54482002577157     3:29
3087500     6175.000000340514     362.38328578441883     307.0110714646148     3:28
3088000     6176.000000340718     359.07015500805824     361.38626395272127     3:28
3088500     6177.000000340921     383.06008590411204     328.41977585086624     3:28
3089000     6178.000000341125     327.58761477503356     341.89022576094874     3:28
3089500     6179.000000341329     346.97047219516196     341.08312714987     3:28
3090000     6180.0000003415325     322.61357588214366     289.9934798118972     3:28
3090500     6181.000000341736     315.8511470110669     248.23105601495567     3:28
3091000     6182.00000034194     314.82153486695347     276.8581969929985     3:28
3091500     6183.000000342144     319.65745474327593     245.3449250464194     3:28
3092000     6184.000000342347     335.0005587041553     335.01872662804703     3:28
3092500     6185.000000342551     373.64707295019286     316.07445518703435     3:28
3093000     6186.000000342755     366.43599567751687     329.5458372700262     3:28
3093500     6187.000000342959     339.2917818706171     373.07990022964657     3:28
3094000     6188.000000343162     389.7558409400549     288.7758660696665     3:28
3094500     6189.000000343366     318.74143748401025     343.11546957116514     3:28
3095000     6190.00000034357     383.9423429925547     311.80238307778853     3:28
3095500     6191.0000003437735     374.5471907791714     275.4287899264919     3:28
3096000     6192.000000343977     349.3127473363853     332.332704819178     3:28
3096500     6193.000000344181     339.4773213373501     253.85547269360427     3:27
3097000     6194.000000344385     312.56709724214465     344.8228056271595     3:27
3097500     6195.000000344588     317.55750898915926     379.9482088186503     3:27
3098000     6196.000000344792     330.6870214967918     320.52638048801936     3:27
3098500     6197.000000344996     349.5435540176478     309.06607459773403     3:27
3099000     6198.0000003452     324.6527974224456     268.7880474550943     3:27
3099500     6199.000000345403     336.92838625657066     267.65784195806754     3:27
3100000     6200.000000345607     322.32310468277376     276.40182898092706     3:27
3100500     6201.000000345811     351.222665246254     314.9789252612353     3:27
3101000     6202.0000003460145     303.19339778818187     342.93429988504795     3:27
3101500     6203.000000346218     317.16693110086305     238.02517360456605     3:27
3102000     6204.000000346422     324.89964583557276     336.67268819337374     3:27
3102500     6205.000000346626     340.91816510787874     277.52033995169734     3:27
3103000     6206.000000346829     328.6349069818108     280.56469211560216     3:27
3103500     6207.000000347033     352.6192262598547     306.31695534285177     3:27
3104000     6208.000000347237     390.1562353888004     246.04847058252633     3:27
3104500     6209.000000347441     343.6488362307414     298.6007485531195     3:27
3105000     6210.000000347644     336.78047785212095     251.15662683795642     3:27
3105500     6211.000000347848     309.42414948882947     289.08420214008487     3:26
3106000     6212.000000348052     309.203406283861     354.12143995904984     3:26
3106500     6213.0000003482555     377.2394894220928     287.59612818864576     3:26
3107000     6214.000000348459     361.8357904776341     391.3671709632441     3:26
3107500     6215.000000348663     318.1891807527637     374.82280420988866     3:26
3108000     6216.000000348867     325.61620856968204     371.06663701883343     3:26
3108500     6217.00000034907     370.74802785643806     272.73004202817515     3:26
3109000     6218.000000349274     321.77822791670553     275.0700143152639     3:26
3109500     6219.000000349478     323.8044122286225     243.8447832607946     3:26
3110000     6220.000000349682     321.3105111383852     256.6747304712263     3:26
3110500     6221.000000349885     347.7602486841067     320.80352267443965     3:26
3111000     6222.000000350089     365.3655279190368     248.9089500386053     3:26
3111500     6223.000000350293     318.47868101203085     338.88064010616154     3:26
3112000     6224.0000003504965     338.5754239192064     257.5724379767382     3:26
3112500     6225.0000003507     344.69285074845834     262.6220485123167     3:26
3113000     6226.000000350904     336.0018360716132     360.7673904117946     3:26
3113500     6227.000000351108     332.4019043188108     318.6631373918182     3:26
3114000     6228.000000351311     339.34154080117924     295.9464996493985     3:26
3114500     6229.000000351515     315.93367329973194     310.3455676889075     3:26
3115000     6230.000000351719     309.5349810217888     279.77254641783924     3:25
3115500     6231.000000351923     315.94225357827906     317.7743670557778     3:25
3116000     6232.000000352126     357.29838846614143     270.641180919194     3:25
3116500     6233.00000035233     348.3900216510907     290.3702934817544     3:25
3117000     6234.000000352534     342.8178165490075     256.932700222608     3:25
3117500     6235.0000003527375     326.10479824377273     345.22371664707003     3:25
3118000     6236.000000352941     326.5918420268497     359.37823861743675     3:25
3118500     6237.000000353145     360.5011039080624     308.0214826859079     3:25
3119000     6238.000000353349     333.73419749579705     296.8223361625116     3:25
3119500     6239.000000353552     335.6050575719239     313.71689830771186     3:25
3120000     6240.000000353756     329.5927580104923     356.4232983183001     3:25
3120500     6241.00000035396     344.7918273941906     231.37029912715155     3:25
3121000     6242.000000354164     335.0519572781302     289.1802152433545     3:25
3121500     6243.000000354367     324.6140929853565     311.2555945720359     3:25
3122000     6244.000000354571     357.67252714600056     294.54854360286583     3:25
3122500     6245.000000354775     358.4109115428795     328.5541296747102     3:25
3123000     6246.0000003549785     338.67105511340105     314.70060718723073     3:25
3123500     6247.000000355182     339.5058475323352     289.45655691881643     3:25
3124000     6248.000000355386     307.6085340908868     316.2308521148084     3:24
3124500     6249.00000035559     317.9341162275887     313.7717941159342     3:24
3125000     6250.000000355793     309.4770533103123     344.7152061107516     3:24
3125500     6251.000000355997     302.16678165812993     278.91496585262234     3:24
3126000     6252.000000356201     347.31950362531654     277.50201221094267     3:24
3126500     6253.000000356405     359.8982302955212     293.6657699766416     3:24
3127000     6254.000000356608     366.4737990890311     277.6822920143664     3:24
3127500     6255.000000356812     339.83685097202294     290.436488935329     3:24
3128000     6256.000000357016     368.9318602366395     277.5762327910123     3:24
3128500     6257.0000003572195     347.1203019802733     380.4289829958225     3:24
3129000     6258.000000357423     340.8534346424718     312.36472887720146     3:24
3129500     6259.000000357627     311.81988633717185     233.76818054060737     3:24
3130000     6260.000000357831     330.5734452283974     281.25205617674465     3:24
3130500     6261.000000358034     389.4798837617976     295.0736153057733     3:24
3131000     6262.000000358238     352.3161438325468     356.37262505815255     3:24
3131500     6263.000000358442     362.2910321672391     301.4447670442242     3:24
3132000     6264.000000358646     373.2026077908986     317.0454740632494     3:24
3132500     6265.000000358849     334.7808847515138     291.2030900914287     3:24
3133000     6266.000000359053     311.6228503562362     313.2039219859576     3:23
3133500     6267.000000359257     337.36394386188965     336.2702148291114     3:23
3134000     6268.0000003594605     367.3676755891935     269.276877593443     3:23
3134500     6269.000000359664     356.45623756711484     304.6880025893015     3:23
3135000     6270.000000359868     343.5288535217999     273.26487415304865     3:23
3135500     6271.000000360072     374.2476820520577     279.6637515943349     3:23
3136000     6272.000000360275     333.97801896206875     312.4881603456113     3:23
3136500     6273.000000360479     333.55097574311674     269.4940705834956     3:23
3137000     6274.000000360683     326.52155343300797     259.5829079303005     3:23
3137500     6275.000000360887     339.60555366625806     275.1625365079439     3:23
3138000     6276.00000036109     356.08646195258666     263.92840714777674     3:23
3138500     6277.000000361294     333.43371589632886     298.2579558260066     3:23
3139000     6278.000000361498     335.6546649624996     293.42334425504237     3:23
3139500     6279.0000003617015     391.20468247537667     247.13829001733347     3:23
3140000     6280.000000361905     340.8270621987898     299.4607572152957     3:23
3140500     6281.000000362109     382.2606277356034     286.4801975164214     3:23
3141000     6282.000000362313     328.49520533844725     310.9349192281841     3:23
3141500     6283.000000362516     368.4289165124319     314.0272763291312     3:23
3142000     6284.00000036272     338.78330504619146     334.90416161399065     3:22
3142500     6285.000000362924     344.19553921458885     312.3910892886349     3:22
3143000     6286.000000363128     350.49258117654176     361.36271807483223     3:22
3143500     6287.000000363331     339.0678959612992     240.00890453886564     3:22
3144000     6288.000000363535     327.9834891892002     258.0171533814127     3:22
3144500     6289.000000363739     315.5153192923998     286.823602884538     3:22
3145000     6290.0000003639425     348.14625458095486     267.0204849004953     3:22
3145500     6291.000000364146     327.4155938043551     247.85617591253686     3:22
3146000     6292.00000036435     317.3475720222874     282.541236843504     3:22
3146500     6293.000000364554     312.5361235521477     343.7674524155078     3:22
3147000     6294.000000364757     320.93091460657797     314.7841471431243     3:22
3147500     6295.000000364961     348.38426903246557     267.9613423641118     3:22
3148000     6296.000000365165     313.04651410122585     322.47133952681776     3:22
3148500     6297.000000365369     367.3823375686651     292.7320147343723     3:22
3149000     6298.000000365572     342.36706735931193     310.10937459331745     3:22
3149500     6299.000000365776     336.09581860793105     334.94420285574864     3:22
3150000     6300.00000036598     310.7707408163383     254.9450584797119     3:22
3150500     6301.0000003661835     317.3975993402347     215.01811868737096     3:22
3151000     6302.000000366387     332.80593669944494     248.7599996440433     3:22
3151500     6303.000000366591     326.9656338887737     238.19173217450444     3:21
3152000     6304.000000366795     306.9555853470249     337.7823040992103     3:21
3152500     6305.000000366998     338.6074196085507     292.73841723973845     3:21
3153000     6306.000000367202     318.7056340601017     296.2750301636952     3:21
3153500     6307.000000367406     348.62037601676104     347.5984187718427     3:21
3154000     6308.00000036761     330.5651950811274     306.40872991458946     3:21
3154500     6309.000000367813     321.40483797966     326.40202492845015     3:21
3155000     6310.000000368017     320.05638841167126     219.95323274431115     3:21
3155500     6311.000000368221     332.8426605770811     263.9509225205372     3:21
3156000     6312.0000003684245     342.26325915653194     306.80916049028093     3:21
3156500     6313.000000368628     376.6576946756851     265.7707448914602     3:21
3157000     6314.000000368832     347.673599611932     329.1759867808771     3:21
3157500     6315.000000369036     347.4728884582564     346.868933030091     3:21
3158000     6316.000000369239     316.12291441945945     328.7849302168038     3:21
3158500     6317.000000369443     336.0674437520024     296.38015977326927     3:21
3159000     6318.000000369647     348.6127484492862     360.8586837380717     3:21
3159500     6319.000000369851     322.94994817603026     269.8508210031936     3:21
3160000     6320.000000370054     332.2221846674902     262.790776729364     3:21
3160500     6321.000000370258     332.54584797210407     222.34559865708295     3:20
3161000     6322.000000370462     340.8467649627079     287.36130059435465     3:20
3161500     6323.0000003706655     355.8086877438826     300.8545916106524     3:20
3162000     6324.000000370869     306.87290480223     277.5320785563309     3:20
3162500     6325.000000371073     332.71304579559524     276.53287850071735     3:20
3163000     6326.000000371277     339.063099911588     221.35969162280526     3:20
3163500     6327.00000037148     347.2581246187607     257.37210079623566     3:20
3164000     6328.000000371684     327.6616001101114     262.34663741535394     3:20
3164500     6329.000000371888     305.3595317682085     238.50908259595545     3:20
3165000     6330.000000372092     325.60505101517185     345.4395683183839     3:20
3165500     6331.000000372295     320.2630424924731     340.5670246761876     3:20
3166000     6332.000000372499     319.7969493102338     370.18954729126153     3:20
3166500     6333.000000372703     347.33471072649957     343.071768088422     3:20
3167000     6334.0000003729065     322.5039080836822     331.605675760747     3:20
3167500     6335.00000037311     339.30755585210227     252.56464517068162     3:20
3168000     6336.000000373314     329.7991146699459     350.4642046186858     3:20
3168500     6337.000000373518     307.3976767388066     341.15265280354487     3:20
3169000     6338.000000373721     333.59229766683313     303.4992952368668     3:20
3169500     6339.000000373925     352.8764334646065     299.3376308725892     3:19
3170000     6340.000000374129     362.7514800451635     335.7696630958618     3:19
3170500     6341.000000374333     350.05798354765204     264.61915746615966     3:19
3171000     6342.000000374536     345.23978035397124     263.4754691524408     3:19
3171500     6343.00000037474     335.58659662607977     242.848834017783     3:19
3172000     6344.000000374944     325.4816408098749     267.7333425346502     3:19
3172500     6345.0000003751475     321.515143781142     334.1937602433625     3:19
3173000     6346.000000375351     343.6287880991672     307.66986248070623     3:19
3173500     6347.000000375555     342.80126783208675     287.6011562095236     3:19
3174000     6348.000000375759     344.79955491432645     310.24590286162845     3:19
3174500     6349.000000375962     317.3442646031423     209.9241326200446     3:19
3175000     6350.000000376166     326.20696804740487     257.7852093202793     3:19
3175500     6351.00000037637     334.00921126450373     262.9755512194305     3:19
3176000     6352.000000376574     331.2229405983177     315.54022887343797     3:19
3176500     6353.000000376777     337.2331912693743     289.5834158766199     3:19
3177000     6354.000000376981     315.6432643409852     294.6218696946167     3:19
3177500     6355.000000377185     346.16300902889213     259.64004795760763     3:19
3178000     6356.0000003773885     346.8510587967362     324.9361287319065     3:19
3178500     6357.000000377592     333.92300791458786     278.55108720856396     3:18
3179000     6358.000000377796     321.85946387825663     294.92857766640094     3:18
3179500     6359.000000378     335.45343211711804     297.4059939218293     3:18
3180000     6360.000000378203     335.6772977193947     322.0844487084436     3:18
3180500     6361.000000378407     304.2720570727611     267.8718290857753     3:18
3181000     6362.000000378611     311.4942853060418     271.4269084197693     3:18
3181500     6363.000000378815     329.3806066217953     315.01466920836486     3:18
3182000     6364.000000379018     321.73568144265437     312.0952726559615     3:18
3182500     6365.000000379222     333.85999724545957     301.1637688515064     3:18
3183000     6366.000000379426     297.57787221772026     276.8153528750545     3:18
3183500     6367.0000003796295     307.0896603113489     293.6820897777878     3:18
3184000     6368.000000379833     327.6274462506183     258.1644687103737     3:18
3184500     6369.000000380037     332.2186576998412     289.5721410798472     3:18
3185000     6370.000000380241     375.2261431744248     258.5908189278554     3:18
3185500     6371.000000380444     326.7243448506583     303.7436195659389     3:18
3186000     6372.000000380648     343.32976977393196     342.1848861314104     3:18
3186500     6373.000000380852     340.31688747874375     297.4177941554612     3:18
3187000     6374.0000003810555     341.7004630833484     270.7991400399518     3:18
3187500     6375.000000381259     307.7634271511939     272.98474159991696     3:18
3188000     6376.000000381463     342.61024309320135     237.6558566514761     3:17
3188500     6377.000000381667     340.62328038053727     290.2527163645342     3:17
3189000     6378.00000038187     325.40065180688816     253.22025552821808     3:17
3189500     6379.000000382074     339.9609789910777     245.17492611272996     3:17
3190000     6380.000000382278     333.9568401270187     366.6859668161146     3:17
3190500     6381.000000382482     316.6624781277768     398.70314309246066     3:17
3191000     6382.000000382685     328.46560033700587     238.79009223613446     3:17
3191500     6383.000000382889     314.00588175604855     265.6072571009978     3:17
3192000     6384.000000383093     338.714368671025     331.41861549198296     3:17
3192500     6385.0000003832965     344.53646613748754     316.33179377803555     3:17
3193000     6386.0000003835     348.3844523866221     323.4465175934861     3:17
3193500     6387.000000383704     357.97324834226424     250.15414055768943     3:17
3194000     6388.000000383908     369.058722035292     335.2144454965904     3:17
3194500     6389.000000384111     352.5895188183624     321.44047821513215     3:17
3195000     6390.000000384315     319.33156098854124     251.13222130254675     3:17
3195500     6391.000000384519     342.2905323290953     196.58940250838245     3:17
3196000     6392.000000384723     358.7286279200001     324.1269966403831     3:17
3196500     6393.000000384926     321.07981461695954     288.78226659715676     3:17
3197000     6394.00000038513     360.5914884429102     254.4926417641638     3:16
3197500     6395.000000385334     339.96967401573136     280.86124528503984     3:16
3198000     6396.0000003855375     345.21134027496566     297.0137963736265     3:16
3198500     6397.000000385741     347.8913694726274     287.73596806906005     3:16
3199000     6398.000000385945     333.95997349976403     298.50350215946327     3:16
3199500     6399.000000386149     306.56971780250285     321.1242426779218     3:16
3200000     6400.000000386352     371.24407384988956     265.6984874985296     3:16
3200500     6401.000000386556     331.3548403063975     310.080380757188     3:16
3201000     6402.00000038676     322.29825552545344     255.83881069863844     3:16
3201500     6403.000000386964     326.1421228202802     247.57305216521507     3:16
3202000     6404.000000387167     330.8462589368494     291.6744928827139     3:16
3202500     6405.000000387371     344.81607699695076     332.0356739563833     3:16
3203000     6406.000000387575     323.4233663500612     312.2624344921755     3:16
3203500     6407.0000003877785     323.6033188669219     291.1007386144096     3:16
3204000     6408.000000387982     314.91777831641184     268.40014209133443     3:16
3204500     6409.000000388186     342.7454942606097     339.7537706590074     3:16
3205000     6410.00000038839     329.35186019062576     327.2645093584312     3:16
3205500     6411.000000388593     339.98464339989084     312.2596755732721     3:16
3206000     6412.000000388797     326.0222737760553     311.52957681916035     3:15
3206500     6413.000000389001     331.1701621516464     318.09533142784505     3:15
3207000     6414.000000389205     319.4149810683881     338.214110396333     3:15
3207500     6415.000000389408     313.62968094938947     342.5644635720216     3:15
3208000     6416.000000389612     324.4158411621614     268.9957550548969     3:15
3208500     6417.000000389816     332.80383887365315     219.32827778396916     3:15
3209000     6418.0000003900195     358.5492320521988     311.8764421299812     3:15
3209500     6419.000000390223     320.7095841140391     352.3307426341213     3:15
3210000     6420.000000390427     336.9277343663548     355.9793108900221     3:15
3210500     6421.000000390631     348.5548981015605     287.6304113351683     3:15
3211000     6422.000000390834     344.67976915239467     278.61548311799277     3:15
3211500     6423.000000391038     308.6858507106373     302.495291041799     3:15
3212000     6424.000000391242     364.85947647498585     210.01193572294298     3:15
3212500     6425.000000391446     332.9020909959305     308.2340255201995     3:15
3213000     6426.000000391649     359.41478878093403     268.8195052079191     3:15
3213500     6427.000000391853     353.6380863018919     293.4319363194802     3:15
3214000     6428.000000392057     353.7764703722478     339.45733750223525     3:15
3214500     6429.0000003922605     379.9825014888571     318.8637000461363     3:15
3215000     6430.000000392464     348.752891218855     257.8743566189186     3:14
3215500     6431.000000392668     345.2473686225834     248.46069764690577     3:14
3216000     6432.000000392872     340.7625954343481     299.7101987371749     3:14
3216500     6433.000000393075     355.45565092068375     288.9821188145993     3:14
3217000     6434.000000393279     348.1564281073091     308.5023884039366     3:14
3217500     6435.000000393483     330.70580795514627     325.111728202834     3:14
3218000     6436.000000393687     330.0788599236978     283.1683739579925     3:14
3218500     6437.00000039389     375.1478369939151     319.1974986530614     3:14
3219000     6438.000000394094     327.966722948762     318.84728696190456     3:14
3219500     6439.000000394298     304.86889909499007     213.78770971883876     3:14
3220000     6440.0000003945015     345.40231196686227     230.93311199443784     3:14
3220500     6441.000000394705     341.13325154057304     234.12411106212673     3:14
3221000     6442.000000394909     366.6040424012024     317.92063028393017     3:14
3221500     6443.000000395113     380.5512152800326     315.0439619217245     3:14
3222000     6444.000000395316     341.85077100222657     275.15946434193654     3:14
3222500     6445.00000039552     341.35599022285055     338.69856670029264     3:14
3223000     6446.000000395724     335.34843118801075     336.8609488229089     3:14
3223500     6447.000000395928     318.04299149570033     309.61202599375133     3:14
3224000     6448.000000396131     329.3948986953782     264.41528976507533     3:13
3224500     6449.000000396335     317.98971201185213     342.49714851959607     3:13
3225000     6450.000000396539     376.22944119033525     361.1261996065481     3:13
3225500     6451.0000003967425     372.62446369545546     342.3429228959065     3:13
3226000     6452.000000396946     359.6779481947218     339.38509383334144     3:13
3226500     6453.00000039715     370.14021081017677     340.96035017875795     3:13
3227000     6454.000000397354     362.6554407091178     320.10656596768115     3:13
3227500     6455.000000397557     343.0693771743182     324.55906027126923     3:13
3228000     6456.000000397761     310.7787742847055     271.82279527969644     3:13
3228500     6457.000000397965     309.33131329125     210.77604699969876     3:13
3229000     6458.000000398169     306.42340827414023     206.90637311157718     3:13
3229500     6459.000000398372     327.8769418253323     304.11240138855953     3:13
3230000     6460.000000398576     338.37136820532317     342.63606776538325     3:13
3230500     6461.00000039878     339.7252853177847     235.2401658016622     3:13
3231000     6462.0000003989835     345.66981654960557     271.5180039100191     3:13
3231500     6463.000000399187     304.82230764609926     318.0143118186571     3:13
3232000     6464.000000399391     332.29901514190306     281.1456515678215     3:13
3232500     6465.000000399595     329.3873663860328     252.62641031141908     3:13
3233000     6466.000000399798     324.6877937038822     289.3806803439897     3:13
3233500     6467.000000400002     382.1248418048143     274.59167922235343     3:13
3234000     6468.000000400206     307.1602323988669     329.8110055047638     3:12
3234500     6469.00000040041     330.6010409164128     259.1535919646076     3:12
3235000     6470.000000400613     323.97058447681775     349.0813824550586     3:12
3235500     6471.000000400817     360.3883017047614     308.63337227439314     3:12
3236000     6472.000000401021     309.0294325272922     397.2451312420496     3:12
3236500     6473.0000004012245     332.22492137665597     288.78507287206014     3:12
3237000     6474.000000401428     307.92022940338313     283.5187064529652     3:12
3237500     6475.000000401632     319.2920640871474     226.87344470411085     3:12
3238000     6476.000000401836     322.15028109202865     237.88986226476422     3:12
3238500     6477.000000402039     350.3789641118926     206.98317096484985     3:12
3239000     6478.000000402243     312.9917759711325     248.74554103218722     3:12
3239500     6479.000000402447     335.6920614379957     261.7000455987178     3:12
3240000     6480.000000402651     365.2249480705141     323.99521033356655     3:12
3240500     6481.000000402854     336.1429306089799     370.26462025914867     3:12
3241000     6482.000000403058     341.99190209285223     265.7540943652455     3:12
3241500     6483.000000403262     299.8493886622248     312.03318853631646     3:12
3242000     6484.0000004034655     319.7931052723003     269.9423901345514     3:12
3242500     6485.000000403669     323.9647045250309     291.7346696034296     3:12
3243000     6486.000000403873     345.06962161816375     276.5052301045742     3:11
3243500     6487.000000404077     309.4623019433632     362.3228992890662     3:11
3244000     6488.00000040428     313.6929545899251     354.23674831537824     3:11
3244500     6489.000000404484     332.7297786962889     236.44045200286888     3:11
3245000     6490.000000404688     361.8713153815987     302.6925080504207     3:11
3245500     6491.000000404892     316.33947768134374     222.55170302903178     3:11
3246000     6492.000000405095     311.41626008111655     263.9639355230841     3:11
3246500     6493.000000405299     294.4248804077956     241.8321682685324     3:11
3247000     6494.000000405503     306.72983747133355     261.1564218074185     3:11
3247500     6495.0000004057065     319.15434095812486     288.7426931109385     3:11
3248000     6496.00000040591     364.1600106139508     311.8570396195383     3:11
3248500     6497.000000406114     323.36894574673227     304.80675177155814     3:11
3249000     6498.000000406318     331.0942331982724     277.174592810813     3:11
3249500     6499.000000406521     322.5030261785265     284.409997862278     3:11
3250000     6500.000000406725     342.1287084569509     268.4915808924018     3:11
3250500     6501.000000406929     316.70395387152723     362.39921705938497     3:11
3251000     6502.000000407133     299.3212117027298     240.63689808976255     3:11
3251500     6503.000000407336     302.4085389788287     230.68405492319482     3:11
3252000     6504.00000040754     330.519171448537     277.52337399717413     3:10
3252500     6505.000000407744     361.52839872873335     257.8953319201272     3:10
3253000     6506.0000004079475     308.98056003526347     267.43525781114096     3:10
3253500     6507.000000408151     360.0403791863034     247.0231900403218     3:10
3254000     6508.000000408355     325.5885729463256     317.0437230376102     3:10
3254500     6509.000000408559     332.1918027692858     269.1116026104679     3:10
3255000     6510.000000408762     334.89298864189016     302.2560016743346     3:10
3255500     6511.000000408966     326.85937000698834     332.0877765194642     3:10
3256000     6512.00000040917     348.1665477402447     354.51089252228314     3:10
3256500     6513.000000409374     350.06402439177157     356.2895544320264     3:10
3257000     6514.000000409577     390.7131102249391     322.8287874424318     3:10
3257500     6515.000000409781     327.33581012766     338.2475209665762     3:10
3258000     6516.000000409985     348.6885754542583     264.24847914310953     3:10
3258500     6517.0000004101885     316.78819223407925     381.17416782475385     3:10
3259000     6518.000000410392     352.1646464210795     327.2107447821993     3:10
3259500     6519.000000410596     345.66743414926975     251.3725240125253     3:10
3260000     6520.0000004108     339.96644252023555     332.1342211626873     3:10
3260500     6521.000000411003     342.5411664645834     307.88725217657134     3:10
3261000     6522.000000411207     326.67242784178836     343.469300686407     3:09
3261500     6523.000000411411     344.9951384502209     314.84992125262255     3:09
3262000     6524.000000411615     350.41104218979183     268.48734570307647     3:09
3262500     6525.000000411818     337.89707428634244     304.6211925249203     3:09
3263000     6526.000000412022     316.9425117438409     281.02365455188624     3:09
3263500     6527.000000412226     341.3755137519262     216.72297234765796     3:09
3264000     6528.0000004124295     323.90097342847173     288.9373039895514     3:09
3264500     6529.000000412633     323.5343468465529     294.3916425831464     3:09
3265000     6530.000000412837     326.8486493657866     266.6324773976097     3:09
3265500     6531.000000413041     356.53903482439785     254.93575481084625     3:09
3266000     6532.000000413244     331.5987802199995     356.3252645050039     3:09
3266500     6533.000000413448     330.4607417265048     293.77748450825015     3:09
3267000     6534.000000413652     352.30047996177336     337.55689407622657     3:09
3267500     6535.000000413856     320.9649395011843     304.0954963783374     3:09
3268000     6536.000000414059     336.04846774863324     317.1953989613013     3:09
3268500     6537.000000414263     385.80170243362784     308.97603320231474     3:09
3269000     6538.000000414467     359.1301942128782     391.5599457271896     3:09
3269500     6539.0000004146705     354.6116257809705     312.3352263959755     3:09
3270000     6540.000000414874     361.6991906855055     262.8301822252986     3:09
3270500     6541.000000415078     315.9153490845873     340.3314605128403     3:08
3271000     6542.000000415282     335.39082422064234     334.2016334488063     3:08
3271500     6543.000000415485     341.3081449758264     311.6341092837829     3:08
3272000     6544.000000415689     337.33724527188645     259.599644958312     3:08
3272500     6545.000000415893     318.3775166699221     272.82096582567874     3:08
3273000     6546.000000416097     298.6664176108346     283.19228813251914     3:08
3273500     6547.0000004163     305.4834760096297     334.03624705087117     3:08
3274000     6548.000000416504     330.1356527209483     280.89868347258795     3:08
3274500     6549.000000416708     315.55300839862014     228.65294447437506     3:08
3275000     6550.0000004169115     304.2104559065791     263.60384834602183     3:08
3275500     6551.000000417115     355.85798690550143     332.2335424692518     3:08
3276000     6552.000000417319     310.10684926168585     338.93328341243915     3:08
3276500     6553.000000417523     319.9355376399376     296.4852060698668     3:08
3277000     6554.000000417726     320.8666312458091     332.5119027809979     3:08
3277500     6555.00000041793     312.00057481829833     248.4080465260001     3:08
3278000     6556.000000418134     325.67276966372026     233.42126178677256     3:08
3278500     6557.000000418338     313.3694138498631     318.7149877716861     3:08
3279000     6558.000000418541     312.9899894206312     348.2004230980645     3:08
3279500     6559.000000418745     326.696899117342     338.53995713486444     3:07
3280000     6560.000000418949     359.0344630277609     316.8449465828304     3:07
3280500     6561.0000004191525     355.9771340525598     292.04696832802097     3:07
3281000     6562.000000419356     315.7080568902637     287.24870190580157     3:07
3281500     6563.00000041956     313.77857807469934     300.5020076067094     3:07
3282000     6564.000000419764     353.0646862844221     264.51441464838103     3:07
3282500     6565.000000419967     332.8696515687807     366.58596949578816     3:07
3283000     6566.000000420171     333.28430477279403     316.33629708660266     3:07
3283500     6567.000000420375     375.25851147389517     300.2282443629208     3:07
3284000     6568.0000004205785     349.97162498342755     269.2601508826781     3:07
3284500     6569.000000420782     288.29914364978833     268.26249572574363     3:07
3285000     6570.000000420986     324.4096201594839     280.4477793467126     3:07
3285500     6571.00000042119     333.5931642444143     279.09934610762167     3:07
3286000     6572.000000421393     345.07438228679985     348.65995784282995     3:07
3286500     6573.000000421597     337.3141103752638     357.308731340951     3:07
3287000     6574.000000421801     344.8381440874575     390.4290414022079     3:07
3287500     6575.000000422005     344.23261958203364     306.72050799766157     3:07
3288000     6576.000000422208     353.730677771626     313.91116510050284     3:07
3288500     6577.000000422412     351.33531890465235     261.6341536723999     3:06
3289000     6578.000000422616     339.63369908623724     291.46644726997545     3:06
3289500     6579.0000004228195     331.80520489621665     264.95022902623873     3:06
3290000     6580.000000423023     344.83548097067467     255.70884179336156     3:06
3290500     6581.000000423227     356.53939668278554     267.91478450565785     3:06
3291000     6582.000000423431     361.0589021053635     275.46542638002774     3:06
3291500     6583.000000423634     345.61029651812385     331.21475934734497     3:06
3292000     6584.000000423838     336.44904805638987     285.0585533141026     3:06
3292500     6585.000000424042     307.22777521788805     274.0080093535914     3:06
3293000     6586.000000424246     347.1967532071113     307.9264776696536     3:06
3293500     6587.000000424449     326.3890256180108     280.687811870771     3:06
3294000     6588.000000424653     356.5347151071643     238.52600448674286     3:06
3294500     6589.000000424857     308.4482177040195     305.90879875806604     3:06
3295000     6590.0000004250605     363.4758851842238     316.1563886233235     3:06
3295500     6591.000000425264     321.3806031552292     335.59447231867784     3:06
3296000     6592.000000425468     352.7361180770457     333.87891721151175     3:06
3296500     6593.000000425672     390.88675983434916     314.61744197827204     3:06
3297000     6594.000000425875     329.87831789477093     334.06504277649265     3:06
3297500     6595.000000426079     347.3057258715818     296.39168802878316     3:05
3298000     6596.000000426283     330.0397028500132     394.167008260008     3:05
3298500     6597.000000426487     364.0491793862134     336.43398770011044     3:05
3299000     6598.00000042669     358.8833606619088     385.02722820926834     3:05
3299500     6599.000000426894     358.39243496751646     339.8937719159306     3:05
3300000     6600.000000427098     343.7803505409905     331.99639075776264     3:05
3300500     6601.0000004273015     313.50571759433285     308.55952634841924     3:05
3301000     6602.000000427505     333.1708769740777     358.57404575025464     3:05
3301500     6603.000000427709     357.0426438659197     268.7917053710661     3:05
3302000     6604.000000427913     326.8682585462959     289.87282795339445     3:05
3302500     6605.000000428116     331.9529557798128     314.8817942786558     3:05
3303000     6606.00000042832     334.10891253642626     324.871446668237     3:05
3303500     6607.000000428524     311.9318335075194     267.68063645301356     3:05
3304000     6608.000000428728     331.07779140542766     259.3905480520612     3:05
3304500     6609.000000428931     304.70309588044745     350.14700069729145     3:05
3305000     6610.000000429135     330.4493637459915     364.17003493937204     3:05
3305500     6611.000000429339     368.3789459816494     303.2658884759619     3:05
3306000     6612.0000004295425     355.10064852940525     360.3889660809031     3:05
3306500     6613.000000429746     320.3506720091292     348.28730067512936     3:05
3307000     6614.00000042995     353.9085126183062     271.4714676305949     3:04
3307500     6615.000000430154     344.2605408360067     229.71960472621302     3:04
3308000     6616.000000430357     318.81698771645654     292.7810884025266     3:04
3308500     6617.000000430561     359.6946084297309     297.553456388611     3:04
3309000     6618.000000430765     327.30741022490827     251.27821030829745     3:04
3309500     6619.000000430969     324.5694517233593     303.9846242442549     3:04
3310000     6620.000000431172     344.1623504710957     287.7980804440751     3:04
3310500     6621.000000431376     331.0221586292747     306.3537029691588     3:04
3311000     6622.00000043158     336.7173751737196     350.31518666957083     3:04
3311500     6623.0000004317835     371.0095829590713     310.9698615462499     3:04
3312000     6624.000000431987     358.70085238507954     210.8142423181394     3:04
3312500     6625.000000432191     326.4017420943428     301.9072681830379     3:04
3313000     6626.000000432395     333.643730472656     318.09521918136977     3:04
3313500     6627.000000432598     314.41027897842457     296.3335619213575     3:04
3314000     6628.000000432802     347.99085304009384     264.6695814988077     3:04
3314500     6629.000000433006     332.582300483979     224.17252562684052     3:04
3315000     6630.00000043321     336.561353431886     321.7049220386956     3:04
3315500     6631.000000433413     342.4421871685688     306.1912271649528     3:04
3316000     6632.000000433617     289.19135849410327     353.60479082670724     3:03
3316500     6633.000000433821     316.98739320655284     266.7830592087935     3:03
3317000     6634.0000004340245     315.3757685139517     229.66086389495922     3:03
3317500     6635.000000434228     314.90930393595374     276.4850196520106     3:03
3318000     6636.000000434432     353.4260141691851     299.799346939986     3:03
3318500     6637.000000434636     355.1688778333046     289.5608372607731     3:03
3319000     6638.000000434839     328.03080374861815     278.3535473783045     3:03
3319500     6639.000000435043     353.90725477430453     241.7801650271132     3:03
3320000     6640.000000435247     314.28633947999197     319.7590125518183     3:03
3320500     6641.000000435451     312.4908103958322     293.81310619843043     3:03
3321000     6642.000000435654     360.2378971714178     232.1158664409526     3:03
3321500     6643.000000435858     367.52274548511843     343.8880369374275     3:03
3322000     6644.000000436062     334.8968370156646     315.3596354031162     3:03
3322500     6645.0000004362655     315.3021829821573     263.25357550217154     3:03
3323000     6646.000000436469     336.60749522776405     282.02569316618155     3:03
3323500     6647.000000436673     327.1388597204667     253.53101308383924     3:03
3324000     6648.000000436877     329.83426632349483     236.7369370284273     3:03
3324500     6649.00000043708     335.9325399983352     264.45596749536924     3:03
3325000     6650.000000437284     355.22201779748525     295.6677689501174     3:02
3325500     6651.000000437488     325.7232880840253     320.9773254267583     3:02
3326000     6652.000000437692     322.0459329824813     276.88712306467795     3:02
3326500     6653.000000437895     346.20293683784905     269.8782197106692     3:02
3327000     6654.000000438099     368.196600764276     312.8067176346415     3:02
3327500     6655.000000438303     340.5129823779322     308.6631725349263     3:02
3328000     6656.0000004385065     349.8214398014361     298.054930821148     3:02
3328500     6657.00000043871     335.4294056443522     345.7877062308838     3:02
3329000     6658.000000438914     330.54639551037496     354.4471391399665     3:02
3329500     6659.000000439118     340.67076979640717     283.7431778002681     3:02
3330000     6660.000000439321     354.7192870500095     228.98773458644982     3:02
3330500     6661.000000439525     319.8414580493205     341.1908741007799     3:02
3331000     6662.000000439729     341.0442388435795     283.6486367008596     3:02
3331500     6663.000000439933     310.62884354140874     284.9012406378622     3:02
3332000     6664.000000440136     355.53746862367245     260.2053033497023     3:02
3332500     6665.00000044034     321.2078620780379     346.6419187317866     3:02
3333000     6666.000000440544     363.0456436428831     311.9954033566797     3:02
3333500     6667.0000004407475     334.3630377406927     371.68163316414757     3:02
3334000     6668.000000440951     333.55760632410465     343.73701737790685     3:02
3334500     6669.000000441155     357.83885885105485     281.6422265959063     3:01
3335000     6670.000000441359     352.20002654268706     262.98079861298226     3:01
3335500     6671.000000441562     292.77989675882134     297.07440507858365     3:01
3336000     6672.000000441766     320.5426700217495     263.29765437978136     3:01
3336500     6673.00000044197     336.81378406148383     291.2563266797452     3:01
3337000     6674.000000442174     330.35191110573294     254.61270281902725     3:01
3337500     6675.000000442377     355.0353193053826     341.3595172065982     3:01
3338000     6676.000000442581     324.21351246485654     270.64448993987634     3:01
3338500     6677.000000442785     317.37408869932233     336.21472446332217     3:01
3339000     6678.0000004429885     330.79061055332375     262.2792051838728     3:01
3339500     6679.000000443192     331.6841050048213     324.89432060113734     3:01
3340000     6680.000000443396     356.56899754496555     344.61928623405674     3:01
3340500     6681.0000004436     349.9534196916718     370.48850515413926     3:01
3341000     6682.000000443803     302.63017730231684     329.35185215905454     3:01
3341500     6683.000000444007     336.395646609801     313.94085225882657     3:01
3342000     6684.000000444211     354.5665474551189     331.22908211949186     3:01
3342500     6685.000000444415     319.94575364356933     334.57676920984875     3:01
3343000     6686.000000444618     352.4310065874897     296.0058299199609     3:01
3343500     6687.000000444822     338.60320049737265     225.18085383400734     3:00
3344000     6688.000000445026     341.504066804987     357.3709874691969     3:00
3344500     6689.0000004452295     358.21196961124315     328.60018935870045     3:00
3345000     6690.000000445433     351.241794105783     354.7907996782924     3:00
3345500     6691.000000445637     334.84807670286057     303.6091183782313     3:00
3346000     6692.000000445841     332.3678107001017     292.1303100119473     3:00
3346500     6693.000000446044     307.87704866009483     304.7202364929194     3:00
3347000     6694.000000446248     339.53050470563824     299.1988831207516     3:00
3347500     6695.000000446452     338.8231046607052     276.4702321960863     3:00
3348000     6696.000000446656     343.1406063130439     288.76830991369206     3:00
3348500     6697.000000446859     314.14719784725446     308.0343734637975     3:00
3349000     6698.000000447063     359.69817604882905     285.3514054014362     3:00
3349500     6699.000000447267     368.86491492872244     284.0272242388043     3:00
3350000     6700.0000004474705     335.39809474862705     290.0794022848019     3:00
3350500     6701.000000447674     364.624424555003     255.6782250212577     3:00
3351000     6702.000000447878     331.6316208602286     316.76582614622265     3:00
3351500     6703.000000448082     358.4531593661193     324.8961016904902     3:00
3352000     6704.000000448285     388.7371074816049     249.384178946043     3:00
3352500     6705.000000448489     343.1706974734806     252.94032065772743     2:59
3353000     6706.000000448693     328.5843269704766     258.09526440905745     2:59
3353500     6707.000000448897     332.91994739916345     241.13926345447814     2:59
3354000     6708.0000004491     333.83985005656746     251.01626783575816     2:59
3354500     6709.000000449304     327.90473177739534     290.14245202767773     2:59
3355000     6710.000000449508     335.00330127621135     279.6912935242442     2:59
3355500     6711.0000004497115     309.70118578586744     357.1222854085129     2:59
3356000     6712.000000449915     314.24436703400386     266.6360335377391     2:59
3356500     6713.000000450119     338.92543261608034     297.37745084765277     2:59
3357000     6714.000000450323     331.0014971661832     273.0969034160497     2:59
3357500     6715.000000450526     311.665395112193     310.12649799333025     2:59
3358000     6716.00000045073     360.6244626373882     264.50447889780804     2:59
3358500     6717.000000450934     307.6134703011884     348.31213175255607     2:59
3359000     6718.000000451138     330.400052297716     305.25175608739016     2:59
3359500     6719.000000451341     354.7099678972311     332.53053479172183     2:59
3360000     6720.000000451545     334.0269713428829     336.7022898428752     2:59
3360500     6721.000000451749     337.39060133165026     310.86008150643397     2:59
3361000     6722.0000004519525     323.14649457328403     300.70266363291563     2:59
3361500     6723.000000452156     322.7935402287502     282.08714892676426     2:58
3362000     6724.00000045236     325.41871560848176     299.5462659811469     2:58
3362500     6725.000000452564     319.9386022933817     441.7955244224392     2:58
3363000     6726.000000452767     345.7969932365936     288.390307104482     2:58
3363500     6727.000000452971     365.4694379726661     311.3869705624433     2:58
3364000     6728.000000453175     325.2643253046093     289.1371758727314     2:58
3364500     6729.000000453379     310.4335608948653     306.81334629527447     2:58
3365000     6730.000000453582     305.95700371969804     263.1570719987014     2:58
3365500     6731.000000453786     349.1399957824284     288.3815070744668     2:58
3366000     6732.00000045399     371.0525957149597     293.5295416027541     2:58
3366500     6733.0000004541935     400.83122951808684     363.4849112586205     2:58
3367000     6734.000000454397     340.23499892759935     285.473072975904     2:58
3367500     6735.000000454601     333.54765837178286     243.50798177002918     2:58
3368000     6736.000000454805     344.9186419340979     285.55061126518217     2:58
3368500     6737.000000455008     349.1315937596246     359.81425111387534     2:58
3369000     6738.000000455212     351.81973582919534     313.78239391613823     2:58
3369500     6739.000000455416     320.58476293665046     280.1409188201496     2:58
3370000     6740.00000045562     342.31485105104423     298.81934552828494     2:58
3370500     6741.000000455823     350.85465477889534     251.13608624965056     2:57
3371000     6742.000000456027     313.74702870023896     340.35574308088     2:57
3371500     6743.000000456231     329.30466477496077     327.31850827662834     2:57
3372000     6744.0000004564345     334.25312611249217     278.78781571919524     2:57
3372500     6745.000000456638     339.12375235104946     320.13437729236034     2:57
3373000     6746.000000456842     312.3264957331138     369.02205087367474     2:57
3373500     6747.000000457046     339.55328239655285     274.8770362983331     2:57
3374000     6748.000000457249     329.9731176466307     334.41305252667104     2:57
3374500     6749.000000457453     364.9385624978901     337.4314193732147     2:57
3375000     6750.000000457657     360.6930000397765     310.0531710135534     2:57
3375500     6751.000000457861     342.1718688875909     310.96123182345866     2:57
3376000     6752.000000458064     327.15377222607606     295.181809621937     2:57
3376500     6753.000000458268     319.97673238327377     286.8200804571014     2:57
3377000     6754.000000458472     338.23598096255216     287.6262432160181     2:57
3377500     6755.0000004586755     384.6610202410235     252.13327943128672     2:57
3378000     6756.000000458879     330.99444884571983     266.2502414818987     2:57
3378500     6757.000000459083     331.4482849656689     333.7113803054443     2:57
3379000     6758.000000459287     350.9001334572082     316.70651299034154     2:57
3379500     6759.00000045949     333.77954455626116     328.66016540170597     2:57
3380000     6760.000000459694     332.7159460003262     329.4814894916018     2:56
3380500     6761.000000459898     355.35425339228755     317.5436550498677     2:56
3381000     6762.000000460102     337.1409753527572     325.31223092347597     2:56
3381500     6763.000000460305     387.48789371178555     366.70540780229845     2:56
3382000     6764.000000460509     366.1852574099445     287.40236763722663     2:56
3382500     6765.000000460713     333.06595203644065     285.2692250939435     2:56
3383000     6766.000000460916     329.25057687151786     328.59636655246265     2:56
3383500     6767.00000046112     376.5182941455613     261.34431473771537     2:56
3384000     6768.000000461324     350.375798706361     302.35933698718867     2:56
3384500     6769.000000461528     357.3778595229737     257.4304046137923     2:56
3385000     6770.000000461731     315.80387291904356     281.04383305166294     2:56
3385500     6771.000000461935     330.6250550094418     301.3897793011011     2:56
3386000     6772.000000462139     355.33591633961635     305.11485163515687     2:56
3386500     6773.0000004623425     308.65696414470005     289.2085370376198     2:56
3387000     6774.000000462546     345.70284172026436     289.16910993440007     2:56
3387500     6775.00000046275     357.39385218579605     254.8809645323941     2:56
3388000     6776.000000462954     325.3899694749135     273.1659801443707     2:56
3388500     6777.000000463157     321.4731882374608     292.8522402839265     2:56
3389000     6778.000000463361     312.84834696306984     316.9445783351807     2:55
3389500     6779.000000463565     327.3907268146785     265.3311441487189     2:55
3390000     6780.000000463769     364.5912794463504     278.89392357811397     2:55
3390500     6781.000000463972     319.80971280957726     308.677191331767     2:55
3391000     6782.000000464176     350.03998332805486     253.2881801216297     2:55
3391500     6783.00000046438     327.6237782836606     353.04209730863903     2:55
3392000     6784.0000004645835     352.724359374845     326.82717936253067     2:55
3392500     6785.000000464787     378.69982954120974     230.34868388071436     2:55
3393000     6786.000000464991     339.2536230590048     303.84594108419293     2:55
3393500     6787.000000465195     324.8941942998856     347.0575402077018     2:55
3394000     6788.000000465398     358.3838519378097     314.8567015565036     2:55
3394500     6789.000000465602     352.11447095453127     347.2989729790911     2:55
3395000     6790.000000465806     340.3297920526617     301.8789633419947     2:55
3395500     6791.00000046601     330.60954259735274     367.9108836027159     2:55
3396000     6792.000000466213     351.3117992687795     280.3252730963546     2:55
3396500     6793.000000466417     336.96690813589146     439.07649628886804     2:55
3397000     6794.000000466621     332.80833388907377     383.7068335971982     2:55
3397500     6795.0000004668245     346.71490866269653     330.5701109310159     2:55
3398000     6796.000000467028     347.5560893587666     371.37957657521474     2:54
3398500     6797.000000467232     348.1555741026009     273.5958844231938     2:54
3399000     6798.000000467436     319.15912418832056     311.7361664407594     2:54
3399500     6799.000000467639     347.1721209697678     310.72558349140076     2:54
3400000     6800.000000467843     371.52417864738084     284.9797407318597     2:54
3400500     6801.000000468047     329.97340316694863     306.07765845138596     2:54
3401000     6802.000000468251     333.18778720604826     320.23308569554973     2:54
3401500     6803.000000468454     334.9613494382611     294.986009014645     2:54
3402000     6804.000000468658     330.2318527619399     316.70826747120884     2:54
3402500     6805.000000468862     328.941845013896     347.4150098395859     2:54
3403000     6806.0000004690655     320.3354267280606     250.09754785708023     2:54
3403500     6807.000000469269     342.89072413620477     292.28142901422416     2:54
3404000     6808.000000469473     329.9144795299502     342.37537816823834     2:54
3404500     6809.000000469677     325.94283593656803     264.76277415105125     2:54
3405000     6810.00000046988     337.18516402659566     328.2731314416277     2:54
3405500     6811.000000470084     343.25122117271917     354.2232324156844     2:54
3406000     6812.000000470288     302.96181403430853     334.51845057840535     2:54
3406500     6813.000000470492     334.7530068937814     270.2713791362481     2:54
3407000     6814.000000470695     321.64665577570895     314.1531793028215     2:53
3407500     6815.000000470899     358.0630291675359     295.72726684768014     2:53
3408000     6816.000000471103     359.8906834691743     277.3157981017054     2:53
3408500     6817.0000004713065     346.8271954352891     276.04188781954366     2:53
3409000     6818.00000047151     325.3281637867168     306.26947608485756     2:53
3409500     6819.000000471714     338.2137794733602     219.3152400216452     2:53
3410000     6820.000000471918     368.40383705845727     289.91459218339173     2:53
3410500     6821.000000472121     387.8543676916423     236.6426670392932     2:53
3411000     6822.000000472325     365.192968050967     269.6866777567691     2:53
3411500     6823.000000472529     339.85447376295133     278.94737618277003     2:53
3412000     6824.000000472733     373.1646909711063     287.4305999184799     2:53
3412500     6825.000000472936     357.31048131422517     329.96529382308273     2:53
3413000     6826.00000047314     326.71284566958354     271.6190410844696     2:53
3413500     6827.000000473344     339.3288894769446     306.111672491747     2:53
3414000     6828.0000004735475     316.8001813974764     297.4737972593391     2:53
3414500     6829.000000473751     327.66451575165763     237.18985430097214     2:53
3415000     6830.000000473955     288.30065065846713     281.3362124771136     2:53
3415500     6831.000000474159     293.25469955660924     296.08923988500686     2:53
3416000     6832.000000474362     342.5038749132351     279.7284836457902     2:53
3416500     6833.000000474566     360.62768744773575     324.4554533677994     2:52
3417000     6834.00000047477     351.02416290482574     369.91429280977775     2:52
3417500     6835.000000474974     340.5583866499636     295.0298939857422     2:52
3418000     6836.000000475177     332.6607019963103     292.21600414109815     2:52
3418500     6837.000000475381     385.9599646840876     314.1044359641604     2:52
3419000     6838.000000475585     334.62652265963595     236.29663398635708     2:52
3419500     6839.0000004757885     326.6975764096285     340.4350426968979     2:52
3420000     6840.000000475992     352.39791467407474     242.64500010204816     2:52
3420500     6841.000000476196     352.97421087674843     315.0621443007102     2:52
3421000     6842.0000004764     379.82762920781784     275.6165355575088     2:52
3421500     6843.000000476603     358.5666848169574     303.92654943243514     2:52
3422000     6844.000000476807     367.80502568989334     370.76354344167834     2:52
3422500     6845.000000477011     340.7264295916382     274.6362670033945     2:52
3423000     6846.000000477215     328.37902978668274     285.8625747680647     2:52
3423500     6847.000000477418     343.97129258252573     300.91877709023186     2:52
3424000     6848.000000477622     324.95116058869905     302.8878758338832     2:52
3424500     6849.000000477826     315.5866451972055     343.27224282817474     2:52
3425000     6850.0000004780295     328.27226857986614     311.8280684845803     2:52
3425500     6851.000000478233     353.7190613565517     304.59397343279477     2:51
3426000     6852.000000478437     360.979923626188     265.60635149217273     2:51
3426500     6853.000000478641     346.76865740119115     306.0484729469728     2:51
3427000     6854.000000478844     350.40568798633365     317.5875304565222     2:51
3427500     6855.000000479048     354.144208826831     361.7096566558638     2:51
3428000     6856.000000479252     349.45769223655986     309.06853866781574     2:51
3428500     6857.000000479456     327.218372218657     280.8813366129638     2:51
3429000     6858.000000479659     341.7607949733857     312.5904463347559     2:51
3429500     6859.000000479863     334.70924546933463     311.4743035353418     2:51
3430000     6860.000000480067     346.0025801408491     284.6031252370942     2:51
3430500     6861.0000004802705     329.8963004940442     346.27730550462087     2:51
3431000     6862.000000480474     324.3607179419348     326.3246571562931     2:51
3431500     6863.000000480678     320.9474758870505     274.1842099211858     2:51
3432000     6864.000000480882     331.5103506087987     347.1573652429284     2:51
3432500     6865.000000481085     337.93069309802365     329.4420986884595     2:51
3433000     6866.000000481289     299.35221877529875     312.079074578949     2:51
3433500     6867.000000481493     341.2963327435689     281.3394675300393     2:51
3434000     6868.000000481697     316.3807845338224     274.0178472760007     2:51
3434500     6869.0000004819     288.31993066391897     301.0348036819179     2:50
3435000     6870.000000482104     327.18653745606696     273.2517614978485     2:50
3435500     6871.000000482308     325.0878063366408     364.01730848102716     2:50
3436000     6872.0000004825115     372.80358204254037     276.6968044673836     2:50
3436500     6873.000000482715     351.99830824913613     305.7891980881272     2:50
3437000     6874.000000482919     320.2735624840882     278.7716328556812     2:50
3437500     6875.000000483123     336.79584247110904     294.48461143671415     2:50
3438000     6876.000000483326     348.7906240528739     267.05056798920845     2:50
3438500     6877.00000048353     325.7896157100158     285.86134601468325     2:50
3439000     6878.000000483734     316.2495975764557     344.5410703487159     2:50
3439500     6879.000000483938     322.1765381681033     310.18369949624935     2:50
3440000     6880.000000484141     336.36573199432996     293.5977801617633     2:50
3440500     6881.000000484345     340.65261048281866     267.67967583501974     2:50
3441000     6882.000000484549     329.7552002018293     265.5596281218348     2:50
3441500     6883.0000004847525     340.71092848929027     304.91822338771493     2:50
3442000     6884.000000484956     329.3000542511925     221.32263036189198     2:50
3442500     6885.00000048516     312.2301471362157     281.3314713128242     2:50
3443000     6886.000000485364     322.631558328335     285.51380425416045     2:50
3443500     6887.000000485567     346.90601627857995     317.6045143395912     2:49
3444000     6888.000000485771     349.5342703734311     254.76545386761705     2:49
3444500     6889.000000485975     347.1891998066325     240.2864623254492     2:49
3445000     6890.000000486179     361.14653754840526     223.54327481289394     2:49
3445500     6891.000000486382     341.6709728975501     308.73436394155215     2:49
3446000     6892.000000486586     349.1780877339389     265.7169930624366     2:49
3446500     6893.00000048679     347.6676930821202     283.4829449309957     2:49
3447000     6894.0000004869935     342.81544496899596     363.6980623260781     2:49
3447500     6895.000000487197     336.73582029456213     344.1249706466282     2:49
3448000     6896.000000487401     315.06276377230313     344.65941648022994     2:49
3448500     6897.000000487605     328.73536782794395     260.80292040812475     2:49
3449000     6898.000000487808     336.59962574402664     270.7410275193226     2:49
3449500     6899.000000488012     323.74240163778165     325.0970871904556     2:49
3450000     6900.000000488216     351.05458798397035     278.58359707834353     2:49
3450500     6901.00000048842     349.25868942073566     368.2063447586167     2:49
3451000     6902.000000488623     294.8411664741677     353.62633050874774     2:49
3451500     6903.000000488827     344.69526150914055     310.8388972446553     2:49
3452000     6904.000000489031     344.0648769477481     323.7373179373148     2:49
3452500     6905.0000004892345     335.5774919974442     238.42642243962473     2:49
3453000     6906.000000489438     305.43042077987104     312.1912642528582     2:48
3453500     6907.000000489642     339.0459844759504     326.326744291667     2:48
3454000     6908.000000489846     315.7897050512295     325.8101403679163     2:48
3454500     6909.000000490049     330.47283362860264     268.3616998371066     2:48
3455000     6910.000000490253     309.18977336868386     332.1733713834641     2:48
3455500     6911.000000490457     325.0768264717642     333.2424030035515     2:48
3456000     6912.000000490661     351.53990040142753     272.36462906909196     2:48
3456500     6913.000000490864     345.49392783916414     273.5363432172129     2:48
3457000     6914.000000491068     373.2551445194648     295.76334478942806     2:48
3457500     6915.000000491272     344.930490420212     265.7218521464759     2:48
3458000     6916.0000004914755     315.91654588031565     351.4814157611597     2:48
3458500     6917.000000491679     382.4843796345202     261.6730376953001     2:48
3459000     6918.000000491883     361.98007737391924     318.34161369259385     2:48
3459500     6919.000000492087     306.7085791866011     353.8932694388985     2:48
3460000     6920.00000049229     343.7927944962345     297.4079164737099     2:48
3460500     6921.000000492494     311.81047447467586     239.3951626736414     2:48
3461000     6922.000000492698     332.2623225487139     233.34964168967417     2:48
3461500     6923.000000492902     318.11386439997193     263.50847591308286     2:48
3462000     6924.000000493105     314.7920851728734     279.91929991904277     2:47
3462500     6925.000000493309     330.0971708325528     237.4890929192967     2:47
3463000     6926.000000493513     321.530866127251     320.2209506882585     2:47
3463500     6927.0000004937165     329.928455706764     275.50273101655165     2:47
3464000     6928.00000049392     342.7342080918278     324.6719851176121     2:47
3464500     6929.000000494124     350.898387657536     298.8521186896744     2:47
3465000     6930.000000494328     351.387166438324     280.51629086066833     2:47
3465500     6931.000000494531     313.2858828218576     345.66387195392036     2:47
3466000     6932.000000494735     337.2467635927602     304.91392411521053     2:47
3466500     6933.000000494939     320.4160928003911     349.8482807284825     2:47
3467000     6934.000000495143     362.3463737184783     317.797557513405     2:47
3467500     6935.000000495346     323.25788325788983     434.91971994212855     2:47
3468000     6936.00000049555     342.63524912499895     392.9388124942374     2:47
3468500     6937.000000495754     335.6582504125448     326.2809347645762     2:47
3469000     6938.0000004959575     310.2426688322096     283.2673763260142     2:47
3469500     6939.000000496161     329.1325899674813     254.82041902259013     2:47
3470000     6940.000000496365     363.2312132872239     287.2444850905396     2:47
3470500     6941.000000496569     307.58172140424347     313.053088798857     2:47
3471000     6942.000000496772     343.0050807872402     272.5830828621885     2:46
3471500     6943.000000496976     367.8504752808758     290.95068869038226     2:46
3472000     6944.00000049718     334.39569300548135     275.07804113304456     2:46
3472500     6945.000000497384     348.80015540423256     269.3430360809208     2:46
3473000     6946.000000497587     338.16573629330367     243.5736711457095     2:46
3473500     6947.000000497791     335.57235613057605     337.69772527409407     2:46
3474000     6948.000000497995     348.4095650254875     345.3754311514505     2:46
3474500     6949.0000004981985     289.30225477296756     310.1826497769647     2:46
3475000     6950.000000498402     307.28803586212166     271.24471538873706     2:46
3475500     6951.000000498606     314.5208447476599     287.4124578881624     2:46
3476000     6952.00000049881     317.5925546619858     364.91615708772645     2:46
3476500     6953.000000499013     317.97497261954834     382.22073686168926     2:46
3477000     6954.000000499217     357.4452035954715     341.86725879926115     2:46
3477500     6955.000000499421     337.58293259962625     301.0859610948018     2:46
3478000     6956.000000499625     302.7085993098134     295.9060257533432     2:46
3478500     6957.000000499828     330.27543368331214     247.1565234820281     2:46
3479000     6958.000000500032     324.2357916182491     270.23770690513345     2:46
3479500     6959.000000500236     324.6620197901368     315.2292894420371     2:46
3480000     6960.0000005004395     322.6007573999999     330.4515272122056     2:45
3480500     6961.000000500643     333.3039513329219     360.5364283054958     2:45
3481000     6962.000000500847     366.1838918547429     346.6116013011082     2:45
3481500     6963.000000501051     347.5356193864229     291.37920555384886     2:45
3482000     6964.000000501254     373.2721543404049     280.61720024819004     2:45
3482500     6965.000000501458     313.9619187602667     336.06120888900585     2:45
3483000     6966.000000501662     304.3627763797748     309.82557567182187     2:45
3483500     6967.0000005018655     341.30897480755095     356.8612468494764     2:45
3484000     6968.000000502069     339.2967110828123     305.10333986463314     2:45
3484500     6969.000000502273     377.23414999564545     306.0988212471565     2:45
3485000     6970.000000502477     351.666064597512     325.87203210885696     2:45
3485500     6971.00000050268     329.300547642545     291.848799726978     2:45
3486000     6972.000000502884     327.71241836449155     315.75917035220124     2:45
3486500     6973.000000503088     352.84374115536286     305.7061677945234     2:45
3487000     6974.000000503292     373.76753292827345     281.4941998976426     2:45
3487500     6975.000000503495     352.1304676420865     302.56903894585815     2:45
3488000     6976.000000503699     353.5858736983929     282.14892461079114     2:45
3488500     6977.000000503903     333.10410732604635     297.53553386215293     2:45
3489000     6978.0000005041065     360.5620865094695     253.77025440910182     2:45
3489500     6979.00000050431     323.1905307068678     242.9946572936796     2:44
3490000     6980.000000504514     325.9817846598902     257.13643807008515     2:44
3490500     6981.000000504718     324.64894497034436     313.2879432196036     2:44
3491000     6982.000000504921     313.98163202539934     364.2643748403643     2:44
3491500     6983.000000505125     335.1244041310846     357.24983642912844     2:44
3492000     6984.000000505329     319.8326204813676     340.78475802193475     2:44
3492500     6985.000000505533     336.35933614566864     297.108138179838     2:44
3493000     6986.000000505736     333.6527135696599     305.9354700350794     2:44
3493500     6987.00000050594     313.3802688702857     279.3949160224778     2:44
3494000     6988.000000506144     362.0272420108678     281.48541368046676     2:44
3494500     6989.0000005063475     355.08713681840175     324.841003388141     2:44
3495000     6990.000000506551     332.9815391490248     345.89307647933407     2:44
3495500     6991.000000506755     333.9227665379548     303.97036895804086     2:44
3496000     6992.000000506959     310.9604161420003     319.22355439895034     2:44
3496500     6993.000000507162     340.57985758587483     283.59649259834833     2:44
3497000     6994.000000507366     323.2487937150563     284.65224745604706     2:44
3497500     6995.00000050757     342.3238469125407     232.9618904771215     2:44
3498000     6996.000000507774     365.4116649719273     326.8819022963268     2:44
3498500     6997.000000507977     371.34370849011304     265.32638868115765     2:43
3499000     6998.000000508181     351.11434123782374     332.23862181600913     2:43
3499500     6999.000000508385     312.1812227878453     261.2912138397582     2:43
3500000     7000.0000005085885     335.53847249379817     246.420442807768     2:43
3500500     7001.000000508792     347.7012485781419     320.3440659710059     2:43
3501000     7002.000000508996     331.0104191168375     408.0033993794604     2:43
3501500     7003.0000005092     348.19662147312965     271.5116218453948     2:43
3502000     7004.000000509403     341.50215704298523     289.5242874704933     2:43
3502500     7005.000000509607     336.9938501127996     246.25992401892088     2:43
3503000     7006.000000509811     341.75045252465657     266.32412478569046     2:43
3503500     7007.000000510015     312.38443582653315     279.97490912489974     2:43
3504000     7008.000000510218     302.9451340515992     263.9300971826862     2:43
3504500     7009.000000510422     331.7198562848629     240.77659531890527     2:43
3505000     7010.000000510626     313.21672897936435     296.8390232511749     2:43
3505500     7011.0000005108295     287.52595726991683     361.62835517110545     2:43
3506000     7012.000000511033     345.45498926078176     308.85057864941814     2:43
3506500     7013.000000511237     362.566452817366     330.9832264623912     2:43
3507000     7014.000000511441     353.12141817246777     257.87497631569187     2:43
3507500     7015.000000511644     356.5249467924443     273.10053423714004     2:42
3508000     7016.000000511848     330.41104482150536     315.8892915801592     2:42
3508500     7017.000000512052     361.16422453832     269.4977221379728     2:42
3509000     7018.000000512256     342.24765682495     297.54582427412925     2:42
3509500     7019.000000512459     343.704346012208     279.9527533547004     2:42
3510000     7020.000000512663     303.12238808183974     306.1978139922065     2:42
3510500     7021.000000512867     298.65456879423084     271.94065683161625     2:42
3511000     7022.0000005130705     316.35231856879943     295.6580882325134     2:42
3511500     7023.000000513274     365.4117374555766     249.16763169614174     2:42
3512000     7024.000000513478     347.17091602477853     321.0062127482161     2:42
3512500     7025.000000513682     369.22129057866675     299.73857896354514     2:42
3513000     7026.000000513885     336.9440979571259     317.20529445200856     2:42
3513500     7027.000000514089     325.9922761614032     229.48257611126127     2:42
3514000     7028.000000514293     308.76966751037173     308.36716748737325     2:42
3514500     7029.000000514497     291.9119092290015     292.9955545879221     2:42
3515000     7030.0000005147     326.98353335207787     221.29981764626882     2:42
3515500     7031.000000514904     295.7787637583133     301.89045286343287     2:42
3516000     7032.000000515108     294.70468543276627     286.7781339073115     2:42
3516500     7033.0000005153115     312.76353751013096     319.3757078868309     2:42
3517000     7034.000000515515     343.1882274175805     367.97613560141565     2:41
3517500     7035.000000515719     374.15890236317296     290.31995993087384     2:41
3518000     7036.000000515923     335.448409379332     221.48672707172224     2:41
3518500     7037.000000516126     311.5872895080794     236.9359305732507     2:41
3519000     7038.00000051633     311.40007346703453     267.1139516136813     2:41
3519500     7039.000000516534     332.5131471904058     265.51238520790054     2:41
3520000     7040.000000516738     329.12662257842567     318.2947706809466     2:41
3520500     7041.000000516941     334.6886342473564     286.4643988250263     2:41
3521000     7042.000000517145     325.29353812580314     285.842378895272     2:41
3521500     7043.000000517349     310.0312587006099     315.8853681848044     2:41
3522000     7044.0000005175525     346.8090242402883     346.98586366444727     2:41
3522500     7045.000000517756     334.90979862931954     389.59979324720234     2:41
3523000     7046.00000051796     321.31040527554023     366.9475397245612     2:41
3523500     7047.000000518164     324.7099080361651     339.5341558769794     2:41
3524000     7048.000000518367     344.0621858452005     286.4512448846942     2:41
3524500     7049.000000518571     351.2920534141889     275.45934171528137     2:41
3525000     7050.000000518775     325.6352354121293     296.8948567178847     2:41
3525500     7051.000000518979     323.64784146158115     235.4945894597167     2:41
3526000     7052.000000519182     326.8675899598762     276.5937330112469     2:40
3526500     7053.000000519386     341.3887849032343     282.00973651112264     2:40
3527000     7054.00000051959     362.90874177998455     281.37313184561384     2:40
3527500     7055.0000005197935     354.311293148957     331.3380784845134     2:40
3528000     7056.000000519997     360.34300766618776     373.01584614561017     2:40
3528500     7057.000000520201     364.5938587773305     308.7621209351913     2:40
3529000     7058.000000520405     361.36418958677336     309.2475923980817     2:40
3529500     7059.000000520608     368.03692054458566     337.4381299589887     2:40
3530000     7060.000000520812     322.75048149758777     358.6525628378389     2:40
3530500     7061.000000521016     329.60969318626337     272.12181350411737     2:40
3531000     7062.00000052122     351.1097181811398     278.92885141328446     2:40
3531500     7063.000000521423     343.73544514538014     282.555003618591     2:40
3532000     7064.000000521627     334.87369463074504     311.4580090429341     2:40
3532500     7065.000000521831     338.15733590293087     266.5406296363909     2:40
3533000     7066.0000005220345     350.26726897371816     261.28734960307514     2:40
3533500     7067.000000522238     338.5260678456025     267.10467567443385     2:40
3534000     7068.000000522442     334.9329805061461     376.6349520267643     2:40
3534500     7069.000000522646     363.6737123788196     419.99286080603474     2:40
3535000     7070.000000522849     368.8819292409852     343.90109543919294     2:39
3535500     7071.000000523053     337.2790154795226     314.2033276599346     2:39
3536000     7072.000000523257     342.45625575136705     261.2856879612805     2:39
3536500     7073.000000523461     367.61761149518827     401.3813229705439     2:39
3537000     7074.000000523664     358.37389985797347     311.7951131244926     2:39
3537500     7075.000000523868     343.8332112467983     253.9879138771478     2:39
3538000     7076.000000524072     352.2596902091623     380.95215655141607     2:39
3538500     7077.0000005242755     331.10268921632667     359.1330310012818     2:39
3539000     7078.000000524479     341.01873506778134     255.94458014702798     2:39
3539500     7079.000000524683     322.0718786292522     234.67298458813696     2:39
3540000     7080.000000524887     311.662232372935     322.4730052858235     2:39
3540500     7081.00000052509     336.08531311841625     348.89601088866067     2:39
3541000     7082.000000525294     328.9905386918783     317.6330055692004     2:39
3541500     7083.000000525498     322.6648018572756     281.2971805797349     2:39
3542000     7084.000000525702     306.85783172063736     265.6036729961251     2:39
3542500     7085.000000525905     324.09260116430846     291.9685147262165     2:39
3543000     7086.000000526109     313.11155707135435     343.24094236895775     2:39
3543500     7087.000000526313     316.13337044160346     329.41926741713127     2:39
3544000     7088.0000005265165     331.39726688084545     289.55256628430436     2:38
3544500     7089.00000052672     349.55040810997195     226.44637182728786     2:38
3545000     7090.000000526924     348.24699038708775     278.4976247710392     2:38
3545500     7091.000000527128     293.5381388836098     323.80254040511653     2:38
3546000     7092.000000527331     316.32473396931596     315.5062902184039     2:38
3546500     7093.000000527535     327.3163101423752     311.0385286342724     2:38
3547000     7094.000000527739     318.5234227704309     344.71739352846987     2:38
3547500     7095.000000527943     326.3997005166367     354.21400905564394     2:38
3548000     7096.000000528146     349.1233610201946     320.93001447389327     2:38
3548500     7097.00000052835     351.08667069352543     255.4152509017702     2:38
3549000     7098.000000528554     362.3957378929508     274.90281802364444     2:38
3549500     7099.0000005287575     356.6534401918874     283.06896086991355     2:38
3550000     7100.000000528961     382.7321597712762     289.71090214400056     2:38
3550500     7101.000000529165     358.68041704073494     350.508636623836     2:38
3551000     7102.000000529369     330.2956476582722     292.57654706920437     2:38
3551500     7103.000000529572     329.5957462986893     375.2083038468692     2:38
3552000     7104.000000529776     327.27366647754843     286.192996987451     2:38
3552500     7105.00000052998     338.5145714360898     280.0214586843478     2:38
3553000     7106.000000530184     329.2629310328549     249.3294041838255     2:38
3553500     7107.000000530387     276.40895453473206     255.2602700433252     2:37
3554000     7108.000000530591     328.08435729575194     229.69072173186328     2:37
3554500     7109.000000530795     335.67660120114965     303.4125658148159     2:37
3555000     7110.0000005309985     327.1647275153856     248.10104472258743     2:37
3555500     7111.000000531202     375.58695950692766     338.224469089429     2:37
3556000     7112.000000531406     340.7616005814025     353.61455572109475     2:37
3556500     7113.00000053161     361.3134432704794     338.3566483719305     2:37
3557000     7114.000000531813     324.75780578265494     329.0756749540645     2:37
3557500     7115.000000532017     311.41534273472143     262.42065808868136     2:37
3558000     7116.000000532221     329.05850239964525     226.42580963573346     2:37
3558500     7117.000000532425     380.6888851852656     265.1161206947719     2:37
3559000     7118.000000532628     346.4158081761758     347.90648820037154     2:37
3559500     7119.000000532832     365.3059610118894     373.7403628172769     2:37
3560000     7120.000000533036     355.2983092624903     396.72353251160837     2:37
3560500     7121.0000005332395     349.98967211325055     401.7476463015002     2:37
3561000     7122.000000533443     361.7140373205294     303.39678861364786     2:37
3561500     7123.000000533647     367.7919498404225     281.5659227312661     2:37
3562000     7124.000000533851     340.8473484263458     269.20177947020363     2:37
3562500     7125.000000534054     300.1119311632374     380.95478856334364     2:36
3563000     7126.000000534258     359.64589169318526     353.49774773118986     2:36
3563500     7127.000000534462     334.7424965159636     340.65110682841123     2:36
3564000     7128.000000534666     341.2280974391249     306.0215687972735     2:36
3564500     7129.000000534869     307.3048898235294     319.2163058793708     2:36
3565000     7130.000000535073     334.49530870823776     260.47318090305964     2:36
3565500     7131.000000535277     329.1243034566289     319.2532102664702     2:36
3566000     7132.0000005354805     369.4929287290272     288.75486185917794     2:36
3566500     7133.000000535684     349.7298808768925     316.3390726519554     2:36
3567000     7134.000000535888     333.4747790377688     345.15963999102956     2:36
3567500     7135.000000536092     344.79192360938     270.510681646496     2:36
3568000     7136.000000536295     349.05451607821396     259.8425055784922     2:36
3568500     7137.000000536499     331.3816243043211     368.3017343385288     2:36
3569000     7138.000000536703     345.3225145028712     319.6710730552036     2:36
3569500     7139.000000536907     340.0544439440648     290.75721619640484     2:36
3570000     7140.00000053711     353.5600471740122     260.43124396009546     2:36
3570500     7141.000000537314     334.8546896392212     247.74591908353585     2:36
3571000     7142.000000537518     312.23590727138435     317.2551987230903     2:36
3571500     7143.0000005377215     378.02163778632746     230.88584766293317     2:35
3572000     7144.000000537925     345.1881845432563     258.21658260789445     2:35
3572500     7145.000000538129     360.5299073143641     294.70920927119874     2:35
3573000     7146.000000538333     326.0730481066116     316.7621534970936     2:35
3573500     7147.000000538536     316.2843683489697     234.96373436292652     2:35
3574000     7148.00000053874     334.7989130799866     292.66981281405344     2:35
3574500     7149.000000538944     342.6805201158927     271.8248421309858     2:35
3575000     7150.000000539148     322.2367680100908     313.0011903848603     2:35
3575500     7151.000000539351     354.36846821564507     274.03971799795534     2:35
3576000     7152.000000539555     309.93177209926364     303.26193202989737     2:35
3576500     7153.000000539759     342.46434939762037     312.13229626457604     2:35
3577000     7154.0000005399625     340.4168660560624     265.340505112411     2:35
3577500     7155.000000540166     325.60875585217536     274.1318027329252     2:35
3578000     7156.00000054037     318.96580399066033     358.5267323755008     2:35
3578500     7157.000000540574     347.9875666106582     307.83181851527297     2:35
3579000     7158.000000540777     323.21108873634455     267.20457160642     2:35
3579500     7159.000000540981     349.3155229944074     280.82771680110153     2:35
3580000     7160.000000541185     320.9964270417481     244.814595794173     2:35
3580500     7161.0000005413885     332.20392898292437     228.74419861449056     2:34
3581000     7162.000000541592     314.01875084761025     314.05508924014754     2:34
3581500     7163.000000541796     303.8510960508298     228.73808990846086     2:34
3582000     7164.000000542     307.81195696227064     285.4067919327774     2:34
3582500     7165.000000542203     371.2372977973456     361.62839776405735     2:34
3583000     7166.000000542407     319.84106347331146     300.9544606838912     2:34
3583500     7167.000000542611     344.63577952394326     227.9512674901003     2:34
3584000     7168.000000542815     318.97303194556866     280.27393884521973     2:34
3584500     7169.000000543018     337.5941653730746     257.00821436176824     2:34
3585000     7170.000000543222     343.3714963623413     335.7471101520368     2:34
3585500     7171.000000543426     361.26138502384106     315.4505966077022     2:34
3586000     7172.0000005436295     348.9729581455183     253.1180107676947     2:34
3586500     7173.000000543833     317.0756192092705     290.3161930702685     2:34
3587000     7174.000000544037     331.27811899655023     278.9510640332881     2:34
3587500     7175.000000544241     318.01864000457294     345.2796465533939     2:34
3588000     7176.000000544444     323.45390577197975     356.96557051902454     2:34
3588500     7177.000000544648     332.7476172400444     374.10091514231186     2:34
3589000     7178.000000544852     349.0832082804119     310.3340811867574     2:34
3589500     7179.000000545056     338.93688264677553     286.1400613430431     2:34
3590000     7180.000000545259     308.8256410124807     347.89949582379336     2:33
3590500     7181.000000545463     316.08176590628307     372.86264026629425     2:33
3591000     7182.000000545667     365.28125375373986     288.00280892482175     2:33
3591500     7183.0000005458705     334.8584314562089     351.9282118549473     2:33
3592000     7184.000000546074     326.9919747733927     329.5005673882091     2:33
3592500     7185.000000546278     341.6329151344356     256.82131623038987     2:33
3593000     7186.000000546482     322.0649231753107     322.48430783744243     2:33
3593500     7187.000000546685     354.13285580963066     301.7631025205275     2:33
3594000     7188.000000546889     319.47467153241587     241.53157060122444     2:33
3594500     7189.000000547093     319.3098919022997     353.14444907628484     2:33
3595000     7190.000000547297     324.83877704695     300.33857447827836     2:33
3595500     7191.0000005475     339.87368122263354     304.2174740514538     2:33
3596000     7192.000000547704     331.41776583167916     270.03840863825485     2:33
3596500     7193.000000547908     374.39238941250187     326.37248966292213     2:33
3597000     7194.0000005481115     348.06102099455154     320.8681890911934     2:33
3597500     7195.000000548315     313.92649121198394     348.7964806215262     2:33
3598000     7196.000000548519     316.7763773595267     249.93190457746758     2:33
3598500     7197.000000548723     361.60087414854706     274.4772325902241     2:33
3599000     7198.000000548926     321.0676980297801     318.8069814113433     2:32
3599500     7199.00000054913     351.9534808422277     266.9158141904207     2:32
3600000     7200.000000549334     344.97851085433206     311.0318736873583     2:32
3600500     7201.000000549538     303.76927963788626     325.2787921463007     2:32
3601000     7202.000000549741     332.88983072259964     333.51299967610544     2:32
3601500     7203.000000549945     304.3352691042204     371.15092511233894     2:32
3602000     7204.000000550149     307.0101703533825     188.46632592377574     2:32
3602500     7205.0000005503525     328.51007647198946     266.01097828697976     2:32
3603000     7206.000000550556     335.0901275668472     330.54170304667497     2:32
3603500     7207.00000055076     358.3858037093454     252.84474974292408     2:32
3604000     7208.000000550964     354.5977042117446     287.7286205749561     2:32
3604500     7209.000000551167     357.04731368464866     327.06832118433937     2:32
3605000     7210.000000551371     335.83334065248005     313.3831667548161     2:32
3605500     7211.000000551575     363.4763247445086     305.9312528161692     2:32
3606000     7212.000000551779     341.10383577281425     322.71501808344664     2:32
3606500     7213.000000551982     330.5696755734257     327.1773659649372     2:32
3607000     7214.000000552186     350.4156404545255     389.5175882364433     2:32
3607500     7215.00000055239     332.9576711504842     280.48523213825047     2:32
3608000     7216.0000005525935     329.26366762540476     316.76566335492714     2:31
3608500     7217.000000552797     365.8408571260353     307.8920525540249     2:31
3609000     7218.000000553001     324.1580140964992     264.88285014089604     2:31
3609500     7219.000000553205     309.3474544507578     275.27398258124623     2:31
3610000     7220.000000553408     328.1575444158293     266.51689651420185     2:31
3610500     7221.000000553612     349.7207495604905     341.2768065922315     2:31
3611000     7222.000000553816     311.9593161428753     308.8219741399944     2:31
3611500     7223.00000055402     353.50639746627405     345.4516860576076     2:31
3612000     7224.000000554223     325.6425756311313     346.14823808288503     2:31
3612500     7225.000000554427     324.1306414843033     345.4386045801899     2:31
3613000     7226.000000554631     349.5750268813937     298.05184179072126     2:31
3613500     7227.0000005548345     329.55109331815913     283.23773232574973     2:31
3614000     7228.000000555038     366.8823770230581     254.18778842642377     2:31
3614500     7229.000000555242     335.9828942431982     280.57412996215567     2:31
3615000     7230.000000555446     313.2939737294538     266.337367044236     2:31
3615500     7231.000000555649     296.69050908895827     292.87581893804463     2:31
3616000     7232.000000555853     343.3031402094023     361.4920927535336     2:31
3616500     7233.000000556057     343.78362098094203     287.1150580909661     2:31
3617000     7234.000000556261     329.4196215990056     357.84739805858806     2:31
3617500     7235.000000556464     350.5669839050246     310.51075688050656     2:30
3618000     7236.000000556668     351.8794389503523     299.08781252095076     2:30
3618500     7237.000000556872     330.447958596735     305.53665101046636     2:30
3619000     7238.0000005570755     324.45900674881307     309.71951688037126     2:30
3619500     7239.000000557279     346.68599791565896     352.87184964696456     2:30
3620000     7240.000000557483     318.8258932916294     267.8544008426128     2:30
3620500     7241.000000557687     338.44622160129836     265.7126252827696     2:30
3621000     7242.00000055789     351.08966489351576     299.1626327082256     2:30
3621500     7243.000000558094     346.62678310680064     320.103195279654     2:30
3622000     7244.000000558298     356.99129920410667     308.1876786345017     2:30
3622500     7245.000000558502     345.89280426343     286.45099271762706     2:30
3623000     7246.000000558705     335.9724662061757     255.59230285916206     2:30
3623500     7247.000000558909     297.3911050624357     354.55727983132414     2:30
3624000     7248.000000559113     340.3913071859232     367.92761703018596     2:30
3624500     7249.0000005593165     327.3330885342058     269.98554535988586     2:30
3625000     7250.00000055952     328.9718196002641     355.0892393861235     2:30
3625500     7251.000000559724     345.4730500741915     314.55720608273873     2:30
3626000     7252.000000559928     335.6527474443242     319.03056644420235     2:30
3626500     7253.000000560131     359.80960643102844     303.386898895109     2:29
3627000     7254.000000560335     341.2284795152394     274.7962416261087     2:29
3627500     7255.000000560539     327.3791148234445     291.37758315472655     2:29
3628000     7256.000000560743     323.9838321736945     337.71001506026533     2:29
3628500     7257.000000560946     356.2708197164751     314.52235109798494     2:29
3629000     7258.00000056115     319.94213966143764     309.26366279715046     2:29
3629500     7259.000000561354     336.15177294503735     374.1073648745106     2:29
3630000     7260.0000005615575     380.0096312127372     276.8476506035166     2:29
3630500     7261.000000561761     321.62454026640864     275.8928624513758     2:29
3631000     7262.000000561965     325.57439947993316     272.02522304676444     2:29
3631500     7263.000000562169     308.1512680937682     313.30826241497664     2:29
3632000     7264.000000562372     331.8394038616116     346.6489091425983     2:29
3632500     7265.000000562576     347.2858307607654     306.87595122597094     2:29
3633000     7266.00000056278     320.50609542380573     319.5304860563889     2:29
3633500     7267.000000562984     323.80625703338023     382.9218018023596     2:29
3634000     7268.000000563187     337.80564796679903     336.59133688228883     2:29
3634500     7269.000000563391     352.4370310478264     318.30055725154034     2:29
3635000     7270.000000563595     333.27551963805865     351.6241433343258     2:29
3635500     7271.0000005637985     307.3299671990885     305.1861642734657     2:28
3636000     7272.000000564002     353.7565130128115     232.99990934683169     2:28
3636500     7273.000000564206     326.9014314260726     327.0647564465046     2:28
3637000     7274.00000056441     315.2806548261765     286.12572747460877     2:28
3637500     7275.000000564613     334.95562423191404     256.0202578282694     2:28
3638000     7276.000000564817     348.45338095371073     266.81297969188915     2:28
3638500     7277.000000565021     363.3603201456575     312.3540068200482     2:28
3639000     7278.000000565225     351.41436921340346     275.01847490592445     2:28
3639500     7279.000000565428     314.81886902027134     331.8715191696584     2:28
3640000     7280.000000565632     314.15193399571     282.34416795760455     2:28
3640500     7281.000000565836     340.3564549340243     305.6346978706797     2:28
3641000     7282.0000005660395     341.0295085409027     276.3569425123705     2:28
3641500     7283.000000566243     355.39449459030664     278.9717065427497     2:28
3642000     7284.000000566447     337.0975361371668     312.4477317227316     2:28
3642500     7285.000000566651     324.1962756153256     285.81166800453093     2:28
3643000     7286.000000566854     305.49741717570726     236.79624463011     2:28
3643500     7287.000000567058     305.4522041628253     309.53081289179005     2:28
3644000     7288.000000567262     348.8218765225836     302.9302495079909     2:28
3644500     7289.000000567466     320.02469514758184     308.90841568019056     2:27
3645000     7290.000000567669     339.01534139571504     315.8060657271036     2:27
3645500     7291.000000567873     324.69923315944266     312.21447644290134     2:27
3646000     7292.000000568077     317.77322464118777     290.6974580184473     2:27
3646500     7293.0000005682805     328.2342770778722     298.5212332921183     2:27
3647000     7294.000000568484     321.32196653694007     345.5448378122215     2:27
3647500     7295.000000568688     341.32001132690107     338.6673541717868     2:27
3648000     7296.000000568892     358.45059378422593     310.9630833453757     2:27
3648500     7297.000000569095     347.2743015659429     266.5831843063254     2:27
3649000     7298.000000569299     318.5565120002733     297.43725981261946     2:27
3649500     7299.000000569503     348.7319681865366     311.0611944704097     2:27
3650000     7300.000000569707     331.13360518671027     316.22510849237705     2:27
3650500     7301.00000056991     343.4524807381563     249.41823548248047     2:27
3651000     7302.000000570114     300.83208185981107     312.5426021465496     2:27
3651500     7303.000000570318     333.16096676236975     277.0208072604736     2:27
3652000     7304.0000005705215     317.4432121109684     302.8679033884099     2:27
3652500     7305.000000570725     367.56460802848335     292.7007534128791     2:27
3653000     7306.000000570929     336.34471131612565     351.94081458952286     2:27
3653500     7307.000000571133     369.18932277920896     311.0838439022865     2:27
3654000     7308.000000571336     350.27815285839927     333.9677226443938     2:26
3654500     7309.00000057154     310.1644881317651     328.3499493239212     2:26
3655000     7310.000000571744     309.6086176356688     247.83825529129805     2:26
3655500     7311.000000571948     335.67912860758804     222.6195029516783     2:26
3656000     7312.000000572151     350.5578242533187     295.6814097789112     2:26
3656500     7313.000000572355     311.3309028891658     381.5469132622301     2:26
3657000     7314.000000572559     343.79573547382154     305.6769308491911     2:26
3657500     7315.0000005727625     344.2168490948126     399.504292767499     2:26
3658000     7316.000000572966     346.6880022954599     300.2301765418095     2:26
3658500     7317.00000057317     346.62707030095305     256.89393065010194     2:26
3659000     7318.000000573374     347.6016768682331     328.6526127009597     2:26
3659500     7319.000000573577     345.2759969972186     278.85676594217034     2:26
3660000     7320.000000573781     352.69796057701876     247.7749671699756     2:26
3660500     7321.000000573985     322.54417783716235     225.97163356223948     2:26
3661000     7322.000000574189     337.07303956224644     300.143302908387     2:26
3661500     7323.000000574392     354.97087708244396     266.1386217268739     2:26
3662000     7324.000000574596     303.3054254862269     273.70942799755437     2:26
3662500     7325.0000005748     315.5925475139044     309.5897364303388     2:26
3663000     7326.0000005750035     330.1705532704842     279.72746595194917     2:25
3663500     7327.000000575207     328.3505682500837     356.5552461661121     2:25
3664000     7328.000000575411     316.2457484927762     361.8971143404423     2:25
3664500     7329.000000575615     318.2952924917556     327.51406207326403     2:25
3665000     7330.000000575818     321.6348720582628     336.58842526329335     2:25
3665500     7331.000000576022     316.14035208409723     288.65148358201566     2:25
3666000     7332.000000576226     348.73697588796665     245.19612665767468     2:25
3666500     7333.00000057643     347.7665086862406     293.4166191621542     2:25
3667000     7334.000000576633     333.10987898988606     300.4506684229943     2:25
3667500     7335.000000576837     330.80660155389774     306.8456523711801     2:25
3668000     7336.000000577041     338.0542433435878     277.02266320233775     2:25
3668500     7337.0000005772445     336.22783830170863     325.9604271607462     2:25
3669000     7338.000000577448     320.82470241282533     321.12470837485597     2:25
3669500     7339.000000577652     365.98649195030464     326.59915912461906     2:25
3670000     7340.000000577856     355.1835266678987     367.40849369619326     2:25
3670500     7341.000000578059     341.64617984498375     361.07061531990917     2:25
3671000     7342.000000578263     338.5057744338495     270.0389516095893     2:25
3671500     7343.000000578467     332.50837724728115     285.1599684323812     2:25
3672000     7344.000000578671     352.1395242776091     318.31649828541606     2:24
3672500     7345.000000578874     331.39603928132703     388.353881687406     2:24
3673000     7346.000000579078     339.46116715569224     352.2977620298788     2:24
3673500     7347.000000579282     306.66616917641693     380.2819607638503     2:24
3674000     7348.0000005794855     342.90295587266667     260.1498839936942     2:24
3674500     7349.000000579689     319.4874889742423     316.3239299856664     2:24
3675000     7350.000000579893     369.9371635853771     350.8963457500152     2:24
3675500     7351.000000580097     313.03134439142707     299.0729555245246     2:24
3676000     7352.0000005803     328.3699709841678     298.1906818568889     2:24
3676500     7353.000000580504     337.63937785648045     340.1145951882032     2:24
3677000     7354.000000580708     327.817562850704     356.57573521662323     2:24
3677500     7355.000000580912     342.1224926311314     399.79433183093226     2:24
3678000     7356.000000581115     327.090487137202     308.38219412904044     2:24
3678500     7357.000000581319     370.587532184992     282.7260146596313     2:24
3679000     7358.000000581523     352.3741130138933     268.45232034651497     2:24
3679500     7359.000000581726     305.6860793105027     315.1148636865896     2:24
3680000     7360.00000058193     358.41171087889927     299.9223048887607     2:24
3680500     7361.000000582134     345.2810230569072     343.9616732731402     2:24
3681000     7362.000000582338     352.11961138002744     290.0204473747196     2:24
3681500     7363.000000582541     346.8821542141054     381.5371860201412     2:23
3682000     7364.000000582745     314.9994617296344     258.59728603307025     2:23
3682500     7365.000000582949     326.9351458477755     267.06542440438125     2:23
3683000     7366.0000005831525     363.2373060209518     261.99849237846433     2:23
3683500     7367.000000583356     355.3544963279229     248.75521594936745     2:23
3684000     7368.00000058356     317.1055179678714     361.24623610345856     2:23
3684500     7369.000000583764     301.8360055053298     318.6698053684944     2:23
3685000     7370.000000583967     326.48572963858805     251.81885910784308     2:23
3685500     7371.000000584171     334.9703864556184     336.23546505120925     2:23
3686000     7372.000000584375     318.20502726481027     319.2795083304116     2:23
3686500     7373.000000584579     322.8740341617332     308.6878767053771     2:23
3687000     7374.000000584782     343.8322464502786     313.7469187986712     2:23
3687500     7375.000000584986     364.3743242473531     268.87009208433705     2:23
3688000     7376.00000058519     330.55351638616946     294.8318945395077     2:23
3688500     7377.0000005853935     324.85004983581007     283.93629966932366     2:23
3689000     7378.000000585597     325.84441949417453     325.1162727642412     2:23
3689500     7379.000000585801     343.2605309775164     321.6136865713431     2:23
3690000     7380.000000586005     336.9815877924756     274.3570472763167     2:23
3690500     7381.000000586208     368.3830418795143     297.02525629958296     2:22
3691000     7382.000000586412     317.162127762925     281.28631159465806     2:22
3691500     7383.000000586616     345.08886650290185     242.35651606078937     2:22
3692000     7384.00000058682     324.31423789855967     265.1064260916718     2:22
3692500     7385.000000587023     337.5909540447707     268.52087404170146     2:22
3693000     7386.000000587227     313.1611777183199     273.7062170734618     2:22
3693500     7387.000000587431     297.6535324138848     228.59729555559568     2:22
3694000     7388.0000005876345     303.6555061430238     237.50531439781022     2:22
3694500     7389.000000587838     323.41117613679603     294.9955882308872     2:22
3695000     7390.000000588042     318.36211267291117     320.83168723968066     2:22
3695500     7391.000000588246     331.58624180236586     299.58646693840166     2:22
3696000     7392.000000588449     324.43967402231385     346.98817240265106     2:22
3696500     7393.000000588653     315.34245156923316     334.727829683145     2:22
3697000     7394.000000588857     349.9169988938728     285.4072634583908     2:22
3697500     7395.000000589061     327.7683264997871     236.73409788041926     2:22
3698000     7396.000000589264     322.0943614049029     239.13315319551054     2:22
3698500     7397.000000589468     312.30760199594727     264.27843125607365     2:22
3699000     7398.000000589672     344.2823645623024     280.62169890673056     2:22
3699500     7399.0000005898755     326.97904881614625     270.97298519147137     2:21
3700000     7400.000000590079     312.7096561575345     292.2004786226195     2:21
3700500     7401.000000590283     321.4734531743636     270.60292558029295     2:21
3701000     7402.000000590487     360.16495194255197     301.2611509274491     2:21
3701500     7403.00000059069     370.8001841922812     297.31749744123505     2:21
3702000     7404.000000590894     343.34303179159554     285.9847747382857     2:21
3702500     7405.000000591098     331.33541392155826     290.0756874948069     2:21
3703000     7406.000000591302     329.3709095613675     304.13070035727463     2:21
3703500     7407.000000591505     353.48531578786026     256.8769811174897     2:21
3704000     7408.000000591709     320.2246757331908     252.79174542989435     2:21
3704500     7409.000000591913     328.8660045635032     223.84594853139782     2:21
3705000     7410.0000005921165     299.19059552017086     251.0804776230287     2:21
3705500     7411.00000059232     290.75180213676083     417.7808945963307     2:21
3706000     7412.000000592524     356.27546036585034     297.55291569385207     2:21
3706500     7413.000000592728     341.3222877161937     328.8871656530551     2:21
3707000     7414.000000592931     359.55910830600067     272.0218473857923     2:21
3707500     7415.000000593135     317.85622680480094     254.85452514316532     2:21
3708000     7416.000000593339     321.57791266061315     217.03362025629784     2:21
3708500     7417.000000593543     308.6949489016033     266.66030042808495     2:20
3709000     7418.000000593746     328.02864466390827     317.8866023903648     2:20
3709500     7419.00000059395     333.2517296637668     290.61146759541447     2:20
3710000     7420.000000594154     341.0920547430668     284.57029044670645     2:20
3710500     7421.0000005943575     336.26765075830224     284.8921940595619     2:20
3711000     7422.000000594561     352.01562550486824     323.3444362862412     2:20
3711500     7423.000000594765     361.89763980259704     323.91468821264044     2:20
3712000     7424.000000594969     321.8395446837038     375.69799112397413     2:20
3712500     7425.000000595172     337.53898917844435     344.13078663913484     2:20
3713000     7426.000000595376     345.31429817709613     287.1537748420763     2:20
3713500     7427.00000059558     324.6832531680128     327.17008403792374     2:20
3714000     7428.000000595784     339.19117648636063     235.81849188973268     2:20
3714500     7429.000000595987     332.9908830196822     287.9732261821993     2:20
3715000     7430.000000596191     308.7154973390883     261.26642251360056     2:20
3715500     7431.000000596395     319.56130885447044     324.22799048724204     2:20
3716000     7432.0000005965985     297.6717339909079     317.10272867819094     2:20
3716500     7433.000000596802     347.28333147099704     247.86873033042986     2:20
3717000     7434.000000597006     315.75666138970837     286.9061614184125     2:20
3717500     7435.00000059721     390.25934076286035     278.89766226407903     2:20
3718000     7436.000000597413     328.832791115997     306.185140635352     2:19
3718500     7437.000000597617     346.70842997203397     311.4089082899894     2:19
3719000     7438.000000597821     324.9665748685733     258.83508535763804     2:19
3719500     7439.000000598025     337.262799444827     282.30021647942124     2:19
3720000     7440.000000598228     339.8242749295026     261.79103852197477     2:19
3720500     7441.000000598432     353.2918859627845     251.12144824041434     2:19
3721000     7442.000000598636     310.21076586854406     298.0548972053307     2:19
3721500     7443.0000005988395     316.15367205702864     286.60916670634543     2:19
3722000     7444.000000599043     309.3072423609541     312.2039527222991     2:19
3722500     7445.000000599247     312.23726717230454     352.3528091012058     2:19
3723000     7446.000000599451     351.42873648246496     368.1198558139827     2:19
3723500     7447.000000599654     361.5475691366687     265.59266129721124     2:19
3724000     7448.000000599858     324.10393850166986     303.3799937024929     2:19
3724500     7449.000000600062     305.01710583632996     308.9181785563374     2:19
3725000     7450.000000600266     359.7647088638522     371.0422414938977     2:19
3725500     7451.000000600469     370.6920889002332     323.2195347958826     2:19
3726000     7452.000000600673     325.4032590927866     366.91293206309683     2:19
3726500     7453.000000600877     335.3604924927823     262.69021234798197     2:19
3727000     7454.0000006010805     338.4912411924396     257.35811797251733     2:18
3727500     7455.000000601284     328.2465851520436     338.259389642787     2:18
3728000     7456.000000601488     327.8433745718829     365.1773138187929     2:18
3728500     7457.000000601692     333.67361173242386     311.52967264522925     2:18
3729000     7458.000000601895     297.4290202145495     252.85586538930744     2:18
3729500     7459.000000602099     299.96652362578504     376.5312300835741     2:18
3730000     7460.000000602303     312.02225255288874     263.09642426904196     2:18
3730500     7461.000000602507     314.4259321993578     245.33467761489726     2:18
3731000     7462.00000060271     345.82117652185525     231.93478592878293     2:18
3731500     7463.000000602914     357.80038159275375     276.29737630543275     2:18
3732000     7464.000000603118     358.7986698478728     322.07334767412294     2:18
3732500     7465.0000006033215     340.3691572889047     286.10820856400073     2:18
3733000     7466.000000603525     333.7937783151848     341.69973293700696     2:18
3733500     7467.000000603729     336.8278468289776     344.72891584228313     2:18
3734000     7468.000000603933     327.6443294262525     252.495055326861     2:18
3734500     7469.000000604136     351.81511037968414     384.1652296182637     2:18
3735000     7470.00000060434     360.6925997872187     311.65441942532806     2:18
3735500     7471.000000604544     322.1348652091219     293.313727349623     2:18
3736000     7472.000000604748     346.17872048039067     255.59963085706084     2:17
3736500     7473.000000604951     329.77814148412756     344.7905155680121     2:17
3737000     7474.000000605155     350.8855803142254     306.4381067643677     2:17
3737500     7475.000000605359     304.9881200877911     276.470738629191     2:17
3738000     7476.0000006055625     283.2456759668595     311.4831730654941     2:17
3738500     7477.000000605766     313.45349873442024     224.3029014457727     2:17
3739000     7478.00000060597     319.78939701513343     260.79318733735676     2:17
3739500     7479.000000606174     329.23050511109784     253.9685689289481     2:17
3740000     7480.000000606377     338.93708500565526     250.37353839902354     2:17
3740500     7481.000000606581     333.926592412725     316.3513670937034     2:17
3741000     7482.000000606785     349.9008024264118     289.0327630675823     2:17
3741500     7483.000000606989     357.3058590204872     338.77398220399294     2:17
3742000     7484.000000607192     316.7015254450604     337.91316816689823     2:17
3742500     7485.000000607396     328.6804045762864     267.29529264036165     2:17
3743000     7486.0000006076     314.25347164118534     311.9917552170659     2:17
3743500     7487.0000006078035     319.01877297371266     243.50950187663938     2:17
3744000     7488.000000608007     338.37316199740997     308.20049217633755     2:17
3744500     7489.000000608211     310.4441057156637     316.03033586388074     2:17
3745000     7490.000000608415     312.3407175719308     322.72949671625054     2:16
3745500     7491.000000608618     304.23255629839696     339.57681418761075     2:16
3746000     7492.000000608822     349.6679421636562     284.2241131137785     2:16
3746500     7493.000000609026     343.39730446299984     306.4634857537821     2:16
3747000     7494.00000060923     312.2579099599908     334.2667416034543     2:16
3747500     7495.000000609433     325.6660612524323     288.98770265695015     2:16
3748000     7496.000000609637     319.70579388470753     317.16089090405234     2:16
3748500     7497.000000609841     349.102248496942     263.19915874356394     2:16
3749000     7498.0000006100445     314.5746149777543     284.0080711142928     2:16
3749500     7499.000000610248     314.49240515031465     308.36434361341094     2:16
3750000     7500.000000610452     304.7720041437933     334.5968589877639     2:16
3750500     7501.000000610656     317.0867609812145     242.84653626688166     2:16
3751000     7502.000000610859     336.07231581249664     276.9412276256667     2:16
3751500     7503.000000611063     387.0984082323628     258.9745749824684     2:16
3752000     7504.000000611267     360.42182792254766     228.22582152903655     2:16
3752500     7505.000000611471     317.8875322110615     281.9562256196749     2:16
3753000     7506.000000611674     357.1292832705377     223.02680089613673     2:16
3753500     7507.000000611878     343.9717627993325     315.7919052336191     2:16
3754000     7508.000000612082     354.40361495354534     273.42329829866645     2:16
3754500     7509.0000006122855     324.60272981582796     298.13854491913224     2:15
3755000     7510.000000612489     340.8370868315218     323.76281603522284     2:15
3755500     7511.000000612693     331.41577562893906     306.05236892654574     2:15
3756000     7512.000000612897     356.04198404588374     242.43042206575262     2:15
3756500     7513.0000006131     358.13906151356036     254.14288764046756     2:15
3757000     7514.000000613304     373.95092871433985     253.51384546820898     2:15
3757500     7515.000000613508     327.4522371758487     323.7520867446949     2:15
3758000     7516.000000613712     358.6237310256255     289.9686172741344     2:15
3758500     7517.000000613915     327.74640972397606     353.31564203346966     2:15
3759000     7518.000000614119     325.0135026021519     367.2825996834917     2:15
3759500     7519.000000614323     355.9790168482717     336.0026180049638     2:15
3760000     7520.0000006145265     338.5644080298358     359.01098132540994     2:15
3760500     7521.00000061473     353.4096705239043     305.44932783814477     2:15
3761000     7522.000000614934     339.2208948904439     319.1895959974491     2:15
3761500     7523.000000615138     344.3938243089477     363.8573917898942     2:15
3762000     7524.000000615341     355.4563226321069     251.76624070665576     2:15
3762500     7525.000000615545     329.1207496286071     243.6617568578088     2:15
3763000     7526.000000615749     323.14944456578155     325.11307625038734     2:15
3763500     7527.000000615953     319.85762165117296     349.83399468428     2:14
3764000     7528.000000616156     320.229782909546     276.3770018673252     2:14
3764500     7529.00000061636     346.83877673804454     232.76707497917428     2:14
3765000     7530.000000616564     322.94813694995037     263.8902084149773     2:14
3765500     7531.0000006167675     335.81772445649574     296.63144624163726     2:14
3766000     7532.000000616971     335.99394996840863     251.439179536179     2:14
3766500     7533.000000617175     348.8297642719184     306.3237930454986     2:14
3767000     7534.000000617379     350.27789589702024     349.8972560356577     2:14
3767500     7535.000000617582     360.38037711824825     317.6542735637497     2:14
3768000     7536.000000617786     318.4654208016815     380.78135442250806     2:14
3768500     7537.00000061799     316.08539535118985     360.8232330786547     2:14
3769000     7538.000000618194     338.6737639640546     254.5907703954177     2:14
3769500     7539.000000618397     303.3969553779564     347.4506523580103     2:14
3770000     7540.000000618601     308.95621092467104     344.50449328796765     2:14
3770500     7541.000000618805     310.3808076427928     262.3853693920721     2:14
3771000     7542.0000006190085     344.2381232771062     267.13595686348856     2:14
3771500     7543.000000619212     329.1803093830413     305.4671619192402     2:14
3772000     7544.000000619416     315.0397469690603     268.7066018840952     2:14
3772500     7545.00000061962     313.0076106083244     308.5959739349896     2:13
3773000     7546.000000619823     334.16572688992517     221.8974205608604     2:13
3773500     7547.000000620027     301.71617697802276     260.0850061203111     2:13
3774000     7548.000000620231     319.9706643130353     234.42324104057212     2:13
3774500     7549.000000620435     352.25404849964764     255.89674874639485     2:13
3775000     7550.000000620638     339.53403890749735     257.12449270072733     2:13
3775500     7551.000000620842     352.3514288440849     256.12225009073416     2:13
3776000     7552.000000621046     347.7331379809965     345.62047772814276     2:13
3776500     7553.0000006212495     356.48023235942617     235.08712564412733     2:13
3777000     7554.000000621453     312.7666090974906     298.9783062958519     2:13
3777500     7555.000000621657     331.2130065761811     296.99434981709834     2:13
3778000     7556.000000621861     314.94001485119986     287.36441922228136     2:13
3778500     7557.000000622064     374.83340775792647     313.712586764304     2:13
3779000     7558.000000622268     361.56118721013604     342.2911170545746     2:13
3779500     7559.000000622472     372.44586412179103     259.7790239724694     2:13
3780000     7560.0000006226755     337.0606513309232     292.6652023449777     2:13
3780500     7561.000000622879     319.88368401117646     273.47719213917924     2:13
3781000     7562.000000623083     332.4040142816269     280.823043274113     2:13
3781500     7563.000000623287     337.7155080417116     273.3931256041023     2:13
3782000     7564.00000062349     337.08732673931115     334.63272943822096     2:12
3782500     7565.000000623694     306.12980977974894     300.2657115324054     2:12
3783000     7566.000000623898     335.7343601783042     346.0718131964589     2:12
3783500     7567.000000624102     336.562038727767     311.9647301666751     2:12
3784000     7568.000000624305     369.7781552288867     339.54225541600937     2:12
3784500     7569.000000624509     333.01574785546734     380.8418238527103     2:12
3785000     7570.000000624713     332.1732095574305     334.91600335879747     2:12
3785500     7571.0000006249165     351.5803049757076     331.64497307090664     2:12
3786000     7572.00000062512     328.02246124348574     356.8213247081392     2:12
3786500     7573.000000625324     342.7369819670499     324.23579268290473     2:12
3787000     7574.000000625528     340.43606947422074     284.7217310273849     2:12
3787500     7575.000000625731     318.8538925871378     343.1998519245847     2:12
3788000     7576.000000625935     356.25347479021445     331.9855073382283     2:12
3788500     7577.000000626139     325.4252778201228     298.64897058827836     2:12
3789000     7578.000000626343     353.3514907824282     360.3217524087448     2:12
3789500     7579.000000626546     333.82765334402154     299.8945473138681     2:12
3790000     7580.00000062675     357.53380136831515     342.9815806773238     2:12
3790500     7581.000000626954     329.85022950922996     307.2527191705667     2:12
3791000     7582.0000006271575     350.0781961109509     275.6160797418812     2:11
3791500     7583.000000627361     321.112076214672     273.96394232709105     2:11
3792000     7584.000000627565     332.73875727006316     258.7866489288051     2:11
3792500     7585.000000627769     347.85124022069033     311.9198021829071     2:11
3793000     7586.000000627972     317.9695307164129     290.4411112878061     2:11
3793500     7587.000000628176     337.7311246606856     309.6161769820743     2:11
3794000     7588.00000062838     331.84978318036747     264.41250443951054     2:11
3794500     7589.000000628584     315.1579329016081     261.87807624240344     2:11
3795000     7590.000000628787     343.0297453506687     283.3155215489499     2:11
3795500     7591.000000628991     324.88584788863625     303.19151989022816     2:11
3796000     7592.000000629195     334.3941654483814     254.18392112201482     2:11
3796500     7593.0000006293985     325.6271976907459     298.9160238759842     2:11
3797000     7594.000000629602     310.9522865578325     340.41615490241946     2:11
3797500     7595.000000629806     312.92300930276815     342.3292462070118     2:11
3798000     7596.00000063001     322.62865758815497     205.75253009238725     2:11
3798500     7597.000000630213     305.0882428451017     290.9458926804016     2:11
3799000     7598.000000630417     320.4712748708308     272.4023148059725     2:11
3799500     7599.000000630621     319.4221197408616     332.7839802286871     2:11
3800000     7600.000000630825     332.26780165699745     324.2212098120047     2:11
3800500     7601.000000631028     339.44455435320344     278.91604409368466     2:10
3801000     7602.000000631232     327.4704865954094     299.8792260574952     2:10
3801500     7603.000000631436     338.35145398463396     390.50950920420354     2:10
3802000     7604.0000006316395     398.47475184770394     369.697996128497     2:10
3802500     7605.000000631843     361.89185599990753     322.89540420779093     2:10
3803000     7606.000000632047     339.35597853272304     298.6897344651587     2:10
3803500     7607.000000632251     344.30186541605076     274.61342939882695     2:10
3804000     7608.000000632454     316.0072824877956     279.4315628699533     2:10
3804500     7609.000000632658     315.38201832133257     323.7159979851767     2:10
3805000     7610.000000632862     328.26839268748836     312.6372370981876     2:10
3805500     7611.000000633066     355.1384077740644     276.43004618188576     2:10
3806000     7612.000000633269     332.21800974341886     357.9814468132394     2:10
3806500     7613.000000633473     352.9583569295223     413.64846097735     2:10
3807000     7614.000000633677     326.5892839012221     376.7758557117652     2:10
3807500     7615.0000006338805     393.2954155957465     300.9209724840374     2:10
3808000     7616.000000634084     361.86977522793495     239.4584402799298     2:10
3808500     7617.000000634288     351.61999219692905     391.94547762372963     2:10
3809000     7618.000000634492     355.6244512914035     327.34356954651736     2:10
3809500     7619.000000634695     334.09080476501765     330.54268400853516     2:09
3810000     7620.000000634899     320.91543971265844     307.46447563369424     2:09
3810500     7621.000000635103     305.5258730570423     243.59531753617281     2:09
3811000     7622.000000635307     306.55094031741146     315.59646275910444     2:09
3811500     7623.00000063551     342.58387768362036     280.043302781671     2:09
3812000     7624.000000635714     347.27965709973137     318.06250243384466     2:09
3812500     7625.000000635918     357.320179070913     271.16973327397363     2:09
3813000     7626.0000006361215     336.5962038035867     356.2736017730841     2:09
3813500     7627.000000636325     337.7196974698095     312.80174089524184     2:09
3814000     7628.000000636529     345.4429876904072     252.4927831753248     2:09
3814500     7629.000000636733     331.58667602684363     307.14160607468943     2:09
3815000     7630.000000636936     331.5111815667425     264.0222938735047     2:09
3815500     7631.00000063714     353.56168758523734     286.8105076023539     2:09
3816000     7632.000000637344     329.077242076345     299.1953682173164     2:09
3816500     7633.000000637548     346.23773673266726     231.4047213163312     2:09
3817000     7634.000000637751     368.965026637228     307.93433789377315     2:09
3817500     7635.000000637955     330.16768822612687     326.2871886628425     2:09
3818000     7636.000000638159     350.07229891865416     357.6671742169427     2:09
3818500     7637.0000006383625     348.7437777483931     300.49411008550146     2:08
3819000     7638.000000638566     340.80803922369273     259.9427037379881     2:08
3819500     7639.00000063877     335.68607016376325     281.7509691187209     2:08
3820000     7640.000000638974     310.3210491991314     307.26829241640155     2:08
3820500     7641.000000639177     338.5113384246233     282.4071673413382     2:08
3821000     7642.000000639381     350.42828101393536     290.884941520361     2:08
3821500     7643.000000639585     352.47348433493437     253.14652689356447     2:08
3822000     7644.000000639789     318.49305204008033     371.29981833417816     2:08
3822500     7645.000000639992     355.9182422436327     279.70401492733697     2:08
3823000     7646.000000640196     313.38954374289096     278.7608593858642     2:08
3823500     7647.0000006404     351.29470475644155     286.86390017645823     2:08
3824000     7648.0000006406035     338.32154228939805     241.88185368159165     2:08
3824500     7649.000000640807     359.98822260587303     328.384449582688     2:08
3825000     7650.000000641011     360.09817885261145     280.63771891032883     2:08
3825500     7651.000000641215     303.41791967771326     343.07456971329873     2:08
3826000     7652.000000641418     311.78938535928523     326.5551730860818     2:08
3826500     7653.000000641622     371.99928149835205     370.1571551010613     2:08
3827000     7654.000000641826     359.6903188773284     280.39613414119526     2:08
3827500     7655.00000064203     323.57975193818834     317.70391692070905     2:08
3828000     7656.000000642233     307.1686716373566     280.2883599581634     2:07
3828500     7657.000000642437     309.88671521197637     230.70669707325916     2:07
3829000     7658.000000642641     354.65812454864306     203.31310184978688     2:07
3829500     7659.0000006428445     343.4355664853556     315.1916495434396     2:07
3830000     7660.000000643048     352.52410685406426     281.62823215115793     2:07
3830500     7661.000000643252     331.33741947678743     334.21310144772565     2:07
3831000     7662.000000643456     339.7468077244167     351.478770961659     2:07
3831500     7663.000000643659     313.63633004617293     311.07327863821746     2:07
3832000     7664.000000643863     322.997277922839     313.15204612781906     2:07
3832500     7665.000000644067     341.46413223930233     339.2828278086339     2:07
3833000     7666.000000644271     350.18785070187255     254.74147222734     2:07
3833500     7667.000000644474     321.21896191560404     278.4223225875182     2:07
3834000     7668.000000644678     351.7475202326691     278.03058775732626     2:07
3834500     7669.000000644882     333.42351065138723     304.1556373519737     2:07
3835000     7670.0000006450855     320.94018473388974     249.30435597599038     2:07
3835500     7671.000000645289     277.6671786830933     267.98328924639776     2:07
3836000     7672.000000645493     329.1960750022175     298.994803464028     2:07
3836500     7673.000000645697     326.06160628908253     339.83447167679     2:07
3837000     7674.0000006459     397.0356086003138     303.256596786364     2:06
3837500     7675.000000646104     369.14988568614547     330.4833501777962     2:06
3838000     7676.000000646308     347.40298584300956     297.97186261691064     2:06
3838500     7677.000000646512     339.39572608758886     332.684319534765     2:06
3839000     7678.000000646715     315.6687931002891     321.92982055068103     2:06
3839500     7679.000000646919     301.83566585429514     295.45726728374945     2:06
3840000     7680.000000647123     317.44238167278763     278.7409089957254     2:06
3840500     7681.0000006473265     348.8428848542877     250.9958981520755     2:06
3841000     7682.00000064753     380.151566191891     289.6546949273668     2:06
3841500     7683.000000647734     344.3770527468814     292.15319618345933     2:06
3842000     7684.000000647938     338.60507596279126     326.03364983784314     2:06
3842500     7685.000000648141     330.85778853275497     307.0675691101231     2:06
3843000     7686.000000648345     341.5575258246762     316.8807338979163     2:06
3843500     7687.000000648549     369.5314697052564     307.95350423776136     2:06
3844000     7688.000000648753     357.11894984778564     299.03126693818916     2:06
3844500     7689.000000648956     371.1507156582611     280.8487168378683     2:06
3845000     7690.00000064916     339.0514379432137     258.03235000738533     2:06
3845500     7691.000000649364     312.83826741191956     316.8629864175114     2:06
3846000     7692.0000006495675     311.3578275422973     307.452663532807     2:05
3846500     7693.000000649771     302.231104558123     253.90335742826636     2:05
3847000     7694.000000649975     343.95783991838846     300.8997354896655     2:05
3847500     7695.000000650179     363.5188908694271     279.70616355043234     2:05
3848000     7696.000000650382     344.84509089451     278.4219830467743     2:05
3848500     7697.000000650586     322.72273803483165     326.62126430156036     2:05
3849000     7698.00000065079     354.16370483886067     404.1572661863857     2:05
3849500     7699.000000650994     324.2973059751673     299.883720308198     2:05
3850000     7700.000000651197     332.99025555396497     277.9904716872758     2:05
3850500     7701.000000651401     339.082870176959     262.1594488833564     2:05
3851000     7702.000000651605     306.7011339531176     303.14391438724107     2:05
3851500     7703.0000006518085     328.9576706845328     282.08771498677237     2:05
3852000     7704.000000652012     387.0738193224978     306.9167142743635     2:05
3852500     7705.000000652216     334.42032542603715     316.42647886277274     2:05
3853000     7706.00000065242     306.1084316164835     268.465204504575     2:05
3853500     7707.000000652623     337.98798502331636     254.66622412459705     2:05
3854000     7708.000000652827     368.6427847398926     287.33164312233345     2:05
3854500     7709.000000653031     332.3253956537295     273.80799951962246     2:05
3855000     7710.000000653235     337.79768698217356     270.24258925545166     2:04
3855500     7711.000000653438     324.1770586352717     332.1476434321582     2:04
3856000     7712.000000653642     329.8708755805126     293.6052196876436     2:04
3856500     7713.000000653846     327.15330270653146     318.54905010341065     2:04
3857000     7714.0000006540495     357.49679020810174     326.7286678387224     2:04
3857500     7715.000000654253     333.8564340712609     344.29233866631296     2:04
3858000     7716.000000654457     312.33904861238557     427.1492916464679     2:04
3858500     7717.000000654661     380.50796169211776     321.1913850093075     2:04
3859000     7718.000000654864     347.991968725952     275.7350657202837     2:04
3859500     7719.000000655068     319.33729095501724     302.8821210707631     2:04
3860000     7720.000000655272     343.55650320158963     291.4267208011114     2:04
3860500     7721.000000655476     358.5010809848104     271.686723505142     2:04
3861000     7722.000000655679     347.5002180665168     288.02380256780197     2:04
3861500     7723.000000655883     337.39207123811843     250.57051607658897     2:04
3862000     7724.000000656087     363.323654945205     253.58853329925813     2:04
3862500     7725.0000006562905     369.31867459601676     370.7930880314784     2:04
3863000     7726.000000656494     340.07664679908123     353.0357595322888     2:04
3863500     7727.000000656698     350.8577565553312     283.2157539589087     2:04
3864000     7728.000000656902     330.27736613258173     353.03780572159525     2:04
3864500     7729.000000657105     354.5302990773256     282.5604665925423     2:03
3865000     7730.000000657309     338.6566128499222     274.4555292692269     2:03
3865500     7731.000000657513     334.88764947445884     240.11728952226565     2:03
3866000     7732.000000657717     331.5231938541955     252.36951481305607     2:03
3866500     7733.00000065792     308.0032908687724     252.2035429961479     2:03
3867000     7734.000000658124     330.9500893575823     232.20936811006763     2:03
3867500     7735.000000658328     300.00796402808066     289.57403196149454     2:03
3868000     7736.0000006585315     314.01658982679805     269.6217254547051     2:03
3868500     7737.000000658735     321.03343354313654     254.9527611690438     2:03
3869000     7738.000000658939     323.9364537043117     310.5241926802632     2:03
3869500     7739.000000659143     340.4668044387     322.3223648649295     2:03
3870000     7740.000000659346     312.9459753338276     410.09726697469097     2:03
3870500     7741.00000065955     336.9399633627901     325.55541533404966     2:03
3871000     7742.000000659754     341.09777876172063     242.08097465006045     2:03
3871500     7743.000000659958     324.123907399579     267.52654318151315     2:03
3872000     7744.000000660161     315.6136951437222     363.3759392739468     2:03
3872500     7745.000000660365     338.92397108554576     238.41647693691266     2:03
3873000     7746.000000660569     338.1540235417955     343.32251736569697     2:03
3873500     7747.0000006607725     376.8429657014141     285.40336579964156     2:02
3874000     7748.000000660976     342.8832666755213     218.4926558391262     2:02
3874500     7749.00000066118     372.6866464740227     270.42153437207554     2:02
3875000     7750.000000661384     315.11250807814065     285.9775630879274     2:02
3875500     7751.000000661587     325.2941597243429     338.80302795734644     2:02
3876000     7752.000000661791     333.2772289608247     318.258148684069     2:02
3876500     7753.000000661995     342.67096979595965     244.84518150555232     2:02
3877000     7754.0000006621985     325.6243366911468     312.86004591566984     2:02
3877500     7755.000000662402     322.7610173818829     289.0662126080353     2:02
3878000     7756.000000662606     344.7549748953645     308.2727384124335     2:02
3878500     7757.00000066281     321.1388891124618     318.0830979828815     2:02
3879000     7758.000000663013     325.90142386080333     221.4644957628096     2:02
3879500     7759.000000663217     345.76577529620704     321.0891945273497     2:02
3880000     7760.000000663421     333.6001503991164     290.8809147587901     2:02
3880500     7761.000000663625     315.3628840068694     293.4789468551974     2:02
3881000     7762.000000663828     328.1030277650665     262.9376856653758     2:02
3881500     7763.000000664032     343.719950023636     312.7833710136212     2:02
3882000     7764.000000664236     319.5930016286435     244.94568990900999     2:02
3882500     7765.0000006644395     340.5838340016684     247.5229691506632     2:01
3883000     7766.000000664643     335.07471791081014     305.0055758325998     2:01
3883500     7767.000000664847     360.079017033662     263.3702618809642     2:01
3884000     7768.000000665051     306.72700786295604     406.68419082287124     2:01
3884500     7769.000000665254     312.58035426075753     400.0492229256445     2:01
3885000     7770.000000665458     325.4549350539339     341.82152859710317     2:01
3885500     7771.000000665662     318.81661376998034     282.50669735821083     2:01
3886000     7772.000000665866     315.28592092423594     275.4650925549415     2:01
3886500     7773.000000666069     322.89731940954107     345.0825247250041     2:01
3887000     7774.000000666273     344.0663114235671     381.9905389420525     2:01
3887500     7775.000000666477     371.6633840611813     290.006000178033     2:01
3888000     7776.0000006666805     337.2127480328645     335.1939165091321     2:01
3888500     7777.000000666884     332.53027845005374     271.485383828151     2:01
3889000     7778.000000667088     348.4192779498395     294.84046941458945     2:01
3889500     7779.000000667292     303.23847614519525     396.52068063951066     2:01
3890000     7780.000000667495     343.24705548462794     301.3204016631816     2:01
3890500     7781.000000667699     341.5091041863342     307.5350702707613     2:01
3891000     7782.000000667903     314.7397685400334     394.77915230828177     2:01
3891500     7783.000000668107     334.06680961174015     251.3567429040433     2:01
3892000     7784.00000066831     333.67002412257307     299.93475796675125     2:00
3892500     7785.000000668514     327.25098443813965     298.64161791940523     2:00
3893000     7786.000000668718     351.4603497925276     312.2554191682004     2:00
3893500     7787.0000006689215     329.29874697823266     328.37427921566905     2:00
3894000     7788.000000669125     307.97045671053354     301.7921783618135     2:00
3894500     7789.000000669329     318.0314818019533     300.143660023971     2:00
3895000     7790.000000669533     303.8149927948285     325.3370311621846     2:00
3895500     7791.000000669736     342.0926152558885     310.151021668478     2:00
3896000     7792.00000066994     359.1610355924819     348.1289512972569     2:00
3896500     7793.000000670144     345.1228807160718     288.7943281687416     2:00
3897000     7794.000000670348     351.669676120776     313.13025771779354     2:00
3897500     7795.000000670551     339.7021471795298     312.0013038771438     2:00
3898000     7796.000000670755     370.52051188408575     246.11278300137346     2:00
3898500     7797.000000670959     353.2195808228903     284.9828834757446     2:00
3899000     7798.0000006711625     344.88798116909777     239.9498050299095     2:00
3899500     7799.000000671366     314.7457538752634     369.54636090868456     2:00
3900000     7800.00000067157     319.4831948117684     345.75965262044406     2:00
3900500     7801.000000671774     336.7811865228243     267.35202656534625     2:00
3901000     7802.000000671977     308.70721805274763     282.57254392255055     1:59
3901500     7803.000000672181     347.69292333208773     248.29622415171752     1:59
3902000     7804.000000672385     312.99345744795687     262.3928752292691     1:59
3902500     7805.000000672589     303.7450885334356     307.0854215794096     1:59
3903000     7806.000000672792     323.38321109799915     258.4522714339339     1:59
3903500     7807.000000672996     333.74218145649354     294.3804212616795     1:59
3904000     7808.0000006732     336.8094905910249     279.50532079659575     1:59
3904500     7809.0000006734035     366.3440385568806     327.8724639910789     1:59
3905000     7810.000000673607     341.34920417480555     308.8297734132446     1:59
3905500     7811.000000673811     317.2624805107762     325.5407324391401     1:59
3906000     7812.000000674015     368.9787616927498     259.8016105482576     1:59
3906500     7813.000000674218     376.09886270403365     343.2915328822454     1:59
3907000     7814.000000674422     339.77633325648435     272.32709825236833     1:59
3907500     7815.000000674626     343.34747607161114     259.2706448882049     1:59
3908000     7816.00000067483     346.99848900500547     288.4325831118854     1:59
3908500     7817.000000675033     324.2682121449419     296.20797979950214     1:59
3909000     7818.000000675237     312.39877501775857     297.0284641882415     1:59
3909500     7819.000000675441     342.7435088180839     299.2218512166904     1:59
3910000     7820.0000006756445     335.2450428793402     299.93115019195153     1:58
3910500     7821.000000675848     363.6118067684989     275.1040715621221     1:58
3911000     7822.000000676052     387.0801290547954     314.92084420094227     1:58
3911500     7823.000000676256     334.6792617295266     389.2514585602697     1:58
3912000     7824.000000676459     368.23491244454306     309.9403409922321     1:58
3912500     7825.000000676663     316.11185437996096     361.56436082699406     1:58
3913000     7826.000000676867     349.9648775562108     315.568464028666     1:58
3913500     7827.000000677071     373.12186765916977     238.23070065674185     1:58
3914000     7828.000000677274     318.25185026778286     295.9007836233633     1:58
3914500     7829.000000677478     352.93626366863134     287.324825117716     1:58
3915000     7830.000000677682     356.36776297125243     294.0163441680487     1:58
3915500     7831.0000006778855     308.25310654578414     353.6792044918655     1:58
3916000     7832.000000678089     325.80540384681456     270.56898455988073     1:58
3916500     7833.000000678293     329.09168800651594     285.5694345728335     1:58
3917000     7834.000000678497     322.090078970735     281.8806392436432     1:58
3917500     7835.0000006787     321.11241850554654     234.7524766797348     1:58
3918000     7836.000000678904     325.7868463335334     269.2954198974039     1:58
3918500     7837.000000679108     335.56997596259646     309.1604907074955     1:58
3919000     7838.000000679312     308.040407602697     321.95038765866974     1:57
3919500     7839.000000679515     308.0423922107012     299.2223431911187     1:57
3920000     7840.000000679719     325.626002012859     314.49527961191194     1:57
3920500     7841.000000679923     322.08922210787534     273.1435106992003     1:57
3921000     7842.0000006801265     328.0451378760953     281.2844019352991     1:57
3921500     7843.00000068033     329.74749444900897     375.3737539647001     1:57
3922000     7844.000000680534     349.2034068293801     294.7271800416827     1:57
3922500     7845.000000680738     292.47067947501375     308.12490557426287     1:57
3923000     7846.000000680941     317.1879189828172     236.58698487605287     1:57
3923500     7847.000000681145     304.09544407866747     345.15518881765644     1:57
3924000     7848.000000681349     322.9834242297485     285.58999986945116     1:57
3924500     7849.000000681553     315.370621800187     363.8422822711906     1:57
3925000     7850.000000681756     332.7172049107195     364.7506421843688     1:57
3925500     7851.00000068196     345.398374088168     325.7838536384147     1:57
3926000     7852.000000682164     356.1302018624018     319.3429951757872     1:57
3926500     7853.0000006823675     303.7185085586583     268.5899084979708     1:57
3927000     7854.000000682571     320.08228511618984     335.81227962891046     1:57
3927500     7855.000000682775     327.3844138076778     327.72646072847584     1:57
3928000     7856.000000682979     337.2501513250819     290.6286097892847     1:57
3928500     7857.000000683182     342.97139876145434     396.17639682001607     1:56
3929000     7858.000000683386     329.92723144895376     280.1130268788636     1:56
3929500     7859.00000068359     314.59925442345445     245.27199062303805     1:56
3930000     7860.000000683794     341.5664016581071     323.6226171198776     1:56
3930500     7861.000000683997     337.12942253213953     332.337902402549     1:56
3931000     7862.000000684201     350.30069202835136     319.9227658196453     1:56
3931500     7863.000000684405     351.1372387575361     403.09114486940075     1:56
3932000     7864.0000006846085     326.81872046054286     238.66245026551957     1:56
3932500     7865.000000684812     327.5248674144897     279.58602380032715     1:56
3933000     7866.000000685016     324.0417035304657     355.9418752212384     1:56
3933500     7867.00000068522     319.69428907318763     313.9123289957008     1:56
3934000     7868.000000685423     294.5908806471858     321.8918214859669     1:56
3934500     7869.000000685627     345.6617971689311     300.0826072414742     1:56
3935000     7870.000000685831     357.16198285482324     360.1126146674298     1:56
3935500     7871.000000686035     341.79484025695524     326.57308204996235     1:56
3936000     7872.000000686238     320.794196519508     320.02471858917585     1:56
3936500     7873.000000686442     352.7378611984208     286.09644078367944     1:56
3937000     7874.000000686646     363.5982541656151     351.43429219790806     1:56
3937500     7875.0000006868495     331.51841096081637     336.7052039241243     1:55
3938000     7876.000000687053     326.64711693397874     273.53960011380144     1:55
3938500     7877.000000687257     352.05448777357526     276.21250360025044     1:55
3939000     7878.000000687461     320.28000710894605     260.7969638047878     1:55
3939500     7879.000000687664     351.9699342472088     271.37041138780614     1:55
3940000     7880.000000687868     347.4892924715639     347.4787942543717     1:55
3940500     7881.000000688072     374.2067960787514     242.61978505432657     1:55
3941000     7882.000000688276     310.5032030881215     263.8400411832771     1:55
3941500     7883.000000688479     335.66762470700326     313.55261143116905     1:55
3942000     7884.000000688683     357.8836348524226     273.38321975174716     1:55
3942500     7885.000000688887     337.14866354428045     312.48903074017244     1:55
3943000     7886.0000006890905     377.8335166663003     288.62149237976547     1:55
3943500     7887.000000689294     349.128829259099     336.2675415481978     1:55
3944000     7888.000000689498     326.22588267042704     275.6565815865338     1:55
3944500     7889.000000689702     354.5561507836827     308.53821807785846     1:55
3945000     7890.000000689905     316.2565287546954     318.83569742452977     1:55
3945500     7891.000000690109     328.06359743787334     278.6601943830734     1:55
3946000     7892.000000690313     342.12841802361163     353.466270853516     1:55
3946500     7893.000000690517     370.1133797412649     276.1763027395704     1:54
3947000     7894.00000069072     341.999026792805     290.3427869114223     1:54
3947500     7895.000000690924     332.0349627704518     325.47639610817697     1:54
3948000     7896.000000691128     336.0153956293092     266.3215105463906     1:54
3948500     7897.0000006913315     371.5184480837405     312.6858280031644     1:54
3949000     7898.000000691535     358.2613994220836     311.6573074591626     1:54
3949500     7899.000000691739     311.0187057924437     363.73137245251763     1:54
3950000     7900.000000691943     372.63090983598397     334.25651952103544     1:54
3950500     7901.000000692146     351.77070494835505     232.10016698241674     1:54
3951000     7902.00000069235     320.7082330723689     347.34892936114795     1:54
3951500     7903.000000692554     345.430604077868     240.09975919648815     1:54
3952000     7904.000000692758     317.9848696025998     373.9256801979482     1:54
3952500     7905.000000692961     340.40547850434587     301.9817924800788     1:54
3953000     7906.000000693165     374.85133103005455     275.26985731338283     1:54
3953500     7907.000000693369     344.5667914064569     297.44828334649685     1:54
3954000     7908.0000006935725     330.94731570460306     287.758998714315     1:54
3954500     7909.000000693776     336.1127811479472     310.96386622498324     1:54
3955000     7910.00000069398     346.5253963851304     306.7363000046434     1:54
3955500     7911.000000694184     304.1661723301594     290.87699383376196     1:54
3956000     7912.000000694387     326.5598027347919     269.62206424466353     1:53
3956500     7913.000000694591     329.8743006575619     315.1591354272816     1:53
3957000     7914.000000694795     298.05626802241363     287.50041080002296     1:53
3957500     7915.000000694999     356.9222561749565     250.71091097118003     1:53
3958000     7916.000000695202     337.38972199166926     317.24013647965705     1:53
3958500     7917.000000695406     370.10526920714597     276.1227226628311     1:53
3959000     7918.00000069561     363.6363399767455     301.937392774853     1:53
3959500     7919.0000006958135     363.40797738781123     289.49675831201114     1:53
3960000     7920.000000696017     344.2717098310892     285.03467187544027     1:53
3960500     7921.000000696221     314.8149770903432     264.12455041248086     1:53
3961000     7922.000000696425     358.2584001803159     266.57147503076584     1:53
3961500     7923.000000696628     348.7200953425289     279.0895998294865     1:53
3962000     7924.000000696832     333.34677655444136     330.8193652408869     1:53
3962500     7925.000000697036     324.37529069361824     294.4183647844092     1:53
3963000     7926.00000069724     285.9479361727125     295.7318127653451     1:53
3963500     7927.000000697443     315.3250200858255     260.3688889441095     1:53
3964000     7928.000000697647     328.7493548602099     275.983750837837     1:53
3964500     7929.000000697851     333.013756223831     275.50007032542356     1:53
3965000     7930.0000006980545     330.8573115612677     212.5979324243475     1:52
3965500     7931.000000698258     301.5505634327425     268.54170293165606     1:52
3966000     7932.000000698462     341.31239232942755     331.92868204345035     1:52
3966500     7933.000000698666     333.2910631552098     293.1505703447763     1:52
3967000     7934.000000698869     308.7895491103602     282.4152129206845     1:52
3967500     7935.000000699073     296.24115605532995     304.16316132104527     1:52
3968000     7936.000000699277     300.8844884564759     279.49851658059885     1:52
3968500     7937.000000699481     325.46964192834093     300.38850943469185     1:52
3969000     7938.000000699684     360.60451998965425     295.1595500415085     1:52
3969500     7939.000000699888     355.6898857171891     340.4207448500237     1:52
3970000     7940.000000700092     357.7200887573616     345.9729256380782     1:52
3970500     7941.0000007002955     365.19986193293596     289.46382201218876     1:52
3971000     7942.000000700499     349.9279752696426     343.1155251131495     1:52
3971500     7943.000000700703     318.6449249535491     303.76869791821724     1:52
3972000     7944.000000700907     341.44910740831585     325.41800173619623     1:52
3972500     7945.00000070111     323.1946941856821     279.5236294851581     1:52
3973000     7946.000000701314     304.9620010333159     345.8840362948204     1:52
3973500     7947.000000701518     327.6006554637621     282.507274922191     1:52
3974000     7948.000000701722     310.7959197151072     237.8291137360908     1:51
3974500     7949.000000701925     331.61913428647006     270.11508428301613     1:51
3975000     7950.000000702129     342.7505523195242     270.08855898737147     1:51
3975500     7951.000000702333     319.65733173612796     324.1599474311738     1:51
3976000     7952.000000702536     333.3449695169861     249.8959348457135     1:51
3976500     7953.00000070274     323.92483654553257     303.1305030969997     1:51
3977000     7954.000000702944     333.84608193973975     335.9224360786916     1:51
3977500     7955.000000703148     329.5193412657678     351.6030351723313     1:51
3978000     7956.000000703351     317.4636021882719     315.0841529088701     1:51
3978500     7957.000000703555     338.8936218737035     303.61725682086916     1:51
3979000     7958.000000703759     320.747465956411     279.6749918065348     1:51
3979500     7959.0000007039625     334.99761573904425     278.1098131828157     1:51
3980000     7960.000000704166     336.18897182691524     340.75207139766127     1:51
3980500     7961.00000070437     316.18852007263763     276.50874329654124     1:51
3981000     7962.000000704574     317.5946702095986     270.31359226334376     1:51
3981500     7963.000000704777     318.8205453028287     215.9719283318323     1:51
3982000     7964.000000704981     313.2562666237418     242.13806733751346     1:51
3982500     7965.000000705185     332.6402180528229     299.95233095410083     1:51
3983000     7966.000000705389     317.5723936279486     320.9022690891746     1:50
3983500     7967.000000705592     324.89047943540766     282.99436867925516     1:50
3984000     7968.000000705796     346.39004636924574     277.1044047362273     1:50
3984500     7969.000000706     316.62695651741217     278.1946793327522     1:50
3985000     7970.0000007062035     330.99797758663374     332.0272740062603     1:50
3985500     7971.000000706407     354.2100022809095     314.6970318980335     1:50
3986000     7972.000000706611     340.34044866557144     289.55872456639884     1:50
3986500     7973.000000706815     325.8833901559095     277.3532158323657     1:50
3987000     7974.000000707018     314.02673549829694     271.3782519946261     1:50
3987500     7975.000000707222     342.54278141405473     313.90599323759136     1:50
3988000     7976.000000707426     309.3798044889128     337.56501619533356     1:50
3988500     7977.00000070763     370.35488544858833     264.38845363008795     1:50
3989000     7978.000000707833     325.81894677215087     336.48720717374573     1:50
3989500     7979.000000708037     324.43182220489393     360.39900301799224     1:50
3990000     7980.000000708241     345.24280112374856     296.607140988572     1:50
3990500     7981.0000007084445     340.5089221266453     373.10636621121495     1:50
3991000     7982.000000708648     376.1020514871633     315.62549802567924     1:50
3991500     7983.000000708852     327.66266647585917     361.00146997342233     1:50
3992000     7984.000000709056     320.79699430658013     312.8182899523866     1:50
3992500     7985.000000709259     321.5692187461872     295.40858418553705     1:49
3993000     7986.000000709463     311.04707183919925     313.69533259843917     1:49
3993500     7987.000000709667     332.7178153544136     286.9681295215087     1:49
3994000     7988.000000709871     331.1195759122461     317.9332924032203     1:49
3994500     7989.000000710074     294.0117366104736     305.05375459667783     1:49
3995000     7990.000000710278     310.43727351652603     259.40885898490717     1:49
3995500     7991.000000710482     326.5116759241191     350.38139627504927     1:49
3996000     7992.0000007106855     311.9228733754022     301.57867398921036     1:49
3996500     7993.000000710889     343.38065041094546     226.1426664487172     1:49
3997000     7994.000000711093     332.22919883001964     335.51648484974754     1:49
3997500     7995.000000711297     333.29333837603826     262.82277604882773     1:49
3998000     7996.0000007115     301.4060620633362     346.89013363154646     1:49
3998500     7997.000000711704     317.7295461950297     382.43783953143367     1:49
3999000     7998.000000711908     348.0775631861943     315.3530386784101     1:49
3999500     7999.000000712112     342.20920577115555     275.9063653535995     1:49
4000000     8000.000000712315     332.3550337928474     327.5825470877192     1:49
4000500     8001.000000712519     345.4839676690867     304.59648225130945     1:49
4001000     8002.000000712723     333.934068042454     281.67225857065523     1:49
4001500     8003.0000007129265     314.6022257183263     393.99144404370924     1:48
4002000     8004.00000071313     326.72190545704973     268.9383566988338     1:48
4002500     8005.000000713334     329.0284644285132     231.44808297577674     1:48
4003000     8006.000000713538     311.2676384322841     319.68840866919044     1:48
4003500     8007.000000713741     331.09409240010325     287.44568644538543     1:48
4004000     8008.000000713945     361.79027223947844     256.77561920810916     1:48
4004500     8009.000000714149     361.7055923133007     249.21121142245937     1:48
4005000     8010.000000714353     311.7730151937079     246.59629197543606     1:48
4005500     8011.000000714556     329.95111101011105     331.6147517892157     1:48
4006000     8012.00000071476     331.39343503230384     295.8281742008152     1:48
4006500     8013.000000714964     324.1385765387944     288.1139460942741     1:48
4007000     8014.0000007151675     317.9231417376486     247.22150405157143     1:48
4007500     8015.000000715371     318.3101114763472     226.59555100961663     1:48
4008000     8016.000000715575     330.1167968665452     308.3892174291028     1:48
4008500     8017.000000715779     335.2786445275177     295.3615104324661     1:48
4009000     8018.000000715982     348.1666131953235     251.88619167859798     1:48
4009500     8019.000000716186     317.6785942837814     324.93150589505166     1:48
4010000     8020.00000071639     333.0253171774225     310.4904625821509     1:48
4010500     8021.000000716594     350.35136044384876     337.0401202489     1:47
4011000     8022.000000716797     385.8220093229852     327.9931915336082     1:47
4011500     8023.000000717001     349.2634836412702     315.90114226980876     1:47
4012000     8024.000000717205     338.09428353877183     345.8017868343281     1:47
4012500     8025.0000007174085     334.01694429791735     259.5045913428213     1:47
4013000     8026.000000717612     346.03058025154894     290.23830163730406     1:47
4013500     8027.000000717816     346.72811354903104     297.45099531304834     1:47
4014000     8028.00000071802     335.3906423091631     297.86779261600077     1:47
4014500     8029.000000718223     333.51781481814976     285.9027298143798     1:47
4015000     8030.000000718427     343.7427624770712     335.00163535842637     1:47
4015500     8031.000000718631     377.6944144444336     348.62939980556723     1:47
4016000     8032.000000718835     347.85772187901864     323.01775111400855     1:47
4016500     8033.000000719038     360.613784998969     314.7270578624616     1:47
4017000     8034.000000719242     296.4456806245265     348.30800869668445     1:47
4017500     8035.000000719446     360.0295840929756     246.65380660436466     1:47
4018000     8036.0000007196495     324.0363416057006     355.45686265784747     1:47
4018500     8037.000000719853     353.02593726088287     306.0419267590141     1:47
4019000     8038.000000720057     344.83747889141785     356.4687536047908     1:47
4019500     8039.000000720261     294.1781730314477     309.82347849368216     1:47
4020000     8040.000000720464     304.0913188494135     283.93859226160174     1:46
4020500     8041.000000720668     340.451671612895     285.42594303501176     1:46
4021000     8042.000000720872     349.32405069391643     272.15670189075485     1:46
4021500     8043.000000721076     338.0695872072988     323.14745838263286     1:46
4022000     8044.000000721279     355.94875355368765     364.92143263977255     1:46
4022500     8045.000000721483     321.500268875334     270.6637674647086     1:46
4023000     8046.000000721687     314.19555943705404     319.82047146691116     1:46
4023500     8047.0000007218905     357.4618663989537     228.85725826316684     1:46
4024000     8048.000000722094     319.96467704388397     299.50490466465186     1:46
4024500     8049.000000722298     335.54884647519566     313.1880209939775     1:46
4025000     8050.000000722502     347.94864754033176     232.12312703768458     1:46
4025500     8051.000000722705     327.3130018812649     253.5342715253911     1:46
4026000     8052.000000722909     328.7950010885369     278.09495064833703     1:46
4026500     8053.000000723113     350.03957151893314     255.66630656312162     1:46
4027000     8054.000000723317     321.6863529488468     329.69758179775545     1:46
4027500     8055.00000072352     325.8450009697169     298.32639796899264     1:46
4028000     8056.000000723724     321.3972224816239     277.8288883168194     1:46
4028500     8057.000000723928     294.71519892283675     313.05366459485833     1:46
4029000     8058.0000007241315     314.94257651673877     268.7710754231347     1:45
4029500     8059.000000724335     325.1472184522896     269.998107132248     1:45
4030000     8060.000000724539     308.05502765454946     295.8271082790942     1:45
4030500     8061.000000724743     342.2505268193596     318.8569061635318     1:45
4031000     8062.000000724946     378.84270702389176     228.7130167309517     1:45
4031500     8063.00000072515     334.5947156843446     293.0590727241017     1:45
4032000     8064.000000725354     323.0444668355401     332.4349908890522     1:45
4032500     8065.000000725558     333.3577763383547     276.5685766741476     1:45
4033000     8066.000000725761     329.73571752275586     279.25378054656795     1:45
4033500     8067.000000725965     340.5340285843662     315.75928985021534     1:45
4034000     8068.000000726169     333.1462142126388     379.7839344229081     1:45
4034500     8069.0000007263725     354.72331304142995     323.5173104379367     1:45
4035000     8070.000000726576     328.4594676324947     246.5692240899045     1:45
4035500     8071.00000072678     336.0565642175967     346.63009984961053     1:45
4036000     8072.000000726984     330.108004440734     269.93895156060137     1:45
4036500     8073.000000727187     331.80475190415495     238.7163796916526     1:45
4037000     8074.000000727391     317.56658721004305     231.43089650170532     1:45
4037500     8075.000000727595     323.94895643083055     292.6899344155881     1:45
4038000     8076.000000727799     341.7097828504026     265.97527635154887     1:44
4038500     8077.000000728002     303.05522412376786     232.27371574317866     1:44
4039000     8078.000000728206     310.5840729241363     257.75245882373304     1:44
4039500     8079.00000072841     298.13136765552395     331.9313492857877     1:44
4040000     8080.0000007286135     350.36719515286666     275.9632230249949     1:44
4040500     8081.000000728817     375.79349580726887     309.9305457919421     1:44
4041000     8082.000000729021     355.50540916911643     355.1858263721023     1:44
4041500     8083.000000729225     354.7670236581397     338.705563730934     1:44
4042000     8084.000000729428     353.8038689933785     299.3322570241476     1:44
4042500     8085.000000729632     337.30462242569126     333.1974487099977     1:44
4043000     8086.000000729836     361.483048674005     254.81005191746686     1:44
4043500     8087.00000073004     340.0834502115571     389.20465730198634     1:44
4044000     8088.000000730243     331.20872536609     330.9977891185923     1:44
4044500     8089.000000730447     325.3398066700943     306.46544997022386     1:44
4045000     8090.000000730651     339.2120396185818     370.0929310407924     1:44
4045500     8091.0000007308545     378.8713273329728     314.9628977013439     1:44
4046000     8092.000000731058     343.7395506315489     300.9134253899638     1:44
4046500     8093.000000731262     359.618940585883     259.6011850051404     1:44
4047000     8094.000000731466     353.59613701897933     339.53889674055097     1:44
4047500     8095.000000731669     338.6888872718249     326.77326065729227     1:43
4048000     8096.000000731873     342.3220092766461     350.2146534821172     1:43
4048500     8097.000000732077     340.6460310789281     279.3938354685116     1:43
4049000     8098.000000732281     319.698774746206     329.0174731383933     1:43
4049500     8099.000000732484     328.234386115506     276.9163383098862     1:43
4050000     8100.000000732688     338.96347949497965     261.709723224377     1:43
4050500     8101.000000732892     368.6568999470354     251.20472525990834     1:43
4051000     8102.0000007330955     362.3540095023916     227.30368728447817     1:43
4051500     8103.000000733299     347.2461563710136     284.4579159019483     1:43
4052000     8104.000000733503     357.5584320294271     301.8332968032216     1:43
4052500     8105.000000733707     347.7951983303436     263.7220200531009     1:43
4053000     8106.00000073391     331.09993521472313     291.3880937083265     1:43
4053500     8107.000000734114     333.6874940653963     280.673041933176     1:43
4054000     8108.000000734318     328.27481129250214     275.5793681048424     1:43
4054500     8109.000000734522     314.0812644969343     247.1389697608043     1:43
4055000     8110.000000734725     345.3583173695075     197.77127629152733     1:43
4055500     8111.000000734929     350.6139990719437     339.96375342761615     1:43
4056000     8112.000000735133     336.8096364746398     329.4331397744627     1:43
4056500     8113.0000007353365     320.6669151117112     327.58217138010184     1:42
4057000     8114.00000073554     321.3693789744576     324.20442353891997     1:42
4057500     8115.000000735744     334.7615476695695     201.2407115003023     1:42
4058000     8116.000000735948     312.6718611057531     256.4338123350719     1:42
4058500     8117.000000736151     313.9098604394261     273.40923736095965     1:42
4059000     8118.000000736355     339.75672816533495     322.29532043942794     1:42
4059500     8119.000000736559     339.109976681679     302.1622246203113     1:42
4060000     8120.000000736763     332.0661440910478     317.3210450371682     1:42
4060500     8121.000000736966     323.499346948003     295.84717333759716     1:42
4061000     8122.00000073717     344.3698018082001     210.54630682512786     1:42
4061500     8123.000000737374     318.83928804249626     309.2662455680412     1:42
4062000     8124.0000007375775     355.6061930230828     343.79717613829854     1:42
4062500     8125.000000737781     312.7472268170875     265.17559273463456     1:42
4063000     8126.000000737985     335.61771333610307     242.1806348757507     1:42
4063500     8127.000000738189     363.01911308716285     300.47509959813385     1:42
4064000     8128.000000738392     348.3401102498707     312.5468828028017     1:42
4064500     8129.000000738596     328.9242795378208     318.5943264274521     1:42
4065000     8130.0000007388     349.84754474246336     342.85814242762524     1:42
4065500     8131.000000739004     350.71265511287163     274.50259449724905     1:41
4066000     8132.000000739207     335.72615871325297     337.8343593870208     1:41
4066500     8133.000000739411     384.91242907036883     291.5409344798251     1:41
4067000     8134.000000739615     367.2241840491764     267.1137931091289     1:41
4067500     8135.0000007398185     333.65109910176193     328.50838835608243     1:41
4068000     8136.000000740022     352.4939737370901     277.1336845409194     1:41
4068500     8137.000000740226     335.3656117258121     317.46708444242586     1:41
4069000     8138.00000074043     346.1414932753539     304.4488790566397     1:41
4069500     8139.000000740633     326.95075232809324     264.4742131663837     1:41
4070000     8140.000000740837     364.97080796963303     325.8974269616433     1:41
4070500     8141.000000741041     332.9351762041034     321.4161537968531     1:41
4071000     8142.000000741245     343.2471927870896     207.8845223272688     1:41
4071500     8143.000000741448     295.4011114124611     251.28214755685642     1:41
4072000     8144.000000741652     311.5627309228099     308.8331338809008     1:41
4072500     8145.000000741856     338.06996179626515     327.28798488852215     1:41
4073000     8146.0000007420595     334.7103807686851     328.44542978924886     1:41
4073500     8147.000000742263     339.126338605544     307.63310424652593     1:41
4074000     8148.000000742467     306.80650598252737     317.28758283225477     1:41
4074500     8149.000000742671     315.95532688294463     277.91735384567426     1:40
4075000     8150.000000742874     332.62861710235677     258.8941663996917     1:40
4075500     8151.000000743078     326.86120671019944     333.8346267254     1:40
4076000     8152.000000743282     353.50330718495707     378.78179697132873     1:40
4076500     8153.0000007434855     346.23880886762606     301.17808963366804     1:40
4077000     8154.000000743689     346.9352169944251     276.30602020434674     1:40
4077500     8155.000000743893     357.57232398524684     263.94830898762154     1:40
4078000     8156.000000744097     345.3798952239621     285.86743230209515     1:40
4078500     8157.0000007443     342.51671809053494     248.10090099963006     1:40
4079000     8158.000000744504     347.92972689220244     343.3566708261262     1:40
4079500     8159.000000744708     316.826383858188     342.84005753773863     1:40
4080000     8160.000000744912     352.296653726424     309.32593588467313     1:40
4080500     8161.000000745115     352.5045009147914     258.162739304129     1:40
4081000     8162.000000745319     351.17134600196437     275.9056574839261     1:40
4081500     8163.000000745523     342.0309761413705     341.3517591599509     1:40
4082000     8164.0000007457265     345.08269467023854     270.35818919105174     1:40
4082500     8165.00000074593     320.41608870023606     297.06200308630196     1:40
4083000     8166.000000746134     336.2292476427277     330.11180850788145     1:40
4083500     8167.000000746338     353.8154322195178     278.68080611032775     1:40
4084000     8168.000000746541     313.6875342216856     360.05188872085165     1:39
4084500     8169.000000746745     360.3363144958728     275.9116091708286     1:39
4085000     8170.000000746949     340.70031349708313     315.4927365372439     1:39
4085500     8171.000000747153     334.0937072657588     322.66484801006357     1:39
4086000     8172.000000747356     345.0524991857666     305.3774183253287     1:39
4086500     8173.00000074756     331.53608026663426     224.48814302939596     1:39
4087000     8174.000000747764     324.9006461378283     258.8441304020754     1:39
4087500     8175.0000007479675     326.34559459011473     386.9568877604382     1:39
4088000     8176.000000748171     359.6141859887899     272.3634133939103     1:39
4088500     8177.000000748375     313.9418033759946     275.87827880547127     1:39
4089000     8178.000000748579     308.67207913439154     316.5658980267836     1:39
4089500     8179.000000748782     344.39659095420166     266.15405056354956     1:39
4090000     8180.000000748986     302.55751761888655     282.9132059041443     1:39
4090500     8181.00000074919     333.2198833404176     237.38331804183966     1:39
4091000     8182.000000749394     319.75031424487213     271.0329584896695     1:39
4091500     8183.000000749597     310.1551256243555     291.1942264949041     1:39
4092000     8184.000000749801     334.81337323956643     267.1094708367534     1:39
4092500     8185.000000750005     327.0431542089101     327.73233516519696     1:39
4093000     8186.0000007502085     355.04425863022266     358.80430156918084     1:38
4093500     8187.000000750412     328.626456339495     311.5742339146604     1:38
4094000     8188.000000750616     363.6557755213262     281.04559424923525     1:38
4094500     8189.00000075082     364.51635340726807     289.6281171392996     1:38
4095000     8190.000000751023     358.4633399813581     313.5323286610044     1:38
4095500     8191.000000751227     293.15787629861177     325.5674200235383     1:38
4096000     8192.00000075143     330.15167811730737     283.0210495146565     1:38
4096500     8193.000000751634     363.59739899792623     299.52020759539914     1:38
4097000     8194.000000751837     343.7664585051825     241.95018695260086     1:38
4097500     8195.000000752041     311.84020392827244     250.68478952751954     1:38
4098000     8196.000000752245     334.9376458744691     251.78766689898475     1:38
4098500     8197.000000752449     336.43827179454877     351.7419168223306     1:38
4099000     8198.000000752652     324.44555989580977     369.6372323177049     1:38
4099500     8199.000000752856     307.65385145113623     342.26027623756966     1:38
4100000     8200.00000075306     337.454533800146     374.74434530414766     1:38
4100500     8201.000000753264     326.83348529600573     271.2348649047976     1:38
4101000     8202.000000753467     329.7954886785848     264.12672094156085     1:38
4101500     8203.000000753671     336.43226917974994     283.12959933988463     1:38
4102000     8204.000000753875     336.0864436406565     262.3476614545438     1:37
4102500     8205.000000754078     338.8026833381879     338.8152528046046     1:37
4103000     8206.000000754282     292.99236702965663     411.1786455294535     1:37
4103500     8207.000000754486     391.45597534407955     272.67000848952824     1:37
4104000     8208.00000075469     314.9857676839065     365.43527857301063     1:37
4104500     8209.000000754893     317.52162353627057     340.98882561765186     1:37
4105000     8210.000000755097     340.2404248965182     265.6391146753801     1:37
4105500     8211.0000007553     358.8892889758729     292.06696990074414     1:37
4106000     8212.000000755505     348.64460401915244     277.6283107033012     1:37
4106500     8213.000000755708     336.7376195448667     274.62200672001643     1:37
4107000     8214.000000755912     307.2024410447301     355.4823139810089     1:37
4107500     8215.000000756116     339.9423391787992     297.8100126610755     1:37
4108000     8216.00000075632     332.57098414838117     321.77466684303783     1:37
4108500     8217.000000756523     374.56980040830683     309.04931134066635     1:37
4109000     8218.000000756727     329.2015630537395     252.4777819957824     1:37
4109500     8219.00000075693     299.80118716704635     322.49258299570596     1:37
4110000     8220.000000757134     350.7968046879355     268.4640112560841     1:37
4110500     8221.000000757338     341.3013399884055     310.00493740176586     1:37
4111000     8222.000000757542     314.4629459405013     296.9124893926851     1:37
4111500     8223.000000757746     334.225339651999     283.64320253527615     1:36
4112000     8224.00000075795     337.33717558414014     299.22484473589384     1:36
4112500     8225.000000758153     346.18710726380345     314.0334319955857     1:36
4113000     8226.000000758357     372.86056773068435     354.3244263590002     1:36
4113500     8227.00000075856     333.98699276976856     367.54991471279857     1:36
4114000     8228.000000758764     330.7259552970495     230.64575184684622     1:36
4114500     8229.000000758968     326.1777226679553     270.0101828153718     1:36
4115000     8230.000000759172     350.98356199678904     265.08021038002425     1:36
4115500     8231.000000759375     327.47576789502045     273.8131494765492     1:36
4116000     8232.000000759579     351.74202841764907     296.5699234431712     1:36
4116500     8233.000000759783     308.90423811948403     242.10926843114464     1:36
4117000     8234.000000759987     303.42014664578824     261.18512774554733     1:36
4117500     8235.00000076019     319.0412886588135     237.42110868081747     1:36
4118000     8236.000000760394     349.20834085648994     287.7206127124921     1:36
4118500     8237.000000760598     320.0982444729616     336.73155433315674     1:36
4119000     8238.000000760801     314.0870804359671     326.6856434111535     1:36
4119500     8239.000000761005     342.6450102573617     297.17597225919025     1:36
4120000     8240.000000761209     342.10093853585875     281.8896511889329     1:36
4120500     8241.000000761413     326.79178833068295     297.68965247064716     1:35
4121000     8242.000000761616     351.0404587876708     293.27058187201277     1:35
4121500     8243.00000076182     354.4526142488984     371.87545415178477     1:35
4122000     8244.000000762024     366.0590059178429     295.7832687971244     1:35
4122500     8245.000000762228     319.45155273755404     254.67439123432595     1:35
4123000     8246.000000762431     345.31128826105567     232.3073381964044     1:35
4123500     8247.000000762635     342.86276656153757     293.7622781301384     1:35
4124000     8248.000000762839     395.01385740847036     323.7350285742218     1:35
4124500     8249.000000763042     354.9255089248526     331.9701647369416     1:35
4125000     8250.000000763246     365.17833484821415     351.90295852927244     1:35
4125500     8251.00000076345     345.51980242464447     349.65567866943104     1:35
4126000     8252.000000763654     320.4007549792658     342.9500516886749     1:35
4126500     8253.000000763857     324.3807564494074     343.4359042277029     1:35
4127000     8254.000000764061     316.6624764718964     339.89313726803016     1:35
4127500     8255.000000764265     356.6012036075855     338.31388115703044     1:35
4128000     8256.000000764468     338.923849080939     404.5607761352221     1:35
4128500     8257.000000764672     328.0721722003083     301.12286222849724     1:35
4129000     8258.000000764876     349.4435818045557     220.2133590383647     1:35
4129500     8259.00000076508     358.850271530806     276.68877630949106     1:34
4130000     8260.000000765283     313.6158524242477     324.40381961781634     1:34
4130500     8261.000000765487     315.845859249539     315.4580047469121     1:34
4131000     8262.00000076569     350.7279236735932     296.4333274669209     1:34
4131500     8263.000000765895     327.0869053246215     286.56601361996775     1:34
4132000     8264.000000766098     349.10610329379153     269.9099123867126     1:34
4132500     8265.000000766302     337.1611743715416     377.3481953144268     1:34
4133000     8266.000000766506     315.6494216578802     251.07392577592302     1:34
4133500     8267.00000076671     333.15273365728933     338.2824260682833     1:34
4134000     8268.000000766913     312.80279183416735     309.34219324952466     1:34
4134500     8269.000000767117     316.97076807155577     308.21782056905914     1:34
4135000     8270.00000076732     329.4477425416204     334.12939812735607     1:34
4135500     8271.000000767524     350.39272408312877     327.74868301181596     1:34
4136000     8272.000000767728     355.0986135588163     287.26428967489665     1:34
4136500     8273.000000767932     347.0681242641185     275.2273996320239     1:34
4137000     8274.000000768136     310.21463911280625     309.0763905283459     1:34
4137500     8275.00000076834     340.7695723643077     327.66339251466104     1:34
4138000     8276.000000768543     322.22969461388834     318.66334593259427     1:34
4138500     8277.000000768747     347.68567480480624     303.56780181824223     1:34
4139000     8278.00000076895     365.7074860116044     363.67234446597575     1:33
4139500     8279.000000769154     333.03867984478404     317.3709328474787     1:33
4140000     8280.000000769358     339.0514493937395     317.60304783745426     1:33
4140500     8281.000000769562     333.2896933870845     256.94304004111683     1:33
4141000     8282.000000769765     351.2167906026734     295.210365209206     1:33
4141500     8283.00000076997     340.59849431834994     301.2716438416252     1:33
4142000     8284.000000770173     367.1928850980729     403.16041268273386     1:33
4142500     8285.000000770377     338.5385407904033     380.4821931209668     1:33
4143000     8286.00000077058     348.6915126399372     277.55205710496404     1:33
4143500     8287.000000770784     311.4619584700854     261.32786452592757     1:33
4144000     8288.000000770988     341.2788623928642     331.2853037665467     1:33
4144500     8289.000000771191     338.80222305907375     313.8901512105318     1:33
4145000     8290.000000771395     337.5163765050022     272.3712132322679     1:33
4145500     8291.000000771599     341.7941266841582     288.7852907209623     1:33
4146000     8292.000000771803     332.37404878542327     333.0413428508804     1:33
4146500     8293.000000772006     353.4898073903455     370.54529205390594     1:33
4147000     8294.00000077221     338.7339912791076     346.838741085547     1:33
4147500     8295.000000772414     366.708319341771     371.12130140750304     1:33
4148000     8296.000000772618     375.7932097294473     320.19813377469467     1:32
4148500     8297.000000772821     355.7277253160345     303.5859633609109     1:32
4149000     8298.000000773025     343.3609506081201     232.9234874837301     1:32
4149500     8299.000000773229     312.77879357396375     324.80957076644944     1:32
4150000     8300.000000773432     331.07831144549164     298.770936910809     1:32
4150500     8301.000000773636     394.94893581154554     350.1084041364519     1:32
4151000     8302.00000077384     337.95575198049335     334.16811518523895     1:32
4151500     8303.000000774044     319.18007682298014     355.8599284322687     1:32
4152000     8304.000000774247     341.8521090553129     252.83843392503286     1:32
4152500     8305.000000774451     324.5656511942543     272.8906889026506     1:32
4153000     8306.000000774655     328.1989925829515     313.43782639658355     1:32
4153500     8307.000000774859     358.3731754680333     314.2880073890133     1:32
4154000     8308.000000775062     368.2279464924509     243.6618685553226     1:32
4154500     8309.000000775266     304.3059587839624     331.98570900083996     1:32
4155000     8310.00000077547     334.0917116738948     222.47330290253313     1:32
4155500     8311.000000775673     330.424028281642     353.26974045845657     1:32
4156000     8312.000000775877     377.3395654188746     273.78630634633953     1:32
4156500     8313.000000776081     345.7046245473747     345.7057019301269     1:32
4157000     8314.000000776285     365.0396116433619     337.69145615829285     1:31
4157500     8315.000000776488     370.43057853658024     328.8803630839426     1:31
4158000     8316.000000776692     365.35560262339925     355.9368157178237     1:31
4158500     8317.000000776896     344.1792680451065     306.27984738792145     1:31
4159000     8318.0000007771     324.6374260467669     358.67439138663565     1:31
4159500     8319.000000777303     315.00919196756456     314.2133430179941     1:31
4160000     8320.000000777507     324.38316496662117     296.46692878512994     1:31
4160500     8321.00000077771     368.5560961268178     324.869729064664     1:31
4161000     8322.000000777914     349.1154385352339     274.05595477675166     1:31
4161500     8323.000000778118     376.7834083629356     243.9047618886619     1:31
4162000     8324.000000778322     305.1458293265023     317.7670318648692     1:31
4162500     8325.000000778526     338.7726774602403     309.45236132437225     1:31
4163000     8326.00000077873     317.0553689365677     310.5979091966427     1:31
4163500     8327.000000778933     353.8875828523737     253.42079191311507     1:31
4164000     8328.000000779137     345.52083821999133     333.889453751979     1:31
4164500     8329.00000077934     342.224622622953     339.73669559989605     1:31
4165000     8330.000000779544     357.5526291428562     256.0353398988994     1:31
4165500     8331.000000779748     349.98432694013877     307.72394726293606     1:31
4166000     8332.000000779952     359.82917610322977     233.52948823332838     1:30
4166500     8333.000000780155     329.03851564685135     340.2299732787846     1:30
4167000     8334.00000078036     345.68998555538417     299.5884821981692     1:30
4167500     8335.000000780563     347.8121430979012     379.0168819074562     1:30
4168000     8336.000000780767     348.87827155458046     340.2537724257003     1:30
4168500     8337.00000078097     330.85054648787093     321.74594553398776     1:30
4169000     8338.000000781174     322.5613136548826     228.1405699758543     1:30
4169500     8339.000000781378     335.8446679715936     283.72374906884187     1:30
4170000     8340.000000781582     327.6827990339251     326.44917653717476     1:30
4170500     8341.000000781785     358.60393375785884     333.01621075890677     1:30
4171000     8342.000000781989     365.3075627608241     257.6357453641865     1:30
4171500     8343.000000782193     343.4379056370931     235.5209784857669     1:30
4172000     8344.000000782396     353.62829434686046     351.0072103762422     1:30
4172500     8345.0000007826     368.7886648291744     301.49390083980575     1:30
4173000     8346.000000782804     325.91931659277634     339.97627291379894     1:30
4173500     8347.000000783008     336.7438681259765     328.5347697491462     1:30
4174000     8348.000000783211     336.7940771745739     272.99229229856854     1:30
4174500     8349.000000783415     364.381013949337     251.17714391779444     1:30
4175000     8350.000000783619     343.06152990846397     323.7979356516984     1:30
4175500     8351.000000783823     350.17279040478206     345.61658897387156     1:29
4176000     8352.000000784026     354.5991390471771     259.59678260860875     1:29
4176500     8353.00000078423     319.8349987204514     243.42929954191717     1:29
4177000     8354.000000784434     357.0195778152     290.35595663843327     1:29
4177500     8355.000000784637     355.8871123656245     382.94338845289786     1:29
4178000     8356.000000784841     359.64945253286044     355.93981708394693     1:29
4178500     8357.000000785045     314.4377132680752     275.02430494135007     1:29
4179000     8358.000000785249     344.87672391773174     302.02619424391025     1:29
4179500     8359.000000785452     347.8472585041378     303.8040006617818     1:29
4180000     8360.000000785656     331.5565587833727     346.46819438408295     1:29
4180500     8361.00000078586     379.50417388550625     285.0779802856229     1:29
4181000     8362.000000786064     338.0977120253989     296.47069210977753     1:29
4181500     8363.000000786267     335.3639080380535     340.3281612705343     1:29
4182000     8364.000000786471     363.9879399924765     290.3579986984192     1:29
4182500     8365.000000786675     334.60796964475946     308.36630537567197     1:29
4183000     8366.000000786878     303.3845223455196     280.62683377125336     1:29
4183500     8367.000000787082     361.85092249154275     252.125470704597     1:29
4184000     8368.000000787286     318.74565192763237     298.2976451592416     1:29
4184500     8369.00000078749     338.7907240444837     320.9373077499788     1:28
4185000     8370.000000787693     329.2248990169122     396.66847180504715     1:28
4185500     8371.000000787897     378.9788808973011     241.98236674314887     1:28
4186000     8372.0000007881     337.79168171396884     325.7242166840672     1:28
4186500     8373.000000788305     320.12180574029685     329.95811022627026     1:28
4187000     8374.000000788508     331.72831346549094     281.4259042627861     1:28
4187500     8375.000000788712     376.3919946813535     209.8372519358981     1:28
4188000     8376.000000788916     329.1207731427784     312.20007275948444     1:28
4188500     8377.00000078912     300.22666377849987     313.5070794686865     1:28
4189000     8378.000000789323     335.864770831055     316.3115763181402     1:28
4189500     8379.000000789527     333.34408089486976     300.87081145237266     1:28
4190000     8380.00000078973     347.5399863104036     333.8632440546888     1:28
4190500     8381.000000789934     327.60553727305944     311.85760563110864     1:28
4191000     8382.000000790138     334.1358397348887     269.2075433719176     1:28
4191500     8383.000000790342     335.26081397433745     260.1417683087385     1:28
4192000     8384.000000790546     330.36094816483285     271.7350374267639     1:28
4192500     8385.00000079075     372.42474560529513     275.6577310149824     1:28
4193000     8386.000000790953     308.4759174156619     377.5178692387055     1:28
4193500     8387.000000791157     331.4162968303689     310.94758790272016     1:27
4194000     8388.00000079136     332.4571524122098     311.085842719447     1:27
4194500     8389.000000791564     301.97970734581247     360.9787948775966     1:27
4195000     8390.000000791768     360.6172629366116     198.04544888296957     1:27
4195500     8391.000000791972     307.1206693120764     298.2130797110248     1:27
4196000     8392.000000792175     306.79113292475756     243.85889578473387     1:27
4196500     8393.000000792379     348.00628331312873     276.1120261485323     1:27
4197000     8394.000000792583     346.3082490996885     369.83135364377847     1:27
4197500     8395.000000792787     326.38004276047343     323.42916658435905     1:27
4198000     8396.00000079299     320.75752102765694     313.8146416648874     1:27
4198500     8397.000000793194     335.4097502043727     311.6874500657942     1:27
4199000     8398.000000793398     318.2351992683251     298.0924569071154     1:27
4199500     8399.000000793601     348.2503232097773     236.02333526085005     1:27
4200000     8400.000000793805     350.2670606710225     327.3209003439545     1:27
4200500     8401.000000794009     314.5269578018541     294.6201173450116     1:27
4201000     8402.000000794213     324.81842287494544     300.96472143580206     1:27
4201500     8403.000000794416     347.39254665423437     359.02830164920516     1:27
4202000     8404.00000079462     343.4337297234284     338.7354295600712     1:27
4202500     8405.000000794824     312.2123084101487     304.02279904122406     1:27
4203000     8406.000000795028     338.2448968455993     305.9521836030608     1:26
4203500     8407.000000795231     305.6622956622506     271.0258112696276     1:26
4204000     8408.000000795435     356.82967255629603     316.7638657402194     1:26
4204500     8409.000000795639     339.6755920657172     242.7002838271089     1:26
4205000     8410.000000795842     328.4277327914151     308.29185137799135     1:26
4205500     8411.000000796046     343.35932163856364     296.74550314341275     1:26
4206000     8412.00000079625     314.77119195707337     310.04713988062366     1:26
4206500     8413.000000796454     330.0148051966901     344.82545730482457     1:26
4207000     8414.000000796657     348.88083719140695     247.76350495129768     1:26
4207500     8415.000000796861     315.551013750635     298.2407353566887     1:26
4208000     8416.000000797065     316.6155580691626     264.5558200513262     1:26
4208500     8417.000000797269     315.333653923469     257.34080505970195     1:26
4209000     8418.000000797472     316.6857889134425     243.58437523244746     1:26
4209500     8419.000000797676     333.0259804015876     263.7066463058191     1:26
4210000     8420.00000079788     325.1619768098059     309.895207224605     1:26
4210500     8421.000000798083     329.25098439939325     291.3148322083513     1:26
4211000     8422.000000798287     349.82768643249005     253.89742350591854     1:26
4211500     8423.00000079849     319.54405224007826     264.07304796923825     1:26
4212000     8424.000000798695     293.3341577988366     325.17654127454443     1:25
4212500     8425.000000798898     336.35126990203264     261.5942215690265     1:25
4213000     8426.000000799102     324.7362700911427     275.8219251654741     1:25
4213500     8427.000000799306     351.802660139629     282.66832489584687     1:25
4214000     8428.00000079951     314.60414195239775     284.83415342866675     1:25
4214500     8429.000000799713     331.04411701969786     330.4959379854635     1:25
4215000     8430.000000799917     346.7153656661559     233.53157433536308     1:25
4215500     8431.00000080012     305.8888386354819     303.90193107354276     1:25
4216000     8432.000000800324     355.03935923254585     269.6954625571399     1:25
4216500     8433.000000800528     326.0122209840439     295.94002887905856     1:25
4217000     8434.000000800732     335.0896638939422     357.9569734326501     1:25
4217500     8435.000000800936     338.1187715768691     259.78623063373675     1:25
4218000     8436.00000080114     310.1063086786329     264.0055690195212     1:25
4218500     8437.000000801343     345.73202939840314     285.68193407091036     1:25
4219000     8438.000000801547     327.6091623717633     312.1140302658412     1:25
4219500     8439.00000080175     319.05000763828696     333.57862942488225     1:25
4220000     8440.000000801954     301.92703507509077     266.4637617824575     1:25
4220500     8441.000000802158     302.79475532815945     229.33235850372287     1:25
4221000     8442.000000802362     337.9811786675708     293.4612483090568     1:24
4221500     8443.000000802565     350.0955989480565     260.43321624950005     1:24
4222000     8444.00000080277     383.4332253730404     369.4053837435759     1:24
4222500     8445.000000802973     329.8103799104572     339.74370291549207     1:24
4223000     8446.000000803177     349.3332356602233     300.2880964793875     1:24
4223500     8447.00000080338     331.13697228639694     298.6813692287759     1:24
4224000     8448.000000803584     337.73987428995906     273.384820103608     1:24
4224500     8449.000000803788     335.7281906894683     331.7871993494089     1:24
4225000     8450.000000803991     342.84168744025123     348.9727476941884     1:24
4225500     8451.000000804195     360.5946621489519     261.5981757808986     1:24
4226000     8452.000000804399     342.4060400407344     357.69751978795125     1:24
4226500     8453.000000804603     334.5431433882727     282.69531445749294     1:24
4227000     8454.000000804806     336.65543774007745     222.7464695059304     1:24
4227500     8455.00000080501     324.73867172422     296.9230445332587     1:24
4228000     8456.000000805214     345.874211619516     240.97151553730816     1:24
4228500     8457.000000805418     348.73558301707874     266.720295038905     1:24
4229000     8458.000000805621     341.1152983667397     356.3333700180263     1:24
4229500     8459.000000805825     293.3671282364795     321.4122418106131     1:24
4230000     8460.000000806029     345.64742232654044     222.28314900982656     1:24
4230500     8461.000000806232     369.1651246493177     244.22614049908455     1:23
4231000     8462.000000806436     352.2657469449895     289.70648051767137     1:23
4231500     8463.00000080664     384.499337506938     279.6782549142592     1:23
4232000     8464.000000806844     303.88605992378814     308.6649978641154     1:23
4232500     8465.000000807047     374.71394379134733     265.1439751290726     1:23
4233000     8466.000000807251     342.87554569984206     233.08284581646137     1:23
4233500     8467.000000807455     289.60893680779134     265.46660939350255     1:23
4234000     8468.000000807659     328.39539631268406     244.25620435800022     1:23
4234500     8469.000000807862     368.1573934044892     279.899037321194     1:23
4235000     8470.000000808066     342.99053555982687     302.2600286780944     1:23
4235500     8471.00000080827     317.19680028099253     232.81993718787572     1:23
4236000     8472.000000808473     323.39827712822876     310.31682103882713     1:23
4236500     8473.000000808677     314.95631665574433     318.595728426616     1:23
4237000     8474.000000808881     338.6053308804268     407.25011815995464     1:23
4237500     8475.000000809085     366.29633891214496     323.8359857052458     1:23
4238000     8476.000000809288     319.59689829077433     319.0549508284493     1:23
4238500     8477.000000809492     313.76823636827123     263.2434538797022     1:23
4239000     8478.000000809696     343.98018275367076     275.1976323576169     1:23
4239500     8479.0000008099     339.7999812200985     244.863850280549     1:22
4240000     8480.000000810103     325.36534823415263     314.59166620273425     1:22
4240500     8481.000000810307     342.1132384905758     239.84350004134777     1:22
4241000     8482.00000081051     344.35688724324973     292.65611264090995     1:22
4241500     8483.000000810714     330.09968423026316     288.85506365150707     1:22
4242000     8484.000000810918     375.967139813633     283.0734093146253     1:22
4242500     8485.000000811122     347.45648284007666     315.8579952542991     1:22
4243000     8486.000000811326     353.58859794517025     289.52957819970953     1:22
4243500     8487.00000081153     340.540327156452     284.72539243894965     1:22
4244000     8488.000000811733     328.62448805316785     255.92485152117834     1:22
4244500     8489.000000811937     339.8073552141203     258.4415039179269     1:22
4245000     8490.00000081214     338.9260326064176     367.9534501399058     1:22
4245500     8491.000000812344     356.6620251627256     290.6224346508438     1:22
4246000     8492.000000812548     319.8453369260624     312.41599293392443     1:22
4246500     8493.000000812752     322.902045314568     258.37266859743187     1:22
4247000     8494.000000812955     345.0872234690279     330.7833445202996     1:22
4247500     8495.00000081316     331.07821715330056     353.3176240427215     1:22
4248000     8496.000000813363     350.4201375183543     270.37556585605466     1:22
4248500     8497.000000813567     352.4602776005946     295.47089491324897     1:21
4249000     8498.00000081377     338.5289072678246     324.8671961564282     1:21
4249500     8499.000000813974     350.5247559442297     269.17002309041044     1:21
4250000     8500.000000814178     323.8555602737954     332.6912144585724     1:21
4250500     8501.000000814382     348.00096577984493     412.3406945377613     1:21
4251000     8502.000000814585     354.52177340589685     327.65930104022     1:21
4251500     8503.000000814789     321.7626749338946     316.4998401687875     1:21
4252000     8504.000000814993     337.7858656662579     336.6665565197648     1:21
4252500     8505.000000815196     331.7108787420666     287.17699222303463     1:21
4253000     8506.0000008154     318.0341349837238     356.7843176168065     1:21
4253500     8507.000000815604     336.24372088747737     276.0096301571961     1:21
4254000     8508.000000815808     321.63989296236684     242.38374810194725     1:21
4254500     8509.000000816011     334.15118102061945     205.58059026100915     1:21
4255000     8510.000000816215     321.77032817702195     261.4978405808404     1:21
4255500     8511.000000816419     338.88852416882105     302.3127941202268     1:21
4256000     8512.000000816623     323.3883736076077     353.90668915327666     1:21
4256500     8513.000000816826     328.26434241846755     253.3385854250039     1:21
4257000     8514.00000081703     299.5454397091477     232.84951168800313     1:21
4257500     8515.000000817234     317.24001847638954     295.3659573271689     1:21
4258000     8516.000000817437     318.3719627752106     324.1347596821761     1:20
4258500     8517.000000817641     320.0943473235915     305.55277310475265     1:20
4259000     8518.000000817845     348.12550806489674     247.8138006480555     1:20
4259500     8519.000000818049     339.14271952539275     382.14315203985336     1:20
4260000     8520.000000818252     327.0793179634884     337.6898725981947     1:20
4260500     8521.000000818456     317.855142176511     246.43288747373126     1:20
4261000     8522.00000081866     305.20739377852135     320.2189221706677     1:20
4261500     8523.000000818864     309.14728215820935     244.8138448996442     1:20
4262000     8524.000000819067     321.821575363437     277.51676900171765     1:20
4262500     8525.000000819271     322.10168996876314     276.61418633082445     1:20
4263000     8526.000000819475     333.4856249945989     198.1209874832072     1:20
4263500     8527.000000819678     328.082580048988     295.3145350080825     1:20
4264000     8528.000000819882     326.56651685482416     256.24482734280036     1:20
4264500     8529.000000820086     322.8351376727187     282.46022411248043     1:20
4265000     8530.00000082029     336.0241474699819     330.5715598825317     1:20
4265500     8531.000000820493     348.8800965226699     286.1063489731573     1:20
4266000     8532.000000820697     346.8778820712398     361.55840265750237     1:20
4266500     8533.0000008209     309.69672105287816     337.5667131644136     1:20
4267000     8534.000000821105     329.7273787096035     296.3294132580478     1:19
4267500     8535.000000821308     310.13855304658296     231.4224244115864     1:19
4268000     8536.000000821512     318.3164078659752     290.9480215368475     1:19
4268500     8537.000000821716     336.4288123472195     307.73666192914135     1:19
4269000     8538.00000082192     312.51193256919044     330.4578479546041     1:19
4269500     8539.000000822123     312.08251435829493     258.42936816388664     1:19
4270000     8540.000000822327     320.3859728546187     262.97137547940343     1:19
4270500     8541.00000082253     314.8846597161777     340.31557379385845     1:19
4271000     8542.000000822734     374.0644747745499     372.5211850353722     1:19
4271500     8543.000000822938     327.5885664586084     305.17156095375077     1:19
4272000     8544.000000823142     325.19081530541666     258.2701318297697     1:19
4272500     8545.000000823346     329.5466915538384     330.52044378707154     1:19
4273000     8546.00000082355     316.4992208448109     293.7985561683432     1:19
4273500     8547.000000823753     325.33154192748964     256.2836069822911     1:19
4274000     8548.000000823957     338.7632950033295     269.9446754123468     1:19
4274500     8549.00000082416     353.26631177640013     311.3986938445934     1:19
4275000     8550.000000824364     324.57822464281526     397.28247835043095     1:19
4275500     8551.000000824568     320.06363062116634     305.82286163273375     1:19
4276000     8552.000000824772     347.8229415672265     399.6677959531015     1:18
4276500     8553.000000824975     316.53567534432966     281.93197873413095     1:18
4277000     8554.000000825179     332.7282011749073     300.30084981357106     1:18
4277500     8555.000000825383     360.2457149812909     250.38912982517076     1:18
4278000     8556.000000825587     319.2260663041624     292.92903628041773     1:18
4278500     8557.00000082579     318.7878792487131     270.9024656006668     1:18
4279000     8558.000000825994     349.4924980392891     302.7605132685121     1:18
4279500     8559.000000826198     374.6152204093095     344.67960434464356     1:18
4280000     8560.000000826401     366.5549622316695     380.16619044029653     1:18
4280500     8561.000000826605     366.88651063496457     355.34749337038073     1:18
4281000     8562.000000826809     349.3088791035201     388.45944142443994     1:18
4281500     8563.000000827013     334.1115898549634     346.9286827072186     1:18
4282000     8564.000000827216     310.2179995893788     324.0594520655511     1:18
4282500     8565.00000082742     355.4362843790972     267.914382181482     1:18
4283000     8566.000000827624     332.4712770206032     289.1837239629002     1:18
4283500     8567.000000827828     365.92029764900394     286.2187124902482     1:18
4284000     8568.000000828031     328.21738814210516     295.79251655365846     1:18
4284500     8569.000000828235     344.00297292241476     302.3612633091429     1:18
4285000     8570.000000828439     368.5921921797185     305.3791208647531     1:17
4285500     8571.000000828642     335.32760254757807     296.41968209304906     1:17
4286000     8572.000000828846     316.475237579617     307.964802284667     1:17
4286500     8573.00000082905     328.7786509873695     341.4593028276019     1:17
4287000     8574.000000829254     305.3576115613248     297.8691420117388     1:17
4287500     8575.000000829457     340.90962128091064     241.84599206295584     1:17
4288000     8576.000000829661     340.5695105647401     269.44070600642635     1:17
4288500     8577.000000829865     314.1531445890158     357.70143344933103     1:17
4289000     8578.000000830069     367.1839601889335     348.6206166641902     1:17
4289500     8579.000000830272     359.4035075205802     344.04769498697704     1:17
4290000     8580.000000830476     354.41655461004154     305.2949781814541     1:17
4290500     8581.00000083068     311.32410705985103     332.18548221626816     1:17
4291000     8582.000000830883     327.88604100933674     309.29875799695     1:17
4291500     8583.000000831087     358.01475797010494     359.4489901686824     1:17
4292000     8584.00000083129     368.45923839307966     258.0398698753918     1:17
4292500     8585.000000831495     365.5600821187603     267.65739949512033     1:17
4293000     8586.000000831698     311.46012947106885     291.368643954905     1:17
4293500     8587.000000831902     372.3465788609975     211.70485343905634     1:17
4294000     8588.000000832106     343.10370423225515     289.3342585795433     1:17
4294500     8589.00000083231     346.949136304679     227.7756321106341     1:16
4295000     8590.000000832513     326.0189925261518     272.1586898497804     1:16
4295500     8591.000000832717     326.29278509574317     301.9263309993506     1:16
4296000     8592.00000083292     357.3375074928787     294.60774151720244     1:16
4296500     8593.000000833124     320.5187427397881     339.4709967616031     1:16
4297000     8594.000000833328     323.25164460358155     279.6165934465104     1:16
4297500     8595.000000833532     315.85885232500493     290.7557379158151     1:16
4298000     8596.000000833736     323.70098941810977     219.35823867224383     1:16
4298500     8597.00000083394     336.7047683898885     280.93539039501644     1:16
4299000     8598.000000834143     300.89603164316713     353.2984909270484     1:16
4299500     8599.000000834347     316.96423309299917     331.5134366384358     1:16
4300000     8600.00000083455     330.93129965264814     259.73602620485116     1:16
4300500     8601.000000834754     317.19845113176973     334.6168937403643     1:16
4301000     8602.000000834958     347.6546123858599     298.18521016413774     1:16
4301500     8603.000000835162     307.4821390600705     331.1194395861997     1:16
4302000     8604.000000835365     348.8847563899974     320.1160939367553     1:16
4302500     8605.00000083557     314.40052097377315     351.3128391866464     1:16
4303000     8606.000000835773     309.5182892971012     255.85355953754495     1:16
4303500     8607.000000835977     330.075964972836     280.204540839215     1:15
4304000     8608.00000083618     332.6970474515866     318.157463145679     1:15
4304500     8609.000000836384     315.6083153100735     315.5092167158698     1:15
4305000     8610.000000836588     327.71084610140974     231.04602442456383     1:15
4305500     8611.000000836792     306.3050557026585     285.8067590295813     1:15
4306000     8612.000000836995     326.90390202034473     261.44591421824623     1:15
4306500     8613.000000837199     312.9437103178011     252.4295637226242     1:15
4307000     8614.000000837403     309.4308604909893     278.2596279172167     1:15
4307500     8615.000000837606     347.6552774981184     378.2317025388569     1:15
4308000     8616.00000083781     350.07709112361897     284.4802219826427     1:15
4308500     8617.000000838014     311.5477950541548     398.25116501226626     1:15
4309000     8618.000000838218     347.2854785211098     246.12218330461334     1:15
4309500     8619.000000838421     337.5160826910561     272.86265368242016     1:15
4310000     8620.000000838625     305.8031333323311     263.6981819501031     1:15
4310500     8621.000000838829     322.25147115303025     285.5918849819575     1:15
4311000     8622.000000839033     356.729966153629     297.2988692813144     1:15
4311500     8623.000000839236     337.6688384921632     344.97720698310405     1:15
4312000     8624.00000083944     334.5461945438668     284.3298592232325     1:15
4312500     8625.000000839644     363.51810485524913     244.84773587172333     1:14
4313000     8626.000000839847     319.14183084996796     333.3578626472035     1:14
4313500     8627.000000840051     369.31676882519446     309.2193194129498     1:14
4314000     8628.000000840255     337.73369844464787     346.8851381144352     1:14
4314500     8629.000000840459     324.0517794000734     344.9920094547392     1:14
4315000     8630.000000840662     325.1672192487075     288.945124462402     1:14
4315500     8631.000000840866     336.3602771474517     283.64472254501084     1:14
4316000     8632.00000084107     322.02492224184573     339.0631525197495     1:14
4316500     8633.000000841274     344.2926670030462     328.0566413402303     1:14
4317000     8634.000000841477     321.1843199405133     351.78105976129484     1:14
4317500     8635.000000841681     350.8811379993384     296.7853802053255     1:14
4318000     8636.000000841885     347.546492491095     233.0104694603504     1:14
4318500     8637.000000842088     326.01703106671573     275.6178733927641     1:14
4319000     8638.000000842292     324.8391215949873     279.2196306543883     1:14
4319500     8639.000000842496     320.8954228139779     318.48469359004054     1:14
4320000     8640.0000008427     344.36007167500236     338.5270876615238     1:14
4320500     8641.000000842903     351.5964043685566     306.82367335850205     1:14
4321000     8642.000000843107     370.42187156480634     341.06317167981933     1:14
4321500     8643.00000084331     349.2291965260579     379.2595371837537     1:14
4322000     8644.000000843514     336.7060956441733     368.0526932194603     1:13
4322500     8645.000000843718     335.777187977931     366.7884955592517     1:13
4323000     8646.000000843922     365.32617618524137     360.6774310618966     1:13
4323500     8647.000000844126     351.1413202470086     372.5058341350797     1:13
4324000     8648.00000084433     351.15979795320493     293.81055811302446     1:13
4324500     8649.000000844533     319.92756647872864     254.50678884038408     1:13
4325000     8650.000000844737     332.07707681950467     308.1449026584187     1:13
4325500     8651.00000084494     351.33157574956533     360.0686542948597     1:13
4326000     8652.000000845144     354.54915348463066     268.088473978162     1:13
4326500     8653.000000845348     317.7857868064914     311.74200883589106     1:13
4327000     8654.000000845552     347.4279829166446     331.19348998039203     1:13
4327500     8655.000000845755     357.14989701292325     329.69224897611093     1:13
4328000     8656.00000084596     313.86462652228863     266.80116003470874     1:13
4328500     8657.000000846163     303.9128746893123     348.63542585253043     1:13
4329000     8658.000000846367     339.73652188134565     253.00756662981     1:13
4329500     8659.00000084657     321.14187318024904     292.7743657396003     1:13
4330000     8660.000000846774     339.49863397307024     310.541110130921     1:13
4330500     8661.000000846978     334.41721000655934     267.08690252200716     1:13
4331000     8662.000000847182     314.4276321496965     347.62716270133467     1:12
4331500     8663.000000847385     315.3445773181069     376.6240808135497     1:12
4332000     8664.000000847589     346.4132856598741     266.5277297199075     1:12
4332500     8665.000000847793     349.8673081006111     253.15115407443017     1:12
4333000     8666.000000847996     341.9900712670426     285.36727742762565     1:12
4333500     8667.0000008482     351.0370742800259     321.32868821746706     1:12
4334000     8668.000000848404     360.18927286016026     317.06529050678876     1:12
4334500     8669.000000848608     337.3619174652674     309.3066140877126     1:12
4335000     8670.000000848811     356.5489344488768     328.22257715172424     1:12
4335500     8671.000000849015     331.44739698258627     335.64774986920776     1:12
4336000     8672.000000849219     335.25186567621176     388.14326409329163     1:12
4336500     8673.000000849423     331.663705451492     332.5750959804233     1:12
4337000     8674.000000849626     352.95430066261554     283.008989832145     1:12
4337500     8675.00000084983     324.7661164904781     227.75314371014696     1:12
4338000     8676.000000850034     338.47069971398855     278.8574511914018     1:12
4338500     8677.000000850237     318.913496256145     313.60958117748925     1:12
4339000     8678.000000850441     330.0360824180225     296.3855904876611     1:12
4339500     8679.000000850645     333.57662871921355     340.68631996208825     1:12
4340000     8680.000000850849     339.40395486909756     310.1665214342052     1:11
4340500     8681.000000851052     355.37857346688145     253.67361532022082     1:11
4341000     8682.000000851256     340.93384351342195     339.27596315036425     1:11
4341500     8683.00000085146     345.3430205743888     316.6470944015658     1:11
4342000     8684.000000851664     332.20824067823446     294.16611958712076     1:11
4342500     8685.000000851867     356.9181081854987     353.3897174737769     1:11
4343000     8686.000000852071     333.30839232850974     286.23523659386484     1:11
4343500     8687.000000852275     330.0571549871444     312.4779184117768     1:11
4344000     8688.000000852478     350.4606314139943     296.1456773707961     1:11
4344500     8689.000000852682     343.7815792265343     380.87197460899796     1:11
4345000     8690.000000852886     363.4796083459005     296.57654208597137     1:11
4345500     8691.00000085309     333.2306807033294     227.97737832588763     1:11
4346000     8692.000000853293     342.68251955726794     288.7563561161611     1:11
4346500     8693.000000853497     345.8172907746383     237.2619978812727     1:11
4347000     8694.0000008537     337.47905410848796     283.55476287219426     1:11
4347500     8695.000000853905     344.8566701177971     279.790825034615     1:11
4348000     8696.000000854108     359.11079825527406     318.04097952742086     1:11
4348500     8697.000000854312     386.33059901157446     332.9934085139164     1:11
4349000     8698.000000854516     353.2226647305142     298.3925557299038     1:11
4349500     8699.00000085472     334.80817295495854     333.5584680559327     1:10
4350000     8700.000000854923     310.9763737971084     325.3365957227151     1:10
4350500     8701.000000855127     310.57535222347167     312.32652832748084     1:10
4351000     8702.00000085533     340.6559112406359     253.14720557216103     1:10
4351500     8703.000000855534     318.0910869699752     240.41041450803493     1:10
4352000     8704.000000855738     345.9420540087634     274.8886280154079     1:10
4352500     8705.000000855942     346.31044791213696     369.70521918595176     1:10
4353000     8706.000000856146     327.3059055988193     335.1225701662035     1:10
4353500     8707.00000085635     325.62796492587506     326.6932851082421     1:10
4354000     8708.000000856553     312.8456726330453     288.3759509223784     1:10
4354500     8709.000000856757     322.4763949995073     260.42580704970464     1:10
4355000     8710.00000085696     357.4890650503572     310.84768250114854     1:10
4355500     8711.000000857164     327.58016663265084     353.7795422813266     1:10
4356000     8712.000000857368     373.37742497107604     291.98884230132495     1:10
4356500     8713.000000857572     396.3332098301328     227.3781134869477     1:10
4357000     8714.000000857775     355.18798481091653     280.8613619272434     1:10
4357500     8715.00000085798     355.134523600913     254.93755188466542     1:10
4358000     8716.000000858183     309.12240448956686     314.67971881568593     1:10
4358500     8717.000000858387     362.58708158852824     395.06639339581744     1:09
4359000     8718.00000085859     362.12063148036646     371.59617197226635     1:09
4359500     8719.000000858794     346.4451496145906     360.3380716367106     1:09
4360000     8720.000000858998     324.55547059263006     373.7886272839284     1:09
4360500     8721.000000859201     324.0200873295395     320.3691274507919     1:09
4361000     8722.000000859405     336.3734657021397     237.01151112060322     1:09
4361500     8723.000000859609     359.1728097909711     283.3542068054139     1:09
4362000     8724.000000859813     327.051014811714     250.93039095087454     1:09
4362500     8725.000000860016     349.13463387841637     266.4497575573146     1:09
4363000     8726.00000086022     329.9043700494143     379.79332204352335     1:09
4363500     8727.000000860424     313.2534431930842     246.9864027111835     1:09
4364000     8728.000000860628     328.28240408515546     265.16734303042296     1:09
4364500     8729.000000860831     304.14966389432846     347.8536217412552     1:09
4365000     8730.000000861035     323.51483108309264     365.49561637355384     1:09
4365500     8731.000000861239     332.1598907656672     289.1386702427361     1:09
4366000     8732.000000861442     338.0021991873815     372.6502394192731     1:09
4366500     8733.000000861646     340.3906216936971     293.0278960193685     1:09
4367000     8734.00000086185     342.05656846421084     255.3443634654049     1:09
4367500     8735.000000862054     343.05164123007364     302.5130472087119     1:09
4368000     8736.000000862257     353.16708348596353     359.08203654922573     1:09
4368500     8737.000000862461     360.31396906386544     286.7830077325809     1:09
4369000     8738.000000862665     311.6831656677292     293.07524821296414     1:09
4369500     8739.000000862869     357.5658660333645     252.99109594498842     1:09
4370000     8740.000000863072     322.12084281211526     345.5664585548819     1:09
4370500     8741.000000863276     338.27426353899546     300.0130064507159     1:09
4371000     8742.00000086348     326.94264441090957     272.58455727582907     1:09
4371500     8743.000000863683     355.9658037047715     283.51955372656084     1:09
4372000     8744.000000863887     305.8248250162237     357.12947362306005     1:09
4372500     8745.00000086409     365.26066725661747     287.1384689243328     1:08
4373000     8746.000000864295     330.97821510952576     296.94676230067245     1:08
4373500     8747.000000864498     357.6384674271502     337.9781199966939     1:08
4374000     8748.000000864702     327.45323794641797     298.34817178310135     1:08
4374500     8749.000000864906     321.3321208392799     280.3957952705072     1:08
4375000     8750.00000086511     353.9069722161995     281.8383900061847     1:08
4375500     8751.000000865313     336.1484666710687     352.28745309852576     1:08
4376000     8752.000000865517     345.82836353910534     369.41805923169255     1:08
4376500     8753.00000086572     330.9076720689817     355.125492293195     1:08
4377000     8754.000000865924     344.0719116967558     301.7458164826054     1:08
4377500     8755.000000866128     365.2977932543821     285.6086633112468     1:08
4378000     8756.000000866332     375.83600306874484     347.41784981103615     1:08
4378500     8757.000000866536     358.75719496234956     327.1488088982979     1:08
4379000     8758.00000086674     330.34841325146385     293.45929439371565     1:08
4379500     8759.000000866943     354.7328055146437     319.2740575627801     1:08
4380000     8760.000000867147     315.5733160456622     381.4992574646845     1:08
4380500     8761.00000086735     328.83826041934515     277.0009044120129     1:08
4381000     8762.000000867554     356.26241849188307     281.4532482275008     1:08
4381500     8763.000000867758     341.8187945055266     288.941283023766     1:07
4382000     8764.000000867962     333.28697482168127     309.8322550192661     1:07
4382500     8765.000000868165     350.25058407331176     315.41117405359716     1:07
4383000     8766.00000086837     325.52694888260123     304.26226144457394     1:07
4383500     8767.000000868573     324.71251628971163     264.08510436605394     1:07
4384000     8768.000000868777     301.7068027727347     340.12189703777534     1:07
4384500     8769.00000086898     339.9963722002934     292.7648858369468     1:07
4385000     8770.000000869184     311.24449749428754     311.0397894373163     1:07
4385500     8771.000000869388     324.3878753356106     291.0206937670464     1:07
4386000     8772.000000869592     303.22820860596244     303.67293594867544     1:07
4386500     8773.000000869795     330.84930113404437     250.65212072935716     1:07
4387000     8774.000000869999     344.1895479356816     312.01697111648497     1:07
4387500     8775.000000870203     300.4468023949304     380.5290871537391     1:07
4388000     8776.000000870406     331.4714897771163     270.6475220155502     1:07
4388500     8777.00000087061     324.0458918703173     276.8919010477326     1:07
4389000     8778.000000870814     346.4748929470701     255.7354448619119     1:07
4389500     8779.000000871018     324.3622586240738     400.1709981449988     1:07
4390000     8780.000000871221     365.0475320574807     287.1082260716851     1:07
4390500     8781.000000871425     341.9711899673855     332.1410088775482     1:06
4391000     8782.000000871629     315.4392019400847     283.0800286436273     1:06
4391500     8783.000000871833     351.82613445026686     308.7718326771915     1:06
4392000     8784.000000872036     361.12643749556185     271.6285113883702     1:06
4392500     8785.00000087224     352.5768264107305     338.1560836993717     1:06
4393000     8786.000000872444     328.09986487176786     313.6840535391421     1:06
4393500     8787.000000872647     348.9208876529889     331.4626428802358     1:06
4394000     8788.000000872851     318.38356615240457     322.3144960511774     1:06
4394500     8789.000000873055     338.25728375891447     280.71907603394703     1:06
4395000     8790.000000873259     325.44146303453806     294.17792707027326     1:06
4395500     8791.000000873462     344.17002825779025     299.35198776511356     1:06
4396000     8792.000000873666     313.2722619361839     313.0147896136765     1:06
4396500     8793.00000087387     303.09577729597436     274.77227915104544     1:06
4397000     8794.000000874074     347.77718765247175     231.66048295091792     1:06
4397500     8795.000000874277     322.75969681832964     281.0762938075548     1:06
4398000     8796.000000874481     332.85975447785074     309.9641049531392     1:06
4398500     8797.000000874685     356.9112576764163     348.70276941058773     1:06
4399000     8798.000000874888     349.4755039768445     258.5706383452543     1:06
4399500     8799.000000875092     354.73637487618714     222.00599061693342     1:05
4400000     8800.000000875296     353.85164628235964     347.7808039232445     1:05
4400500     8801.0000008755     334.31217197852675     378.6259522987964     1:05
4401000     8802.000000875703     340.20907078313803     247.50588041595282     1:05
4401500     8803.000000875907     341.86678700785137     291.39719463381255     1:05
4402000     8804.00000087611     360.14330658899155     232.7523432710949     1:05
4402500     8805.000000876315     315.7927542578128     284.9700981024943     1:05
4403000     8806.000000876518     331.4999176318671     248.17114744981     1:05
4403500     8807.000000876722     312.93852418006816     358.2812206589088     1:05
4404000     8808.000000876926     362.29475502399816     357.66128079261296     1:05
4404500     8809.00000087713     356.60855440499165     309.7247724437614     1:05
4405000     8810.000000877333     334.62373139978274     300.55207076177277     1:05
4405500     8811.000000877537     323.8986285914027     312.2344353257971     1:05
4406000     8812.00000087774     347.8817401344354     376.363056858503     1:05
4406500     8813.000000877944     314.7771394306625     354.19808902761747     1:05
4407000     8814.000000878148     363.1825992621168     265.1180649548495     1:05
4407500     8815.000000878352     339.67577604792245     277.0611565745664     1:05
4408000     8816.000000878556     315.8481335558332     288.00393718596183     1:05
4408500     8817.00000087876     347.17063308424315     281.925532085804     1:04
4409000     8818.000000878963     347.7213015521676     350.7231286951868     1:04
4409500     8819.000000879167     371.1214565390044     337.0958217711052     1:04
4410000     8820.00000087937     338.9096342305828     335.3442229354077     1:04
4410500     8821.000000879574     355.27679523615484     353.8338802881817     1:04
4411000     8822.000000879778     348.529151116134     331.7107238011045     1:04
4411500     8823.000000879982     377.7719738417146     266.99060844733896     1:04
4412000     8824.000000880185     335.9910475348288     276.0718494989687     1:04
4412500     8825.000000880389     333.29515330493723     278.62790721404673     1:04
4413000     8826.000000880593     380.08826793638787     324.78853110758104     1:04
4413500     8827.000000880797     343.59282217660245     383.4513609504621     1:04
4414000     8828.000000881     360.3620151296759     267.4329300207449     1:04
4414500     8829.000000881204     372.5540077364975     330.6358750300402     1:04
4415000     8830.000000881408     318.2623098279902     323.59814640740245     1:04
4415500     8831.000000881611     327.68940955281437     292.34749179470924     1:04
4416000     8832.000000881815     317.50212774028626     215.26886849746145     1:04
4416500     8833.000000882019     320.2562854003952     269.7825135495195     1:04
4417000     8834.000000882223     344.8102010476716     264.96191738071514     1:04
4417500     8835.000000882426     316.75807252557377     306.4187122623039     1:04
4418000     8836.00000088263     326.13570664341466     320.39499058386053     1:03
4418500     8837.000000882834     330.09724464628266     292.7946516420746     1:03
4419000     8838.000000883038     333.92565642697707     326.145671238915     1:03
4419500     8839.000000883241     341.7673699967461     297.7985000994014     1:03
4420000     8840.000000883445     321.8257403190702     310.4430923737387     1:03
4420500     8841.000000883649     313.27516335300027     282.7943328987837     1:03
4421000     8842.000000883852     333.4855000047678     306.1676447972717     1:03
4421500     8843.000000884056     335.98274958095396     289.202746365961     1:03
4422000     8844.00000088426     332.2064350729896     287.6219754765065     1:03
4422500     8845.000000884464     345.2961396054924     287.3342247751189     1:03
4423000     8846.000000884667     338.01762100085693     316.22687697983486     1:03
4423500     8847.000000884871     321.4213198487083     272.0167374586517     1:03
4424000     8848.000000885075     324.5927166314739     261.6855580533629     1:03
4424500     8849.000000885278     341.33013239022875     259.0585205563068     1:03
4425000     8850.000000885482     320.4858850139973     278.5060953656417     1:03
4425500     8851.000000885686     349.801172346385     264.6741357962081     1:03
4426000     8852.00000088589     364.9977178769966     230.96378500683727     1:03
4426500     8853.000000886093     314.51727985013247     304.9271858699613     1:03
4427000     8854.000000886297     330.59002575591524     278.44286175700086     1:02
4427500     8855.0000008865     315.33963154709556     310.49832619691495     1:02
4428000     8856.000000886705     373.25034065995294     275.9722081963033     1:02
4428500     8857.000000886908     334.58280649168     346.7543414559869     1:02
4429000     8858.000000887112     301.8085664619705     354.63344180960604     1:02
4429500     8859.000000887316     310.07703163329404     312.7916986461431     1:02
4430000     8860.00000088752     310.4282385015946     253.19106979776203     1:02
4430500     8861.000000887723     313.8736155433802     312.7447271452194     1:02
4431000     8862.000000887927     335.40217210234664     211.09110443329652     1:02
4431500     8863.00000088813     327.8222711965773     326.11865124219895     1:02
4432000     8864.000000888334     311.75289918390297     306.5972412499855     1:02
4432500     8865.000000888538     357.994181829093     359.1015836141412     1:02
4433000     8866.000000888742     381.7617107686044     271.2964469951392     1:02
4433500     8867.000000888946     326.8744591320292     352.0384446911027     1:02
4434000     8868.00000088915     339.13587052878916     354.94155457379946     1:02
4434500     8869.000000889353     336.6985122290887     271.556742894069     1:02
4435000     8870.000000889557     306.5207965585631     337.47158207269854     1:02
4435500     8871.00000088976     345.1670667339032     258.19124328901944     1:02
4436000     8872.000000889964     351.80234814062703     257.95984156145647     1:01
4436500     8873.000000890168     299.5399990574808     294.6632309061632     1:01
4437000     8874.000000890372     312.82337418072143     189.4958438540806     1:01
4437500     8875.000000890575     325.83782272298595     247.63035185958114     1:01
4438000     8876.00000089078     338.3611232903893     278.83356810585514     1:01
4438500     8877.000000890983     325.03567622102287     258.1266141678403     1:01
4439000     8878.000000891187     316.7412952974713     343.15598990290266     1:01
4439500     8879.00000089139     310.6134559063539     297.02618932418983     1:01
4440000     8880.000000891594     331.73745589867565     258.9690957980078     1:01
4440500     8881.000000891798     336.6851884312224     274.16620966824155     1:01
4441000     8882.000000892001     326.96050104334074     273.6766156500033     1:01
4441500     8883.000000892205     329.04242245585726     307.1420225265503     1:01
4442000     8884.000000892409     353.67801039013193     258.8172374092107     1:01
4442500     8885.000000892613     354.3075422687235     291.96517975297695     1:01
4443000     8886.000000892816     340.4788671090854     304.8500686260599     1:01
4443500     8887.00000089302     343.8840966999153     258.9223585361191     1:01
4444000     8888.000000893224     316.64718836792576     268.983843775643     1:01
4444500     8889.000000893428     350.75698210152416     290.74805031182325     1:01
4445000     8890.000000893631     326.3164521575036     233.27255547824194     1:00
4445500     8891.000000893835     316.4283886414446     201.6478747958136     1:00
4446000     8892.000000894039     319.35393331909756     292.19207366725965     1:00
4446500     8893.000000894242     310.5447528577653     317.00739105586774     1:00
4447000     8894.000000894446     341.9214491947747     277.32573243143696     1:00
4447500     8895.00000089465     340.3617865181707     311.5455289937249     1:00
4448000     8896.000000894854     338.9038874213678     353.01985464914065     1:00
4448500     8897.000000895057     327.4323278392585     336.9826729404085     1:00
4449000     8898.000000895261     319.95842615321226     373.3429609205602     1:00
4449500     8899.000000895465     346.7782569262539     283.9654605956015     1:00
4450000     8900.000000895669     366.5624573179264     329.59981337403025     1:00
4450500     8901.000000895872     357.57119468497524     245.99164932422983     1:00
4451000     8902.000000896076     333.42430999429814     338.086335302561     1:00
4451500     8903.00000089628     335.05964978835186     298.4155566585825     1:00
4452000     8904.000000896483     331.03299424493514     314.4604160617445     1:00
4452500     8905.000000896687     309.63279757981707     372.5716843241797     1:00
4453000     8906.000000896891     383.39929161030966     278.89719209472344     1:00
4453500     8907.000000897095     344.36305077525765     342.3769712705785     1:00
4454000     8908.000000897298     324.4572717946851     241.46244540081636     0:59
4454500     8909.000000897502     316.90297646927627     278.2422865794992     0:59
4455000     8910.000000897706     338.07702998723346     294.7468689001175     0:59
4455500     8911.00000089791     313.1885188172571     300.5058469140833     0:59
4456000     8912.000000898113     322.49855269124305     267.4847799969646     0:59
4456500     8913.000000898317     299.97288472712626     294.55848542430687     0:59
4457000     8914.00000089852     345.35296525779734     346.4796854393841     0:59
4457500     8915.000000898724     370.2983228701627     400.6469904075835     0:59
4458000     8916.000000898928     363.3486554757254     311.5295366480973     0:59
4458500     8917.000000899132     316.17123175740846     258.937221593322     0:59
4459000     8918.000000899336     332.7003428136238     252.68808928538772     0:59
4459500     8919.00000089954     328.8856571534385     276.26567287620287     0:59
4460000     8920.000000899743     333.67331977322897     260.5567022588468     0:59
4460500     8921.000000899947     336.01068146227726     353.93919995951984     0:59
4461000     8922.00000090015     344.93921230169417     276.5981496646309     0:59
4461500     8923.000000900354     313.9572009749454     330.0814141257213     0:59
4462000     8924.000000900558     341.71614680268783     369.4776814690289     0:59
4462500     8925.000000900762     344.09930441606514     292.4463105936473     0:59
4463000     8926.000000900965     335.82478336794304     270.27176599262714     0:58
4463500     8927.00000090117     314.7159983314192     273.4416112336072     0:58
4464000     8928.000000901373     346.7200956497362     293.009136617291     0:58
4464500     8929.000000901577     358.5743435523967     254.65998261025575     0:58
4465000     8930.00000090178     338.9464584170257     304.23028269501947     0:58
4465500     8931.000000901984     336.5630478810575     316.73299361626454     0:58
4466000     8932.000000902188     329.34686191649246     339.51900184395873     0:58
4466500     8933.000000902392     331.3893162473013     284.9874506777761     0:58
4467000     8934.000000902595     343.6162921416749     314.9450938312936     0:58
4467500     8935.000000902799     327.6480424592271     342.5438356019661     0:58
4468000     8936.000000903003     353.64822079610985     368.852066987988     0:58
4468500     8937.000000903206     361.3632309144656     273.0269379756148     0:58
4469000     8938.00000090341     348.09237663328247     320.33637893212153     0:58
4469500     8939.000000903614     309.5142192661092     224.53925361102247     0:58
4470000     8940.000000903818     317.422920152458     272.4843912790172     0:58
4470500     8941.000000904021     339.5123706765926     331.3553163914311     0:58
4471000     8942.000000904225     343.0184598030447     322.15380366133746     0:58
4471500     8943.000000904429     358.2299797337014     247.82436642072116     0:58
4472000     8944.000000904633     331.0694886181436     360.6139255033931     0:58
4472500     8945.000000904836     349.87017472680725     272.7066496576744     0:57
4473000     8946.00000090504     322.53274636783976     290.9811029885417     0:57
4473500     8947.000000905244     340.66117733137446     318.35875139789675     0:57
4474000     8948.000000905447     323.92970427511295     320.7580176756529     0:57
4474500     8949.000000905651     304.26967426472663     284.2521586835473     0:57
4475000     8950.000000905855     353.06444025829205     244.49119963580242     0:57
4475500     8951.000000906059     323.94080786891516     302.74897219313317     0:57
4476000     8952.000000906262     334.15956471666107     339.20508319864456     0:57
4476500     8953.000000906466     322.4807686644491     352.645483734725     0:57
4477000     8954.00000090667     284.1211859700305     307.2041143478019     0:57
4477500     8955.000000906874     338.87348421373736     259.07573301724557     0:57
4478000     8956.000000907077     351.8956423600217     320.5785461534143     0:57
4478500     8957.000000907281     344.6025222435327     289.8487112590085     0:57
4479000     8958.000000907485     315.56115863733714     312.5178784718205     0:57
4479500     8959.000000907688     307.8956568203738     318.18714562168435     0:57
4480000     8960.000000907892     316.501389843736     284.6431952266728     0:57
4480500     8961.000000908096     318.8690552600136     312.82715572861116     0:57
4481000     8962.0000009083     381.0489471090606     225.5545095464811     0:57
4481500     8963.000000908503     313.8105179665697     230.6884099233617     0:56
4482000     8964.000000908707     353.2947022481218     262.19821341026073     0:56
4482500     8965.00000090891     345.2939214835567     297.9496707242391     0:56
4483000     8966.000000909115     337.26824189084994     400.48341379838394     0:56
4483500     8967.000000909318     340.8210704469252     326.88112590334487     0:56
4484000     8968.000000909522     343.8339227398036     363.3470812411981     0:56
4484500     8969.000000909726     368.2720363767943     304.204511726931     0:56
4485000     8970.00000090993     333.7082594057305     291.6103614203379     0:56
4485500     8971.000000910133     348.52518810380445     308.38483473060046     0:56
4486000     8972.000000910337     335.90370675506153     327.4205810103867     0:56
4486500     8973.00000091054     376.28426708059885     302.9812733456317     0:56
4487000     8974.000000910744     339.18641707752465     272.0572590497714     0:56
4487500     8975.000000910948     331.65090222667845     344.43644195711255     0:56
4488000     8976.000000911152     326.41552031509866     366.2255119634828     0:56
4488500     8977.000000911356     336.32912996005825     278.7821132365825     0:56
4489000     8978.00000091156     350.7955251041536     322.748850675895     0:56
4489500     8979.000000911763     338.82359637967795     279.2745651643944     0:56
4490000     8980.000000911967     305.5219175568135     294.51795755242205     0:56
4490500     8981.00000091217     342.30980131554395     301.3597628224043     0:55
4491000     8982.000000912374     335.4414263860825     306.37123768662815     0:55
4491500     8983.000000912578     313.24316141678503     272.711993515059     0:55
4492000     8984.000000912782     326.36823762230347     310.9217658852512     0:55
4492500     8985.000000912985     372.9522537025532     340.23687345001787     0:55
4493000     8986.000000913189     326.39007020306565     361.45713536324627     0:55
4493500     8987.000000913393     350.70697385571407     293.4439288329227     0:55
4494000     8988.000000913597     304.20185650947406     275.8564931402531     0:55
4494500     8989.0000009138     351.60247491713255     282.2951797498347     0:55
4495000     8990.000000914004     360.27469116498116     266.46359618177087     0:55
4495500     8991.000000914208     358.65681517675944     312.863378580042     0:55
4496000     8992.000000914411     363.69707981122883     363.1311002289102     0:55
4496500     8993.000000914615     351.17953442914916     381.774917564113     0:55
4497000     8994.000000914819     331.3137933083848     318.50264647083884     0:55
4497500     8995.000000915023     324.0363067169079     334.8388333903758     0:55
4498000     8996.000000915226     313.0645124442934     340.67800240462395     0:55
4498500     8997.00000091543     351.54698864437046     299.3933086441378     0:55
4499000     8998.000000915634     275.2982683840719     362.0421465063458     0:55
4499500     8999.000000915838     337.10407452027516     285.5709281436148     0:54
4500000     9000.000000916041     297.48174557346795     257.5886223014585     0:54
4500500     9001.000000916245     323.264892828798     282.92671876033114     0:54
4501000     9002.000000916449     303.6373823320812     297.41763908999104     0:54
4501500     9003.000000916652     363.9188516712703     254.81671547015932     0:54
4502000     9004.000000916856     333.5323582257813     312.6148348523599     0:54
4502500     9005.00000091706     345.10818423306114     301.33717285597174     0:54
4503000     9006.000000917264     344.3552346816101     352.5059576463397     0:54
4503500     9007.000000917467     325.2295918701054     320.49950811753826     0:54
4504000     9008.000000917671     359.5445551369527     237.6087841900792     0:54
4504500     9009.000000917875     324.9789697224119     278.2539089496139     0:54
4505000     9010.000000918079     344.06934206760445     253.4726660678585     0:54
4505500     9011.000000918282     337.78861812187336     258.37096821348854     0:54
4506000     9012.000000918486     298.3896762929604     256.5935069551431     0:54
4506500     9013.00000091869     297.58397884408157     272.8113705250671     0:54
4507000     9014.000000918893     353.5146434177982     265.088508287897     0:54
4507500     9015.000000919097     348.7348317600356     241.19637401648     0:54
4508000     9016.0000009193     334.8369252949657     339.30307064185143     0:54
4508500     9017.000000919505     349.08719541141306     291.01583613614036     0:53
4509000     9018.000000919708     300.84181720405604     318.608732080672     0:53
4509500     9019.000000919912     328.95252606619954     287.81278014689326     0:53
4510000     9020.000000920116     328.6478052015975     273.64078440185375     0:53
4510500     9021.00000092032     347.6400863814447     262.49055896761416     0:53
4511000     9022.000000920523     362.0131657495443     249.45357842939995     0:53
4511500     9023.000000920727     382.3520161999619     234.1283760568309     0:53
4512000     9024.00000092093     350.1689884942341     293.28143174838664     0:53
4512500     9025.000000921134     311.83048143606936     291.5958767398756     0:53
4513000     9026.000000921338     324.7128392938587     281.2224647758695     0:53
4513500     9027.000000921542     328.5979526576439     270.66356376771034     0:53
4514000     9028.000000921746     328.12671913957684     296.1178669422158     0:53
4514500     9029.00000092195     356.51766753062043     236.79999587760523     0:53
4515000     9030.000000922153     322.28100898382775     279.54831720291065     0:53
4515500     9031.000000922357     310.978718651177     315.7980103956182     0:53
4516000     9032.00000092256     320.4108996826718     205.27795477202076     0:53
4516500     9033.000000922764     341.0862485503309     271.4564399959533     0:53
4517000     9034.000000922968     323.42706585966823     314.7880149964947     0:53
4517500     9035.000000923172     321.5622213082112     366.3931530430626     0:53
4518000     9036.000000923375     338.751823803669     286.1606793349166     0:52
4518500     9037.00000092358     317.6102373142926     304.78876207804933     0:52
4519000     9038.000000923783     321.07453112044277     346.43250113516007     0:52
4519500     9039.000000923987     359.3923824762369     267.54035157676     0:52
4520000     9040.00000092419     310.0415371250126     213.4076529541321     0:52
4520500     9041.000000924394     306.6194578251925     316.83778798798386     0:52
4521000     9042.000000924598     310.59502806500166     322.957057772109     0:52
4521500     9043.000000924801     342.8552968205629     330.46647055704216     0:52
4522000     9044.000000925005     330.55694000095605     333.5318369338365     0:52
4522500     9045.000000925209     312.9942024859614     372.2747044340725     0:52
4523000     9046.000000925413     384.2591981862844     286.4100497017014     0:52
4523500     9047.000000925616     366.613451521996     366.4029936295497     0:52
4524000     9048.00000092582     333.61103771289606     369.3143703392122     0:52
4524500     9049.000000926024     328.20500814151535     320.3996460354852     0:52
4525000     9050.000000926228     306.69359817565874     294.1514494959302     0:52
4525500     9051.000000926431     344.1876719774534     295.5670596590526     0:52
4526000     9052.000000926635     343.3703328713111     317.95174138373085     0:52
4526500     9053.000000926839     317.7434119226956     409.0101976108199     0:52
4527000     9054.000000927042     377.0046933608103     411.7114885852692     0:51
4527500     9055.000000927246     341.6764552927359     258.81672908703274     0:51
4528000     9056.00000092745     307.8490251212064     278.3103778230826     0:51
4528500     9057.000000927654     352.5817301405241     295.7736958132093     0:51
4529000     9058.000000927857     344.16951601414144     221.4366690369356     0:51
4529500     9059.000000928061     347.6786887079637     290.92626797780247     0:51
4530000     9060.000000928265     351.38870548083025     287.14177242916315     0:51
4530500     9061.000000928469     372.0679521894598     261.72214895116946     0:51
4531000     9062.000000928672     363.57179727322955     375.2742514927766     0:51
4531500     9063.000000928876     381.53566437712936     357.04874431761573     0:51
4532000     9064.00000092908     307.82210780349646     384.0594832504749     0:51
4532500     9065.000000929283     337.4594324914616     373.36537519510256     0:51
4533000     9066.000000929487     338.1994329404895     269.90797151727935     0:51
4533500     9067.000000929691     347.30376625788676     290.37337108893865     0:51
4534000     9068.000000929895     325.59695119682203     375.20824628664417     0:51
4534500     9069.000000930098     345.2506116658644     304.9704413941644     0:51
4535000     9070.000000930302     345.99544119399854     258.5117031291648     0:51
4535500     9071.000000930506     330.30679279051435     306.292669093541     0:51
4536000     9072.00000093071     314.38372179925784     228.2145009101268     0:50
4536500     9073.000000930913     321.1573021527047     370.463428529475     0:50
4537000     9074.000000931117     356.2215515661792     352.8288540802377     0:50
4537500     9075.00000093132     342.07765470305696     395.1044802297835     0:50
4538000     9076.000000931524     350.14510146391785     348.61443995959456     0:50
4538500     9077.000000931728     363.5615958821787     296.8122994191735     0:50
4539000     9078.000000931932     343.9228093468397     241.00155951251634     0:50
4539500     9079.000000932136     349.174223302182     366.8348189627188     0:50
4540000     9080.00000093234     312.1479093136918     326.9530465729956     0:50
4540500     9081.000000932543     328.177638605354     281.212916026989     0:50
4541000     9082.000000932747     322.3015370189115     266.820573346776     0:50
4541500     9083.00000093295     330.96383213544414     254.34231801331003     0:50
4542000     9084.000000933154     324.00219221127884     313.7280487485651     0:50
4542500     9085.000000933358     356.8116970536122     304.4989727275025     0:50
4543000     9086.000000933562     329.82358595693063     332.6455767725685     0:50
4543500     9087.000000933765     318.222616776133     339.87301058052896     0:50
4544000     9088.00000093397     344.9344538086532     322.2204618490689     0:50
4544500     9089.000000934173     353.1277624676277     327.5945170311759     0:50
4545000     9090.000000934377     361.3410706170139     300.11050094266614     0:49
4545500     9091.00000093458     288.0449320252561     277.39159052396764     0:49
4546000     9092.000000934784     309.04610305466497     287.40518153300695     0:49
4546500     9093.000000934988     314.267471610259     314.97175304730047     0:49
4547000     9094.000000935192     382.0882098078622     275.6986467281478     0:49
4547500     9095.000000935395     346.3142243743149     335.6830979263127     0:49
4548000     9096.000000935599     363.07181001351466     225.4407539761165     0:49
4548500     9097.000000935803     371.3172644562736     231.52983628811907     0:49
4549000     9098.000000936006     379.5742032686509     239.00036634182604     0:49
4549500     9099.00000093621     316.0389249613544     319.96909280750793     0:49
4550000     9100.000000936414     321.4519524613852     330.58613424452886     0:49
4550500     9101.000000936618     348.78136503459064     242.06260215279988     0:49
4551000     9102.000000936821     315.74274285590036     257.33969764295193     0:49
4551500     9103.000000937025     287.5456659997892     350.05348821040616     0:49
4552000     9104.000000937229     343.87487641991413     268.84636563445173     0:49
4552500     9105.000000937433     328.7769910984704     258.59452265789133     0:49
4553000     9106.000000937636     333.55530754025506     265.7249411365378     0:49
4553500     9107.00000093784     339.232975257533     304.64055634972533     0:49
4554000     9108.000000938044     332.1537443090474     285.6292358361936     0:48
4554500     9109.000000938247     326.92378957960034     263.86483483444806     0:48
4555000     9110.000000938451     360.77403186783624     230.34417861849025     0:48
4555500     9111.000000938655     327.4742829234847     298.1886971189756     0:48
4556000     9112.000000938859     344.0323137201061     307.16797204839423     0:48
4556500     9113.000000939062     323.3469454357007     305.1032041419819     0:48
4557000     9114.000000939266     353.3187607424319     276.4631393878139     0:48
4557500     9115.00000093947     373.21468464221266     328.0435172456418     0:48
4558000     9116.000000939674     374.900966210394     416.5680886102416     0:48
4558500     9117.000000939877     382.07531175056454     336.6140022421213     0:48
4559000     9118.000000940081     334.6555874909242     348.8325460340358     0:48
4559500     9119.000000940285     314.96716948839116     329.1324138035564     0:48
4560000     9120.000000940488     359.22448344830036     328.0837689172491     0:48
4560500     9121.000000940692     334.51868427445345     300.0513222339081     0:48
4561000     9122.000000940896     351.9582122857888     326.7938878059239     0:48
4561500     9123.0000009411     336.5283234586194     347.33962373761625     0:48
4562000     9124.000000941303     341.6122602303386     325.0783244300256     0:48
4562500     9125.000000941507     358.7980662606532     381.40364389234554     0:48
4563000     9126.00000094171     315.56580923380454     322.0134137396915     0:47
4563500     9127.000000941915     318.5497225362054     296.3114587949488     0:47
4564000     9128.000000942118     356.0004441438333     329.82303869181123     0:47
4564500     9129.000000942322     337.5994175817335     366.35689084401093     0:47
4565000     9130.000000942526     309.51832629889054     218.65519241457827     0:47
4565500     9131.00000094273     335.0015351444898     278.4456941782126     0:47
4566000     9132.000000942933     324.5815076738281     279.6854036136715     0:47
4566500     9133.000000943137     326.1461170746436     309.24673724527435     0:47
4567000     9134.00000094334     333.1347617027981     285.29434403707893     0:47
4567500     9135.000000943544     350.354599569327     288.71561487586854     0:47
4568000     9136.000000943748     324.14520295578075     229.007630589038     0:47
4568500     9137.000000943952     322.9794329546004     271.67376573780683     0:47
4569000     9138.000000944156     337.93785563991537     370.53007957263435     0:47
4569500     9139.00000094436     331.2044784394602     301.0198928226837     0:47
4570000     9140.000000944563     318.55599199091273     373.0247682872613     0:47
4570500     9141.000000944767     370.28072334038313     247.2588609120919     0:47
4571000     9142.00000094497     359.7377391137828     271.10231528319895     0:47
4571500     9143.000000945174     347.44982328900744     350.9561409102154     0:47
4572000     9144.000000945378     349.48794065088134     344.92834850784703     0:47
4572500     9145.000000945582     388.5303075298193     291.84871951401925     0:46
4573000     9146.000000945785     408.22146227278586     240.08564777047178     0:46
4573500     9147.000000945989     325.64735657262327     360.3347506942805     0:46
4574000     9148.000000946193     325.4236448653987     308.57122859242827     0:46
4574500     9149.000000946397     343.03394849185406     312.7103765026729     0:46
4575000     9150.0000009466     351.5031809647427     303.0057800998494     0:46
4575500     9151.000000946804     352.22538008893594     304.88111418147537     0:46
4576000     9152.000000947008     330.3519955170203     344.61984013618286     0:46
4576500     9153.000000947211     339.5178947379321     343.183235086844     0:46
4577000     9154.000000947415     347.5909239732955     313.14920864284136     0:46
4577500     9155.000000947619     361.01825329357257     377.6875249907448     0:46
4578000     9156.000000947823     367.7872202480629     388.76784957834354     0:46
4578500     9157.000000948026     325.6074740688532     348.0044459673671     0:46
4579000     9158.00000094823     315.5751911452139     316.11071593295276     0:46
4579500     9159.000000948434     345.53337447736305     252.79960659047768     0:46
4580000     9160.000000948638     328.1289925177748     271.77811905127453     0:46
4580500     9161.000000948841     365.23811644326065     268.5959831764621     0:46
4581000     9162.000000949045     333.3661021428519     285.88641440492546     0:46
4581500     9163.000000949249     337.5344742163918     237.16411672669454     0:45
4582000     9164.000000949452     325.653860058899     331.32850081827996     0:45
4582500     9165.000000949656     315.2839873707834     258.8263171835342     0:45
4583000     9166.00000094986     329.0757014404378     376.542588031864     0:45
4583500     9167.000000950064     333.3325048281655     336.04168425078115     0:45
4584000     9168.000000950267     333.69270965285807     281.97233838161617     0:45
4584500     9169.000000950471     360.2114952858291     341.77314632977794     0:45
4585000     9170.000000950675     326.65196502138235     349.5686339820354     0:45
4585500     9171.000000950879     356.29966536454674     241.49285683711045     0:45
4586000     9172.000000951082     355.39896778243406     252.79941690814283     0:45
4586500     9173.000000951286     319.0557872715168     305.0301159442999     0:45
4587000     9174.00000095149     337.11656415390655     318.18945758907324     0:45
4587500     9175.000000951693     345.0808900242995     358.26136769328554     0:45
4588000     9176.000000951897     340.57520538639324     295.94550476167746     0:45
4588500     9177.0000009521     350.4643906606642     277.0482541070266     0:45
4589000     9178.000000952305     298.8955364049207     368.3990644972474     0:45
4589500     9179.000000952508     313.70099663551593     282.8855391177917     0:45
4590000     9180.000000952712     335.6720500914472     282.664907675262     0:45
4590500     9181.000000952916     356.4300641504593     291.31708738244663     0:44
4591000     9182.00000095312     324.24368492503106     333.70988176979085     0:44
4591500     9183.000000953323     338.7730829721926     243.85091851879906     0:44
4592000     9184.000000953527     298.6674167680434     321.9228152694717     0:44
4592500     9185.00000095373     302.015715419829     361.20272180043173     0:44
4593000     9186.000000953934     342.60458221271506     283.34270987299584     0:44
4593500     9187.000000954138     316.31711596788705     269.24724445938654     0:44
4594000     9188.000000954342     339.81406769587545     280.6241566556823     0:44
4594500     9189.000000954546     330.6784609582336     219.81076811965403     0:44
4595000     9190.00000095475     326.2304460770148     277.39616279985626     0:44
4595500     9191.000000954953     312.0402451509091     235.7826463645483     0:44
4596000     9192.000000955157     334.7625707208108     288.19339104481463     0:44
4596500     9193.00000095536     318.50287502058256     315.44769709007807     0:44
4597000     9194.000000955564     344.0560227974572     249.07362280277167     0:44
4597500     9195.000000955768     339.22696640356787     268.42210195494465     0:44
4598000     9196.000000955972     323.5536107141835     315.086723792323     0:44
4598500     9197.000000956175     317.85106158852045     358.9038584448009     0:44
4599000     9198.00000095638     351.25548715168895     342.03254612579644     0:44
4599500     9199.000000956583     383.3244229326152     277.02541998997896     0:43
4600000     9200.000000956787     335.55751884108156     377.0706490560342     0:43
4600500     9201.00000095699     339.66816127307777     388.72482561093346     0:43
4601000     9202.000000957194     367.38057556721526     435.1704462598972     0:43
4601500     9203.000000957398     338.64860032805655     309.64965353264273     0:43
4602000     9204.000000957602     347.5612147954539     283.85043232668215     0:43
4602500     9205.000000957805     339.4412271291262     251.52552042267456     0:43
4603000     9206.000000958009     326.5333787446731     348.9585177086398     0:43
4603500     9207.000000958213     341.0753377804757     319.7414362565721     0:43
4604000     9208.000000958416     334.0356248604245     233.07042130061336     0:43
4604500     9209.00000095862     314.21627024642623     325.9693646733185     0:43
4605000     9210.000000958824     350.12651197066873     262.98470191473245     0:43
4605500     9211.000000959028     337.3625768616794     270.8258729136716     0:43
4606000     9212.000000959231     353.29711404624516     332.13839036361446     0:43
4606500     9213.000000959435     348.5903611412182     392.59138779167574     0:43
4607000     9214.000000959639     326.43226641118497     265.11336965508025     0:43
4607500     9215.000000959843     328.04497863216227     369.5820194115753     0:43
4608000     9216.000000960046     314.3278363617277     283.9562168150015     0:43
4608500     9217.00000096025     314.21851401878905     302.7653824760468     0:42
4609000     9218.000000960454     339.5573575970403     223.11206673846323     0:42
4609500     9219.000000960657     321.3035520269235     228.7895093132077     0:42
4610000     9220.000000960861     322.1959972731323     300.39561096176413     0:42
4610500     9221.000000961065     351.4497453310536     275.6566455566913     0:42
4611000     9222.000000961269     308.7125839144893     375.84794460031446     0:42
4611500     9223.000000961472     328.7466516701088     285.6604799138381     0:42
4612000     9224.000000961676     321.2361632184942     333.50401379033974     0:42
4612500     9225.00000096188     359.5789913397995     326.1707090164821     0:42
4613000     9226.000000962084     380.90525608176233     337.42078828220673     0:42
4613500     9227.000000962287     343.6572139507608     343.2388081843564     0:42
4614000     9228.000000962491     335.96815329126605     300.4079558297608     0:42
4614500     9229.000000962695     332.90740124725005     261.57081569245895     0:42
4615000     9230.000000962898     315.7285828914314     335.4825852597806     0:42
4615500     9231.000000963102     335.4886085258232     308.2784504211424     0:42
4616000     9232.000000963306     356.9233678807029     223.5236206843453     0:42
4616500     9233.00000096351     316.7997577475429     254.01378346253196     0:42
4617000     9234.000000963713     317.3769836474671     369.72625871565276     0:42
4617500     9235.000000963917     358.8830935581599     300.0498219706405     0:42
4618000     9236.00000096412     354.35341283876437     192.56033849620192     0:41
4618500     9237.000000964324     322.2859606699303     288.09774637037725     0:41
4619000     9238.000000964528     349.0703318025106     324.5831743727205     0:41
4619500     9239.000000964732     332.7355168631731     259.1653518414982     0:41
4620000     9240.000000964936     377.2912649699464     278.2711645282472     0:41
4620500     9241.00000096514     387.7063440909742     267.58791011124924     0:41
4621000     9242.000000965343     323.3198861658974     418.1025283300386     0:41
4621500     9243.000000965547     322.8911745624258     328.3796178982845     0:41
4622000     9244.00000096575     378.7792472479863     281.357909636422     0:41
4622500     9245.000000965954     342.3193913522639     279.40691519409637     0:41
4623000     9246.000000966158     316.79441221343006     291.9192599492138     0:41
4623500     9247.000000966362     333.2730030167885     290.57891036559846     0:41
4624000     9248.000000966565     335.01934419933514     241.52550477070037     0:41
4624500     9249.00000096677     328.81446147015356     312.11373226049113     0:41
4625000     9250.000000966973     360.6738023857258     308.68190842853596     0:41
4625500     9251.000000967177     361.3662568465986     349.33555736494577     0:41
4626000     9252.00000096738     320.83488954769496     380.6306518075084     0:41
4626500     9253.000000967584     353.2451407751265     325.33459338574283     0:41
4627000     9254.000000967788     333.41810260949535     338.44506229033385     0:40
4627500     9255.000000967992     352.01382699854526     322.7868817256879     0:40
4628000     9256.000000968195     336.77925296780666     334.5060949178665     0:40
4628500     9257.000000968399     354.4522452497846     379.66620374178876     0:40
4629000     9258.000000968603     351.1659519035924     291.9099784799869     0:40
4629500     9259.000000968806     323.21319078232807     296.41384727842956     0:40
4630000     9260.00000096901     358.38907438548983     241.80779148094342     0:40
4630500     9261.000000969214     371.92319406348815     260.16082124374475     0:40
4631000     9262.000000969418     375.2377096438813     281.9502226290935     0:40
4631500     9263.000000969621     320.01791615552065     285.0604464077418     0:40
4632000     9264.000000969825     332.62223548179384     270.6079542288437     0:40
4632500     9265.000000970029     335.78680848100385     235.75518372727998     0:40
4633000     9266.000000970233     342.33008935528676     283.9727813722349     0:40
4633500     9267.000000970436     338.6404523013472     282.15133754672627     0:40
4634000     9268.00000097064     335.2408295972433     288.4487924748999     0:40
4634500     9269.000000970844     296.3416985824963     284.6056964919034     0:40
4635000     9270.000000971047     342.3170706194778     221.22855862050628     0:40
4635500     9271.000000971251     315.6092350658756     317.1898487993513     0:40
4636000     9272.000000971455     341.0697668883769     406.9034584836432     0:40
4636500     9273.000000971659     355.6220965832814     355.6149332964956     0:39
4637000     9274.000000971862     374.6299042269268     258.5505523454858     0:39
4637500     9275.000000972066     361.1526394200165     372.0349499670731     0:39
4638000     9276.00000097227     356.43454354650305     411.683609815022     0:39
4638500     9277.000000972474     332.1569803865797     349.48604249432657     0:39
4639000     9278.000000972677     332.6873578676755     307.0805788754119     0:39
4639500     9279.000000972881     353.38313673664413     271.76429480476514     0:39
4640000     9280.000000973085     335.36621267725684     308.16645947128643     0:39
4640500     9281.000000973288     335.6322494603903     306.5521168752506     0:39
4641000     9282.000000973492     325.03548655539885     315.20116064002144     0:39
4641500     9283.000000973696     338.0364439270346     260.33853418405096     0:39
4642000     9284.0000009739     343.85103177128644     363.0247880634845     0:39
4642500     9285.000000974103     305.55290534321966     243.66517154348335     0:39
4643000     9286.000000974307     343.0072184134775     321.66167298900865     0:39
4643500     9287.00000097451     361.284864689713     315.9012628475816     0:39
4644000     9288.000000974715     348.90119622641237     405.24315825394035     0:39
4644500     9289.000000974918     333.79504886271843     344.47057496065395     0:39
4645000     9290.000000975122     308.59629205003364     418.7159944067064     0:39
4645500     9291.000000975326     338.6115248188123     267.45402778879975     0:38
4646000     9292.00000097553     293.2985628062148     349.7562977128444     0:38
4646500     9293.000000975733     309.9127341922847     321.08388335335513     0:38
4647000     9294.000000975937     354.2937266583958     297.1155843174748     0:38
4647500     9295.00000097614     326.7918099838316     379.6590132829579     0:38
4648000     9296.000000976344     353.792017705607     403.67911820860786     0:38
4648500     9297.000000976548     342.7870629759568     395.13492941121535     0:38
4649000     9298.000000976752     337.17072934150576     303.8928224989244     0:38
4649500     9299.000000976956     335.9510360085927     258.0593624962459     0:38
4650000     9300.00000097716     340.30027948229724     276.0905890738494     0:38
4650500     9301.000000977363     396.92010385683545     331.19997718526605     0:38
4651000     9302.000000977567     321.0931481047095     245.87072417978916     0:38
4651500     9303.00000097777     356.7858029940994     229.5783919436111     0:38
4652000     9304.000000977974     340.4613272028695     263.3126818448908     0:38
4652500     9305.000000978178     344.14705893176733     272.94688432872215     0:38
4653000     9306.000000978382     353.240548311093     301.9927080622972     0:38
4653500     9307.000000978585     339.6474277858928     277.9713877601652     0:38
4654000     9308.00000097879     352.89599466130835     260.2212959052269     0:38
4654500     9309.000000978993     349.1307702512719     320.0648506759846     0:37
4655000     9310.000000979197     328.96856494455744     249.934718876896     0:37
4655500     9311.0000009794     324.87659121870695     354.14520593819765     0:37
4656000     9312.000000979604     329.5260603752255     291.603782850716     0:37
4656500     9313.000000979808     333.36580004638256     298.1608554238103     0:37
4657000     9314.000000980011     366.4417196319647     253.61684899036345     0:37
4657500     9315.000000980215     326.43788874229494     289.10135718611195     0:37
4658000     9316.000000980419     301.45622621022846     332.58002838311114     0:37
4658500     9317.000000980623     348.5363643283082     281.1810391501525     0:37
4659000     9318.000000980826     337.2235899572688     240.73111017960716     0:37
4659500     9319.00000098103     342.0580275758947     255.33490701470845     0:37
4660000     9320.000000981234     300.5440885385369     281.180079993365     0:37
4660500     9321.000000981438     328.3771765707337     280.48155797140447     0:37
4661000     9322.000000981641     317.023803346858     302.399550191128     0:37
4661500     9323.000000981845     334.0219883496319     274.400912075098     0:37
4662000     9324.000000982049     299.1590639476111     273.5667235251714     0:37
4662500     9325.000000982252     304.52995251369884     280.16263221620443     0:37
4663000     9326.000000982456     372.99500855422787     302.42085270566633     0:37
4663500     9327.00000098266     359.42356409732633     300.3762013551868     0:36
4664000     9328.000000982864     313.27659711466276     292.87063163962824     0:36
4664500     9329.000000983067     303.8758601465918     312.8593355756699     0:36
4665000     9330.000000983271     351.84624933639884     195.13912321524754     0:36
4665500     9331.000000983475     351.26317586379014     313.62649631726157     0:36
4666000     9332.000000983679     344.21660649667285     330.09379317464266     0:36
4666500     9333.000000983882     355.3152196339587     278.72566065435285     0:36
4667000     9334.000000984086     312.2328129902596     300.41780721787217     0:36
4667500     9335.00000098429     328.50597285741617     226.6450457150748     0:36
4668000     9336.000000984493     289.7058148215143     318.8186209849418     0:36
4668500     9337.000000984697     322.9874944556765     281.7193751265752     0:36
4669000     9338.0000009849     329.4068931376727     325.21420012845863     0:36
4669500     9339.000000985105     329.048229775134     248.8695111286775     0:36
4670000     9340.000000985308     334.1964555802109     290.49597740367113     0:36
4670500     9341.000000985512     347.88428049009235     372.7056819769764     0:36
4671000     9342.000000985716     363.03562705487013     338.7257579245504     0:36
4671500     9343.00000098592     316.80904156871577     362.97677974790724     0:36
4672000     9344.000000986123     338.9040979006172     271.9019937253441     0:36
4672500     9345.000000986327     337.8986120654299     320.15952146350463     0:35
4673000     9346.00000098653     350.45706623880096     364.61081845189847     0:35
4673500     9347.000000986734     303.74658794304867     386.2732083731029     0:35
4674000     9348.000000986938     331.9747143553084     321.28509712441775     0:35
4674500     9349.000000987142     366.2046395114859     380.65590548839356     0:35
4675000     9350.000000987346     369.46927221456883     311.6293724122915     0:35
4675500     9351.00000098755     353.2839388316369     342.96593214303755     0:35
4676000     9352.000000987753     352.47748905862477     284.6389174847603     0:35
4676500     9353.000000987957     321.68537378025985     278.75078920431406     0:35
4677000     9354.00000098816     318.58359724629406     275.5801264628253     0:35
4677500     9355.000000988364     345.7801891430912     311.98268710010075     0:35
4678000     9356.000000988568     315.50429314821895     334.968006301517     0:35
4678500     9357.000000988772     318.1832591062024     300.6593102240381     0:35
4679000     9358.000000988975     319.4219460020554     268.7450621248843     0:35
4679500     9359.00000098918     334.8389331965542     288.67545816652313     0:35
4680000     9360.000000989383     325.04277611195323     266.5143444568982     0:35
4680500     9361.000000989587     308.7678144707453     317.5272094235228     0:35
4681000     9362.00000098979     323.7629662140763     320.37836515648735     0:35
4681500     9363.000000989994     343.71106762296165     331.35424738583816     0:34
4682000     9364.000000990198     325.444129458397     300.5959876836386     0:34
4682500     9365.000000990402     340.0898754557222     236.1637521557785     0:34
4683000     9366.000000990605     320.10681799062183     308.74966780876304     0:34
4683500     9367.000000990809     346.73074628974905     248.04636183875994     0:34
4684000     9368.000000991013     340.77318410266366     319.59545877901235     0:34
4684500     9369.000000991216     377.63816875759073     267.7358511412496     0:34
4685000     9370.00000099142     383.59561064954096     298.46304140619145     0:34
4685500     9371.000000991624     338.5577964570931     263.2241640839664     0:34
4686000     9372.000000991828     329.59917610553987     288.9084256129364     0:34
4686500     9373.000000992031     347.2766015056633     317.6139264616487     0:34
4687000     9374.000000992235     364.5970200506025     338.4145402988502     0:34
4687500     9375.000000992439     354.9803310444412     264.15369044996726     0:34
4688000     9376.000000992643     352.37427729882234     251.29083559873123     0:34
4688500     9377.000000992846     335.5886111060855     325.45145837076535     0:34
4689000     9378.00000099305     357.5004424632849     304.993776228659     0:34
4689500     9379.000000993254     363.5785598283686     331.8692014139551     0:34
4690000     9380.000000993457     337.2943456880672     331.53056859175274     0:34
4690500     9381.000000993661     343.5705334337649     310.168976684575     0:34
4691000     9382.000000993865     315.3258905805749     321.94739831318816     0:33
4691500     9383.000000994069     364.45433819801747     263.79223925299476     0:33
4692000     9384.000000994272     346.7944771274464     282.50996549539104     0:33
4692500     9385.000000994476     343.92324760091685     293.03523518621125     0:33
4693000     9386.00000099468     340.95963066235856     306.1730214551044     0:33
4693500     9387.000000994884     339.62492917641987     258.12899856585176     0:33
4694000     9388.000000995087     359.63475927187153     233.0440983800194     0:33
4694500     9389.000000995291     345.81512909795435     329.9540804131194     0:33
4695000     9390.000000995495     328.85397752380936     288.5296952198778     0:33
4695500     9391.000000995698     354.8070415942925     270.76280282692943     0:33
4696000     9392.000000995902     326.703414180393     257.4001707382793     0:33
4696500     9393.000000996106     336.0443022118253     297.1141030660348     0:33
4697000     9394.00000099631     340.0426149708484     312.8283715329602     0:33
4697500     9395.000000996513     300.0818269072669     304.6019080896317     0:33
4698000     9396.000000996717     324.0041966446222     254.69903501901481     0:33
4698500     9397.00000099692     329.05025302589047     318.85298157337854     0:33
4699000     9398.000000997125     343.73015425582184     287.8160253326401     0:33
4699500     9399.000000997328     341.8271892973522     339.7098305394828     0:33
4700000     9400.000000997532     330.90057831737477     290.6293928989717     0:32
4700500     9401.000000997736     319.191018740314     284.0218805832437     0:32
4701000     9402.00000099794     332.8898915368394     274.97873429322954     0:32
4701500     9403.000000998143     332.76425292747     357.7471353315354     0:32
4702000     9404.000000998347     362.25114538176786     273.70417209509986     0:32
4702500     9405.00000099855     376.36387688135756     245.30178348823267     0:32
4703000     9406.000000998754     374.7717042380042     307.235534161738     0:32
4703500     9407.000000998958     310.2469751219504     315.75580255631303     0:32
4704000     9408.000000999162     311.87428139921644     318.40074604639926     0:32
4704500     9409.000000999366     336.51892748761054     283.81286087066354     0:32
4705000     9410.00000099957     336.01294916249924     236.0016274512855     0:32
4705500     9411.000000999773     324.44107209538765     330.79057918263845     0:32
4706000     9412.000000999977     333.6078678601525     299.27989294550855     0:32
4706500     9413.00000100018     338.02012534142045     348.87536900081716     0:32
4707000     9414.000001000384     331.31669689693115     348.69982973804645     0:32
4707500     9415.000001000588     338.1120848153099     310.67299804404774     0:32
4708000     9416.000001000792     332.80670470275925     280.2838545183341     0:32
4708500     9417.000001000995     327.62942400601685     327.11192177119295     0:32
4709000     9418.000001001199     342.8245046259144     271.46541046639646     0:31
4709500     9419.000001001403     339.45427411063895     283.3114358930969     0:31
4710000     9420.000001001607     345.01424581107096     320.15529808492386     0:31
4710500     9421.00000100181     334.43731890098456     312.97235363244164     0:31
4711000     9422.000001002014     364.48184058989557     300.16110421123506     0:31
4711500     9423.000001002218     320.8274795160672     324.6670790166372     0:31
4712000     9424.000001002421     338.33497982184576     211.22802673485054     0:31
4712500     9425.000001002625     326.2808721113819     242.99588272100038     0:31
4713000     9426.000001002829     303.301546310288     291.2877854073804     0:31
4713500     9427.000001003033     335.58857505686444     259.1171553895586     0:31
4714000     9428.000001003236     333.474098118754     307.43322826228086     0:31
4714500     9429.00000100344     368.02782591061646     242.09291761367527     0:31
4715000     9430.000001003644     315.8417447539168     314.4319485101353     0:31
4715500     9431.000001003848     366.1415898530556     333.29294210821183     0:31
4716000     9432.000001004051     341.71079825584695     283.8284247841534     0:31
4716500     9433.000001004255     358.551833876352     390.1564983383141     0:31
4717000     9434.000001004459     342.18132489670427     338.7839834585864     0:31
4717500     9435.000001004662     334.33597172476345     349.1937386741911     0:31
4718000     9436.000001004866     338.2312868367179     304.59608540060236     0:30
4718500     9437.00000100507     335.23645005552305     307.1560637823737     0:30
4719000     9438.000001005274     349.66077552537627     270.8377299325241     0:30
4719500     9439.000001005477     315.9522386236921     328.2223670125017     0:30
4720000     9440.000001005681     334.33072554692524     222.8198547886448     0:30
4720500     9441.000001005885     343.02909497578855     331.8293246991798     0:30
4721000     9442.000001006088     303.2026408946343     315.8185778507443     0:30
4721500     9443.000001006292     370.4442831778425     332.74562224004535     0:30
4722000     9444.000001006496     357.58142564748164     301.62528012801846     0:30
4722500     9445.0000010067     328.0067592381728     316.3260583980993     0:30
4723000     9446.000001006903     294.297161968825     292.81193798676924     0:30
4723500     9447.000001007107     307.83386971521315     218.55861283352456     0:30
4724000     9448.00000100731     319.2891672956314     298.0242441654413     0:30
4724500     9449.000001007515     346.4966745202562     295.7061664478394     0:30
4725000     9450.000001007718     314.09094062215286     286.72673776077056     0:30
4725500     9451.000001007922     327.75975915828667     371.7276904343219     0:30
4726000     9452.000001008126     303.26178982577096     364.8474399796262     0:30
4726500     9453.00000100833     324.8611141164771     291.89882178662396     0:30
4727000     9454.000001008533     314.7646342414213     290.1703701253633     0:29
4727500     9455.000001008737     335.0655629678581     275.685686264443     0:29
4728000     9456.00000100894     332.69559383840135     251.75386019652817     0:29
4728500     9457.000001009144     325.31995952909745     330.61074386443903     0:29
4729000     9458.000001009348     310.9144771529201     312.4949217426133     0:29
4729500     9459.000001009552     367.1741962739949     356.5242797338055     0:29
4730000     9460.000001009756     399.0366119780724     347.4564377660973     0:29
4730500     9461.00000100996     370.88676152359153     414.6988195114786     0:29
4731000     9462.000001010163     353.3064412905155     311.12873702700097     0:29
4731500     9463.000001010367     321.4896061367067     298.53807584182704     0:29
4732000     9464.00000101057     360.3916146117738     351.98813204919594     0:29
4732500     9465.000001010774     383.96403613401014     320.40869053096105     0:29
4733000     9466.000001010978     366.98842758159105     232.46540629206925     0:29
4733500     9467.000001011182     310.31123541291583     283.69140616407975     0:29
4734000     9468.000001011385     307.22346717533685     266.9198332019473     0:29
4734500     9469.00000101159     326.031767835428     292.29714854214564     0:29
4735000     9470.000001011793     326.713092324508     312.34084046349926     0:29
4735500     9471.000001011997     326.09708751844187     253.81077158431086     0:29
4736000     9472.0000010122     335.99621359427556     345.2594996189019     0:29
4736500     9473.000001012404     335.2272417208177     314.3952990026185     0:28
4737000     9474.000001012608     346.66267749707777     267.8254349227888     0:28
4737500     9475.000001012811     344.62668962750786     292.2462014703084     0:28
4738000     9476.000001013015     315.7133036689287     287.5575829254303     0:28
4738500     9477.000001013219     352.5078347700752     235.11652464611564     0:28
4739000     9478.000001013423     335.39131772600274     308.6394925247597     0:28
4739500     9479.000001013626     365.7251861295998     300.08055134846643     0:28
4740000     9480.00000101383     323.6854229628433     296.10263743506556     0:28
4740500     9481.000001014034     306.24956903189945     284.45668173968176     0:28
4741000     9482.000001014238     303.5296755365042     312.68728375211487     0:28
4741500     9483.000001014441     337.40465505850614     308.1462938559584     0:28
4742000     9484.000001014645     360.4302349505431     265.83927116279193     0:28
4742500     9485.000001014849     343.85862676986835     273.4098291414274     0:28
4743000     9486.000001015052     325.97044941828733     278.1867343263768     0:28
4743500     9487.000001015256     335.0498079961993     310.2054031320921     0:28
4744000     9488.00000101546     322.18582786910235     380.30580198301175     0:28
4744500     9489.000001015664     362.92681237923864     315.5718343937746     0:28
4745000     9490.000001015867     332.2103341646126     242.70433069149252     0:28
4745500     9491.000001016071     327.93019595303633     372.49555841589574     0:27
4746000     9492.000001016275     305.0236751424969     311.1335106264368     0:27
4746500     9493.000001016479     304.9399545567419     217.56995395225894     0:27
4747000     9494.000001016682     308.52770403816146     260.3258934258204     0:27
4747500     9495.000001016886     313.72688020729754     296.854899483378     0:27
4748000     9496.00000101709     313.2961682375011     298.91889236921213     0:27
4748500     9497.000001017293     317.03456747126154     238.720722848783     0:27
4749000     9498.000001017497     328.06794665816017     307.2312080829605     0:27
4749500     9499.000001017701     326.1369296921238     277.8238597086335     0:27
4750000     9500.000001017905     354.4501895120278     296.28176193292364     0:27
4750500     9501.000001018108     335.90597877946277     309.45529055049957     0:27
4751000     9502.000001018312     362.9263686628616     329.07632653904096     0:27
4751500     9503.000001018516     330.7301640021991     361.1043905943214     0:27
4752000     9504.00000101872     312.4091511305098     353.9206297150346     0:27
4752500     9505.000001018923     348.8852427563053     331.0216363278922     0:27
4753000     9506.000001019127     335.6065016394317     305.99742245240867     0:27
4753500     9507.00000101933     317.64284054894506     248.65453158559356     0:27
4754000     9508.000001019534     308.0918290456739     392.2706515292464     0:27
4754500     9509.000001019738     337.2191327758844     287.01126571924806     0:26
4755000     9510.000001019942     322.44778075027216     286.28653604245693     0:26
4755500     9511.000001020146     336.74370776606963     336.7982131102145     0:26
4756000     9512.00000102035     345.1573257028058     311.3010794045614     0:26
4756500     9513.000001020553     341.4930881220886     296.77582443296734     0:26
4757000     9514.000001020757     336.8381688820433     288.51599934155047     0:26
4757500     9515.00000102096     333.37170152689134     247.52353919871499     0:26
4758000     9516.000001021164     309.70187518160344     277.42251039949764     0:26
4758500     9517.000001021368     311.81113744026754     262.53882797127073     0:26
4759000     9518.000001021572     333.8024416493241     285.13028785352213     0:26
4759500     9519.000001021775     364.0955703087901     244.31987815704923     0:26
4760000     9520.00000102198     348.44876529295163     279.19405106799337     0:26
4760500     9521.000001022183     332.90745498628485     338.7743605837611     0:26
4761000     9522.000001022387     304.7547337040453     275.15519049926513     0:26
4761500     9523.00000102259     324.88437780370214     243.9816708405355     0:26
4762000     9524.000001022794     296.8037241926273     343.25770845963535     0:26
4762500     9525.000001022998     340.6749637774906     228.6779573710707     0:26
4763000     9526.000001023202     319.76239779301613     233.8377175549592     0:26
4763500     9527.000001023405     342.8574186019272     323.7475549062771     0:25
4764000     9528.000001023609     363.0415736820347     349.6944716535294     0:25
4764500     9529.000001023813     324.06724023054005     302.6226444847222     0:25
4765000     9530.000001024016     312.6094880537653     297.08620362900274     0:25
4765500     9531.00000102422     304.31445699914616     313.90294906861914     0:25
4766000     9532.000001024424     323.4104651799099     300.47640026546827     0:25
4766500     9533.000001024628     368.45399394327194     373.017061126517     0:25
4767000     9534.000001024831     348.45948465787876     362.9012691447047     0:25
4767500     9535.000001025035     321.95887685248556     285.08404159528783     0:25
4768000     9536.000001025239     340.0324072760419     283.98539495687254     0:25
4768500     9537.000001025443     319.19547044253943     343.0872971590042     0:25
4769000     9538.000001025646     321.3970629609614     313.6319091742596     0:25
4769500     9539.00000102585     320.56465836762425     312.03921618576277     0:25
4770000     9540.000001026054     351.17386496453435     287.23226000916554     0:25
4770500     9541.000001026257     341.5039598144334     269.7424815109392     0:25
4771000     9542.000001026461     309.42447804211463     282.05961947361897     0:25
4771500     9543.000001026665     305.79787957828853     272.69980908912584     0:25
4772000     9544.000001026869     319.4184545633178     243.46899707728238     0:25
4772500     9545.000001027072     323.35690902321244     200.7208019162401     0:24
4773000     9546.000001027276     313.23738297278953     318.60023909368874     0:24
4773500     9547.00000102748     332.70019240226395     273.7387588879552     0:24
4774000     9548.000001027684     284.63397065699576     297.85017865432826     0:24
4774500     9549.000001027887     322.0816000251673     313.6376366507653     0:24
4775000     9550.000001028091     324.6342887640528     385.8065819422068     0:24
4775500     9551.000001028295     295.41773584784823     309.86457129536035     0:24
4776000     9552.000001028498     346.8154516925914     338.5220194716011     0:24
4776500     9553.000001028702     329.41898543633727     313.342903740696     0:24
4777000     9554.000001028906     337.3709732774655     259.4065694159537     0:24
4777500     9555.00000102911     347.61640037388827     279.7510881354829     0:24
4778000     9556.000001029313     370.3302620494346     298.5794303447414     0:24
4778500     9557.000001029517     315.0404992503096     330.08635442376675     0:24
4779000     9558.00000102972     341.5536040880414     316.9042510118387     0:24
4779500     9559.000001029925     330.4969045277302     292.6882748081801     0:24
4780000     9560.000001030128     360.88448362327495     283.3218301233753     0:24
4780500     9561.000001030332     309.2137271117116     342.7576445351652     0:24
4781000     9562.000001030536     327.0622407914301     328.1731681488396     0:24
4781500     9563.00000103074     314.15391678036167     338.2594542587815     0:24
4782000     9564.000001030943     362.0536612586201     382.85946955212876     0:23
4782500     9565.000001031147     352.53371685127786     321.09926953249516     0:23
4783000     9566.00000103135     324.41714883250995     252.21608113087484     0:23
4783500     9567.000001031554     341.14735182044524     317.01635225047653     0:23
4784000     9568.000001031758     330.8377722819139     247.27905004496978     0:23
4784500     9569.000001031962     336.8004386674053     278.41061949584815     0:23
4785000     9570.000001032166     313.40969435456304     302.7175193002319     0:23
4785500     9571.00000103237     344.49364041250885     232.72194785559554     0:23
4786000     9572.000001032573     343.675783043637     280.6006957215083     0:23
4786500     9573.000001032777     379.8141652302636     268.73377470199773     0:23
4787000     9574.00000103298     361.7185149136741     369.1751829338185     0:23
4787500     9575.000001033184     352.524078944924     385.06898884679714     0:23
4788000     9576.000001033388     316.2574903184716     395.4252915869132     0:23
4788500     9577.000001033592     327.89458097745865     314.1664486865222     0:23
4789000     9578.000001033795     337.3979758827471     285.7404258674066     0:23
4789500     9579.000001033999     313.2763112378367     307.6641939146286     0:23
4790000     9580.000001034203     333.90858548108724     322.91457778515377     0:23
4790500     9581.000001034407     357.6221282722472     398.0971826430929     0:23
4791000     9582.00000103461     350.2923073879789     339.90664690310484     0:22
4791500     9583.000001034814     343.79647162326535     310.15879094259833     0:22
4792000     9584.000001035018     348.0951202077566     319.6928613037699     0:22
4792500     9585.000001035221     337.30927148069486     405.3843329644496     0:22
4793000     9586.000001035425     356.66151360643414     302.8581465952406     0:22
4793500     9587.000001035629     316.6095082658775     295.1314926529221     0:22
4794000     9588.000001035833     310.3378299976164     308.3192986120466     0:22
4794500     9589.000001036036     349.53690958046366     278.7976371566145     0:22
4795000     9590.00000103624     340.1826850454107     248.146566908712     0:22
4795500     9591.000001036444     297.4201339572037     292.09011973925885     0:22
4796000     9592.000001036648     318.00811593200194     271.8628469476859     0:22
4796500     9593.000001036851     334.0234427383774     335.2331802357664     0:22
4797000     9594.000001037055     363.7683315908738     322.75274266742434     0:22
4797500     9595.000001037259     328.5682223463573     384.8909469816931     0:22
4798000     9596.000001037462     359.06358555113786     307.75943934977096     0:22
4798500     9597.000001037666     373.5493243296944     285.8032090249037     0:22
4799000     9598.00000103787     325.4923100460737     299.1320494025892     0:22
4799500     9599.000001038074     322.96886312753634     314.1892143771368     0:22
4800000     9600.000001038277     320.6771014160828     250.81663930396985     0:21
4800500     9601.000001038481     312.24790195932724     264.0289247629895     0:21
4801000     9602.000001038685     309.4889959004191     306.9981226340495     0:21
4801500     9603.000001038889     362.2597818009684     265.5463428343973     0:21
4802000     9604.000001039092     351.57451396693364     349.5422678387984     0:21
4802500     9605.000001039296     348.6578347347935     293.6223920743949     0:21
4803000     9606.0000010395     344.85035812138165     291.4856440490335     0:21
4803500     9607.000001039703     340.59107034427393     294.75988229016656     0:21
4804000     9608.000001039907     353.97396226229444     296.0546817108047     0:21
4804500     9609.00000104011     324.96721701633385     264.9534763755396     0:21
4805000     9610.000001040315     332.5239943054015     296.78496285534754     0:21
4805500     9611.000001040518     342.99506427432163     273.24339377499314     0:21
4806000     9612.000001040722     349.648258012754     307.7640033831645     0:21
4806500     9613.000001040926     370.561261688987     323.55971177001504     0:21
4807000     9614.00000104113     352.85335421894445     263.65037512356884     0:21
4807500     9615.000001041333     350.27228194871293     295.0833724985542     0:21
4808000     9616.000001041537     319.71897893498397     325.7351648164717     0:21
4808500     9617.00000104174     337.0425049241636     307.02219560375505     0:21
4809000     9618.000001041944     354.7293667594113     296.05114271764836     0:20
4809500     9619.000001042148     368.4719133237986     255.44610577481254     0:20
4810000     9620.000001042352     363.3018221308582     301.16567253283637     0:20
4810500     9621.000001042556     352.45577506900656     324.80637087002407     0:20
4811000     9622.00000104276     352.9130183747135     318.8745044152186     0:20
4811500     9623.000001042963     360.5700261399164     357.3834322017621     0:20
4812000     9624.000001043167     326.5842607053678     397.2694875969696     0:20
4812500     9625.00000104337     336.6075286792578     318.2103037026941     0:20
4813000     9626.000001043574     340.24812639742925     315.1813916170657     0:20
4813500     9627.000001043778     324.2918179391937     265.6325289854051     0:20
4814000     9628.000001043982     296.93987752562407     282.0351225401606     0:20
4814500     9629.000001044185     320.12738953955716     256.4949434898919     0:20
4815000     9630.00000104439     317.3117922268742     239.00858226068823     0:20
4815500     9631.000001044593     325.184334773547     292.10697714725563     0:20
4816000     9632.000001044797     313.82078041349826     289.77367656655184     0:20
4816500     9633.000001045     325.535580352407     305.68018157702693     0:20
4817000     9634.000001045204     320.52998229464674     382.7622858046641     0:20
4817500     9635.000001045408     319.1314662710032     277.0440471246333     0:20
4818000     9636.000001045611     331.17772428113506     250.2801647025154     0:19
4818500     9637.000001045815     333.65027581443644     293.35506090723527     0:19
4819000     9638.000001046019     312.8774355366553     257.8733202886428     0:19
4819500     9639.000001046223     341.35815153979456     319.498626431474     0:19
4820000     9640.000001046426     327.5856318278152     298.4498024575607     0:19
4820500     9641.00000104663     334.7748615627954     283.4157469365312     0:19
4821000     9642.000001046834     341.75650095217975     263.25555033052296     0:19
4821500     9643.000001047038     337.95823781768684     272.9539837487511     0:19
4822000     9644.000001047241     327.7016807200613     204.0348089689273     0:19
4822500     9645.000001047445     317.8118846066981     259.12658719349946     0:19
4823000     9646.000001047649     313.01595556494215     279.12682038610245     0:19
4823500     9647.000001047852     332.55350480887694     292.8182316524505     0:19
4824000     9648.000001048056     325.56109883169813     295.3120441276912     0:19
4824500     9649.00000104826     328.8738196909245     262.9444535611129     0:19
4825000     9650.000001048464     322.87727764965007     291.6880510524411     0:19
4825500     9651.000001048667     327.0806985920922     287.7547297315671     0:19
4826000     9652.000001048871     298.43578788807724     273.5447797590491     0:19
4826500     9653.000001049075     308.45746533781073     255.19320693999674     0:19
4827000     9654.000001049279     309.23036196419173     321.3645599434523     0:19
4827500     9655.000001049482     315.60097103186627     349.4888582145965     0:18
4828000     9656.000001049686     324.8466076320019     310.6345520520381     0:18
4828500     9657.00000104989     329.1378591809138     331.8535761217289     0:18
4829000     9658.000001050093     341.35087395539597     255.6462452101086     0:18
4829500     9659.000001050297     367.51918180039024     288.60720428503043     0:18
4830000     9660.000001050501     323.08289688042873     335.42398920096934     0:18
4830500     9661.000001050705     350.0129861659408     285.7817967059613     0:18
4831000     9662.000001050908     306.68445367257243     221.37485826579393     0:18
4831500     9663.000001051112     301.382932297989     345.18734446197266     0:18
4832000     9664.000001051316     338.9281801915952     290.5111524102493     0:18
4832500     9665.00000105152     344.1777906799957     294.7049203805246     0:18
4833000     9666.000001051723     321.6833009206524     305.7254056084515     0:18
4833500     9667.000001051927     332.8227117437692     310.8957513114728     0:18
4834000     9668.00000105213     330.3219272004525     259.48198908126636     0:18
4834500     9669.000001052334     324.7915791864915     250.45435548986578     0:18
4835000     9670.000001052538     338.5397340961325     266.40261889762246     0:18
4835500     9671.000001052742     325.80595524912474     295.68898527770455     0:18
4836000     9672.000001052946     370.2931194770705     249.08409777882434     0:18
4836500     9673.00000105315     311.9885203471558     340.28458856769436     0:17
4837000     9674.000001053353     344.4673816916337     337.5504590852579     0:17
4837500     9675.000001053557     360.62587789810436     338.5726704190885     0:17
4838000     9676.00000105376     337.0388699580293     392.273700489522     0:17
4838500     9677.000001053964     321.896062208536     325.18510184433603     0:17
4839000     9678.000001054168     322.6382051625375     338.9386920714965     0:17
4839500     9679.000001054372     357.03108256691814     278.6701709505465     0:17
4840000     9680.000001054575     348.07909402509995     312.73689443375713     0:17
4840500     9681.00000105478     348.07489168559425     262.5937732183175     0:17
4841000     9682.000001054983     339.20070332549005     365.5311715425203     0:17
4841500     9683.000001055187     323.38015656787945     310.4668679920041     0:17
4842000     9684.00000105539     312.9727196043458     347.5648005972873     0:17
4842500     9685.000001055594     330.8176844817067     261.77439963697253     0:17
4843000     9686.000001055798     329.5148091343658     284.6683435392471     0:17
4843500     9687.000001056002     286.25197000652736     345.58787027238844     0:17
4844000     9688.000001056205     346.75544231155015     263.44154370073744     0:17
4844500     9689.000001056409     337.8354595473123     287.74980254401333     0:17
4845000     9690.000001056613     337.05569223868736     266.5713067982933     0:17
4845500     9691.000001056816     322.94255293725223     256.4429184272542     0:16
4846000     9692.00000105702     314.2423908703412     314.29017640037625     0:16
4846500     9693.000001057224     370.84228302842575     212.05889168634224     0:16
4847000     9694.000001057428     351.10130361185384     321.9319294184709     0:16
4847500     9695.000001057631     338.0558433977093     328.76868249106985     0:16
4848000     9696.000001057835     362.3325190431988     245.5886371462089     0:16
4848500     9697.000001058039     307.7705039956587     331.77805615388945     0:16
4849000     9698.000001058243     345.7697626925368     291.25476925990074     0:16
4849500     9699.000001058446     343.20547198433474     289.27592980845856     0:16
4850000     9700.00000105865     354.76458931225125     237.81978248897497     0:16
4850500     9701.000001058854     322.6292511260003     314.8072217375889     0:16
4851000     9702.000001059057     335.1413497677588     248.19266202089963     0:16
4851500     9703.000001059261     334.7517167109462     304.6682901255234     0:16
4852000     9704.000001059465     316.8185053034093     276.4397852468287     0:16
4852500     9705.000001059669     374.15772702150605     304.68924367009726     0:16
4853000     9706.000001059872     400.6817460535707     358.4098204219805     0:16
4853500     9707.000001060076     364.8642038684078     342.613480341934     0:16
4854000     9708.00000106028     346.7267574222964     375.12179850604775     0:16
4854500     9709.000001060484     321.4901376652889     385.9284624329966     0:15
4855000     9710.000001060687     308.2117852236631     349.63485345267446     0:15
4855500     9711.000001060891     368.48019213448345     305.3867163602754     0:15
4856000     9712.000001061095     364.7990669979239     278.1249264312282     0:15
4856500     9713.000001061298     337.20766092527515     246.39763056844967     0:15
4857000     9714.000001061502     328.6596166399721     362.46145995806313     0:15
4857500     9715.000001061706     330.127632974879     349.83193146909497     0:15
4858000     9716.00000106191     327.6697825789845     271.8667591983155     0:15
4858500     9717.000001062113     344.66311286671123     276.673386658977     0:15
4859000     9718.000001062317     317.8994877547892     276.50680107085026     0:15
4859500     9719.00000106252     349.21507056879557     351.141162594404     0:15
4860000     9720.000001062725     308.7628614785291     304.61163940049386     0:15
4860500     9721.000001062928     317.04933386645064     216.0177266859425     0:15
4861000     9722.000001063132     341.1763905497171     228.79034423517018     0:15
4861500     9723.000001063336     339.0162756358136     291.0541370489349     0:15
4862000     9724.00000106354     356.151019969319     340.0313134702449     0:15
4862500     9725.000001063743     362.37693407210077     348.2510441755894     0:15
4863000     9726.000001063947     364.5772642010751     352.620746838501     0:15
4863500     9727.00000106415     360.76115571569676     342.73140787417907     0:14
4864000     9728.000001064354     341.33753453291126     247.97049625930853     0:14
4864500     9729.000001064558     326.35620219368445     258.69142359735844     0:14
4865000     9730.000001064762     319.4347877769977     275.7510560638165     0:14
4865500     9731.000001064966     304.81325487585616     263.9230313381097     0:14
4866000     9732.00000106517     318.63174310650595     294.46902805123796     0:14
4866500     9733.000001065373     348.82075887149995     299.711225989404     0:14
4867000     9734.000001065577     321.22502046543195     288.3489240474981     0:14
4867500     9735.00000106578     316.97103869468015     277.9837637171418     0:14
4868000     9736.000001065984     325.20324387096935     231.67498098305154     0:14
4868500     9737.000001066188     348.90304821647067     326.3216176534934     0:14
4869000     9738.000001066392     353.8641592561419     317.8927918502418     0:14
4869500     9739.000001066595     342.6290159862548     271.8115420861723     0:14
4870000     9740.000001066799     343.0384177212968     269.6353482727187     0:14
4870500     9741.000001067003     325.8161448863501     282.97528589043236     0:14
4871000     9742.000001067207     330.29580198788915     242.306512871694     0:14
4871500     9743.00000106741     365.38009168941494     328.7652914107386     0:14
4872000     9744.000001067614     365.9634909685391     260.15576882839144     0:14
4872500     9745.000001067818     309.70706394275896     313.99063066838124     0:14
4873000     9746.000001068021     308.235759058762     304.3509210636012     0:13
4873500     9747.000001068225     327.57144128389916     240.73373003970744     0:13
4874000     9748.000001068429     340.01534952018983     238.06887269165748     0:13
4874500     9749.000001068633     298.51977734669515     362.1574592543659     0:13
4875000     9750.000001068836     316.27574862345637     293.02891234484235     0:13
4875500     9751.00000106904     350.03312619397866     316.1192019973704     0:13
4876000     9752.000001069244     362.6379892729632     231.97516086645976     0:13
4876500     9753.000001069448     344.62806487022465     282.0843758963218     0:13
4877000     9754.000001069651     326.44516039776283     360.8638923814018     0:13
4877500     9755.000001069855     327.7006938673802     283.37953055961657     0:13
4878000     9756.000001070059     358.06100100492984     390.3943849154643     0:13
4878500     9757.000001070262     328.262719277752     356.49698804959814     0:13
4879000     9758.000001070466     300.4589672917921     350.78084559623574     0:13
4879500     9759.00000107067     341.9741131814005     261.5424112472002     0:13
4880000     9760.000001070874     304.1916424351522     326.1795629577432     0:13
4880500     9761.000001071077     326.11290524156755     310.8672260462522     0:13
4881000     9762.000001071281     316.7499838950117     314.22997968293157     0:13
4881500     9763.000001071485     318.31030831400074     309.67770687667473     0:13
4882000     9764.000001071689     314.4503928205173     364.1750747286115     0:12
4882500     9765.000001071892     325.6000534243228     310.9005483951575     0:12
4883000     9766.000001072096     344.9342901383237     290.7558812109054     0:12
4883500     9767.0000010723     346.21410598399984     277.27072885723373     0:12
4884000     9768.000001072503     292.0711424979728     333.17751721059193     0:12
4884500     9769.000001072707     299.6911269231059     353.1630693650667     0:12
4885000     9770.00000107291     325.3867030339652     363.44811899690194     0:12
4885500     9771.000001073115     375.9391867931223     337.7215994955276     0:12
4886000     9772.000001073318     367.4310016011359     313.3616883465635     0:12
4886500     9773.000001073522     315.5428284316837     344.0664698245595     0:12
4887000     9774.000001073726     336.7628027487781     356.1941099882589     0:12
4887500     9775.00000107393     351.7013074801523     388.6707248119453     0:12
4888000     9776.000001074133     344.1296498870764     174.25463173919914     0:12
4888500     9777.000001074337     320.4444434422543     227.42587342571386     0:12
4889000     9778.00000107454     310.32480057981377     276.3447223918321     0:12
4889500     9779.000001074744     303.4633952401733     336.0367530751837     0:12
4890000     9780.000001074948     360.877396388643     304.5987356089882     0:12
4890500     9781.000001075152     362.1569394100178     291.3506314391302     0:12
4891000     9782.000001075356     320.16824835355226     276.06871024664014     0:11
4891500     9783.00000107556     380.5595421010886     250.0349618574816     0:11
4892000     9784.000001075763     313.8368728827671     361.8576223790392     0:11
4892500     9785.000001075967     327.0050445755736     323.1432844993872     0:11
4893000     9786.00000107617     307.40292578106505     327.95249177219864     0:11
4893500     9787.000001076374     311.76977212469956     252.8288927970292     0:11
4894000     9788.000001076578     308.0176409514261     271.8704876316177     0:11
4894500     9789.000001076782     330.8643797919666     306.8034953955774     0:11
4895000     9790.000001076985     367.35558294960117     317.5918042830477     0:11
4895500     9791.00000107719     338.5237442216861     302.39053065725324     0:11
4896000     9792.000001077393     346.876458187819     339.9468693909514     0:11
4896500     9793.000001077597     340.66800781816994     289.4921830006885     0:11
4897000     9794.0000010778     357.6876831160008     359.0049747262142     0:11
4897500     9795.000001078004     376.19845539326934     248.09399144761403     0:11
4898000     9796.000001078208     365.0898364380196     321.38429562507156     0:11
4898500     9797.000001078412     367.74512115550476     309.5631162713262     0:11
4899000     9798.000001078615     342.83728576118733     259.701839400058     0:11
4899500     9799.000001078819     329.4312555387478     365.88452247793276     0:11
4900000     9800.000001079023     321.97983837385937     246.3034522720275     0:10
4900500     9801.000001079226     312.85836215214044     278.8346056753307     0:10
4901000     9802.00000107943     312.5332476588716     260.32286727570124     0:10
4901500     9803.000001079634     338.80231640862803     270.10343202679303     0:10
4902000     9804.000001079838     339.76331026096625     278.38037112129393     0:10
4902500     9805.000001080041     302.34301972499486     247.3131044733548     0:10
4903000     9806.000001080245     302.8095669272616     272.3819915579722     0:10
4903500     9807.000001080449     330.9449326765715     250.59648537719187     0:10
4904000     9808.000001080653     320.839427075142     325.903213734061     0:10
4904500     9809.000001080856     342.24751390297945     299.5245646541715     0:10
4905000     9810.00000108106     337.4070429212578     238.12353869491966     0:10
4905500     9811.000001081264     304.20437018745076     268.7805201276702     0:10
4906000     9812.000001081467     372.80295736135065     247.46602498958043     0:10
4906500     9813.000001081671     347.83257587029823     322.62287633317675     0:10
4907000     9814.000001081875     332.19215097220774     255.05022424102265     0:10
4907500     9815.000001082079     345.58282091029434     371.2135267411936     0:10
4908000     9816.000001082282     342.12122125545375     298.4236018181348     0:10
4908500     9817.000001082486     344.40268627480816     357.3873537968461     0:10
4909000     9818.00000108269     351.5638671104741     314.99586459769546     0:09
4909500     9819.000001082894     324.26527453248923     354.4819952226432     0:09
4910000     9820.000001083097     354.0810254829868     326.92809543446566     0:09
4910500     9821.000001083301     313.6608369425718     346.7894348514792     0:09
4911000     9822.000001083505     341.6680935529082     312.74956407704866     0:09
4911500     9823.000001083708     335.3621778959681     282.4723013294672     0:09
4912000     9824.000001083912     326.8884164071652     294.9556770203417     0:09
4912500     9825.000001084116     331.5807863158491     292.75604109886336     0:09
4913000     9826.00000108432     282.23421676341206     339.627326812953     0:09
4913500     9827.000001084523     292.6982960849682     274.42832126935235     0:09
4914000     9828.000001084727     319.30429290686914     344.38963018783153     0:09
4914500     9829.00000108493     325.5904982940335     286.99286519266053     0:09
4915000     9830.000001085134     336.3581864564086     237.1414008906619     0:09
4915500     9831.000001085338     331.71772384405017     295.2635283214512     0:09
4916000     9832.000001085542     311.4466511910292     260.9768007900541     0:09
4916500     9833.000001085746     311.3077576735508     249.12592304042064     0:09
4917000     9834.00000108595     318.20296306886405     300.65264098797985     0:09
4917500     9835.000001086153     324.98541230223964     263.5764513257955     0:09
4918000     9836.000001086357     328.3432191116691     257.3886022955564     0:09
4918500     9837.00000108656     325.45144181466617     283.22591166752187     0:08
4919000     9838.000001086764     328.0546322987078     270.8884657914346     0:08
4919500     9839.000001086968     327.97745000013344     280.47907775136053     0:08
4920000     9840.000001087172     340.86556339713627     289.0255104449193     0:08
4920500     9841.000001087375     318.9263260769121     241.90963671860902     0:08
4921000     9842.00000108758     333.83426021635194     266.14931937138755     0:08
4921500     9843.000001087783     358.06800415093437     293.15831196092597     0:08
4922000     9844.000001087987     308.4052174985295     326.59448860884567     0:08
4922500     9845.00000108819     310.7012376789353     307.49277643825604     0:08
4923000     9846.000001088394     333.14226144825045     255.40317305408317     0:08
4923500     9847.000001088598     331.6763806181692     268.2371533149239     0:08
4924000     9848.000001088802     333.53345374565276     273.69614145073473     0:08
4924500     9849.000001089005     337.92090625829474     326.16738453809427     0:08
4925000     9850.000001089209     345.35019496613177     314.0454353288166     0:08
4925500     9851.000001089413     334.4496087379356     351.60208934400544     0:08
4926000     9852.000001089616     323.75729691237245     353.7025075188865     0:08
4926500     9853.00000108982     364.80462097829854     340.9196635924238     0:08
4927000     9854.000001090024     371.28789852718705     224.62446848066162     0:08
4927500     9855.000001090228     363.5965965236395     248.8086750285397     0:07
4928000     9856.000001090431     346.44019311715886     287.83858582468537     0:07
4928500     9857.000001090635     331.5747738126089     380.77305372139017     0:07
4929000     9858.000001090839     340.06446012491404     403.8764095046335     0:07
4929500     9859.000001091043     367.77621863181673     377.17504757809377     0:07
4930000     9860.000001091246     326.46952539338713     326.25359796865257     0:07
4930500     9861.00000109145     333.43649884545914     351.3239099312105     0:07
4931000     9862.000001091654     315.56061465691425     344.4346208904477     0:07
4931500     9863.000001091857     323.6383557148001     330.3795089888719     0:07
4932000     9864.000001092061     371.28422098792703     250.9629442531941     0:07
4932500     9865.000001092265     359.7749303428362     264.5967203693514     0:07
4933000     9866.000001092469     363.0703546574159     261.60720239274355     0:07
4933500     9867.000001092672     363.79846833881913     317.2427387830814     0:07
4934000     9868.000001092876     348.77854200523586     310.9291774463883     0:07
4934500     9869.00000109308     330.384724826191     360.6765193660576     0:07
4935000     9870.000001093284     339.82105740696886     319.0878043642568     0:07
4935500     9871.000001093487     354.3085105358043     328.7619704683085     0:07
4936000     9872.000001093691     329.4108551292551     350.42342834173456     0:07
4936500     9873.000001093895     361.1604466782786     297.535691123469     0:06
4937000     9874.000001094098     362.53869835398825     362.6758866505243     0:06
4937500     9875.000001094302     320.94420550393704     343.27678864896416     0:06
4938000     9876.000001094506     339.8061615930271     208.55791711516105     0:06
4938500     9877.00000109471     333.9599223470144     286.0434973084976     0:06
4939000     9878.000001094913     315.1294665946758     323.88465299659697     0:06
4939500     9879.000001095117     323.42438247898497     349.0712191438092     0:06
4940000     9880.00000109532     357.5425939498906     315.9948694087028     0:06
4940500     9881.000001095525     401.43989326758935     307.8558270385163     0:06
4941000     9882.000001095728     332.90677450348164     288.93142025277706     0:06
4941500     9883.000001095932     310.2104909157124     286.71755363532947     0:06
4942000     9884.000001096136     332.5346702687873     274.02306637381776     0:06
4942500     9885.00000109634     337.30192852961136     337.44571045494604     0:06
4943000     9886.000001096543     328.83466242902773     245.5523714677102     0:06
4943500     9887.000001096747     335.54688880656147     278.89997765440415     0:06
4944000     9888.00000109695     342.95760519044086     297.41019459116563     0:06
4944500     9889.000001097154     330.2892300104601     335.1733313257796     0:06
4945000     9890.000001097358     337.6579142596951     304.568913632185     0:06
4945500     9891.000001097562     325.1988098133554     232.62179734272632     0:05
4946000     9892.000001097766     329.8590920948627     326.37164630875     0:05
4946500     9893.00000109797     329.1999349185595     310.26268167529554     0:05
4947000     9894.000001098173     336.82500957991226     337.04347162640005     0:05
4947500     9895.000001098377     303.69081817413155     287.73870486804526     0:05
4948000     9896.00000109858     324.9837906805816     284.1347966946408     0:05
4948500     9897.000001098784     320.2177759304403     295.9694484671021     0:05
4949000     9898.000001098988     313.3457042238174     325.19683589581854     0:05
4949500     9899.000001099192     357.2159255031072     275.74999693953015     0:05
4950000     9900.000001099395     352.8290779448664     282.7871637202828     0:05
4950500     9901.0000010996     352.7293668991407     396.8316357970432     0:05
4951000     9902.000001099803     356.5805210288852     332.6550300182987     0:05
4951500     9903.000001100007     319.387578223853     289.6103857483097     0:05
4952000     9904.00000110021     301.5892325804565     293.03988725930105     0:05
4952500     9905.000001100414     343.3000618563076     314.52910028866717     0:05
4953000     9906.000001100618     323.8990856907502     375.10114246630036     0:05
4953500     9907.000001100821     360.3706788593844     363.49583933778536     0:05
4954000     9908.000001101025     348.9299346345507     381.8341762759328     0:05
4954500     9909.000001101229     332.9697304620097     278.3258933472332     0:04
4955000     9910.000001101433     367.23102851549595     329.0535161484311     0:04
4955500     9911.000001101636     302.1891107804555     297.9742462722096     0:04
4956000     9912.00000110184     329.25582459954137     301.83311085059563     0:04
4956500     9913.000001102044     319.4062460756419     274.5209962670729     0:04
4957000     9914.000001102248     323.24595598262385     236.50691133737973     0:04
4957500     9915.000001102451     330.11978155995973     236.09291053499095     0:04
4958000     9916.000001102655     335.0744764590745     261.6542271429301     0:04
4958500     9917.000001102859     330.2269080722308     311.08116156350854     0:04
4959000     9918.000001103062     360.521719776194     313.7763775890223     0:04
4959500     9919.000001103266     363.4900123356656     323.8903352645107     0:04
4960000     9920.00000110347     366.5598266041774     335.61650521030987     0:04
4960500     9921.000001103674     335.3202304880165     389.74081127764873     0:04
4961000     9922.000001103877     327.37926826272394     356.17907900333773     0:04
4961500     9923.000001104081     343.2316150927618     294.6125824047835     0:04
4962000     9924.000001104285     354.9706798659596     272.3844696992281     0:04
4962500     9925.000001104489     312.75487191076274     311.2471229501488     0:04
4963000     9926.000001104692     364.7490133820638     247.37468448490853     0:04
4963500     9927.000001104896     339.71738148606016     268.78612969048066     0:04
4964000     9928.0000011051     330.85054395374925     279.1888279740598     0:03
4964500     9929.000001105303     295.65587120384293     309.4807878612938     0:03
4965000     9930.000001105507     323.0916977765959     294.8777267516241     0:03
4965500     9931.00000110571     340.8166130612673     347.16579130908616     0:03
4966000     9932.000001105915     327.56958997971617     310.6812349929781     0:03
4966500     9933.000001106118     319.3757406226266     295.02039337795725     0:03
4967000     9934.000001106322     331.15492018619307     243.5779828667226     0:03
4967500     9935.000001106526     325.4781812202647     221.89626008859858     0:03
4968000     9936.00000110673     361.2711191655468     211.8690627142439     0:03
4968500     9937.000001106933     326.55821292795383     274.72655573017624     0:03
4969000     9938.000001107137     329.75695732196243     298.4732541562653     0:03
4969500     9939.00000110734     336.1599271559994     310.8425516731072     0:03
4970000     9940.000001107544     313.76723737066936     263.1310569566911     0:03
4970500     9941.000001107748     326.23475896311686     297.508915931278     0:03
4971000     9942.000001107952     313.52314890759385     317.90687201774597     0:03
4971500     9943.000001108156     322.5558668384598     273.34403430056057     0:03
4972000     9944.00000110836     338.5710976370633     324.7203463467962     0:03
4972500     9945.000001108563     351.8748974652716     335.24501080759256     0:03
4973000     9946.000001108767     312.77017208257314     323.4653569421145     0:02
4973500     9947.00000110897     321.30373917782447     243.29423948721129     0:02
4974000     9948.000001109174     324.48092712249183     302.7559854988676     0:02
4974500     9949.000001109378     341.259833565999     370.16493607290477     0:02
4975000     9950.000001109582     348.55046193253406     323.2344446863612     0:02
4975500     9951.000001109785     314.7190729743181     343.9865561870612     0:02
4976000     9952.00000110999     324.1191707922327     268.02289696197846     0:02
4976500     9953.000001110193     298.3497226159933     284.0747013655364     0:02
4977000     9954.000001110397     312.94723899680673     238.34762144208347     0:02
4977500     9955.0000011106     309.96435462489023     293.202728352966     0:02
4978000     9956.000001110804     327.83847988528726     257.0275201258246     0:02
4978500     9957.000001111008     334.63136881048933     310.8263737865747     0:02
4979000     9958.000001111212     310.83704281684595     321.5586817942685     0:02
4979500     9959.000001111415     350.47993715507516     324.7867543049715     0:02
4980000     9960.000001111619     300.46356289737855     296.1980368317004     0:02
4980500     9961.000001111823     323.9453494371536     302.3642167864506     0:02
4981000     9962.000001112026     352.2293201303331     278.9498439502687     0:02
4981500     9963.00000111223     349.7506323837616     371.2008451822089     0:02
4982000     9964.000001112434     340.9873463981048     342.7827643017428     0:01
4982500     9965.000001112638     354.40833623438164     306.0580004639611     0:01
4983000     9966.000001112841     378.6824809169526     301.6800361488528     0:01
4983500     9967.000001113045     354.48943497427615     274.4371538011159     0:01
4984000     9968.000001113249     332.2808297990631     327.73728686630244     0:01
4984500     9969.000001113453     331.09294202628143     260.0473289004064     0:01
4985000     9970.000001113656     319.29961917409867     296.15455278613825     0:01
4985500     9971.00000111386     315.445123962887     217.9856388816621     0:01
4986000     9972.000001114064     342.09623550273886     270.4594435847133     0:01
4986500     9973.000001114267     375.361342925244     293.531556824175     0:01
4987000     9974.000001114471     322.94817319158506     305.07660635314926     0:01
4987500     9975.000001114675     327.11190908468257     378.9449032416405     0:01
4988000     9976.000001114879     345.0209376088908     330.6700873100767     0:01
4988500     9977.000001115082     350.4795570923578     312.0517243496152     0:01
4989000     9978.000001115286     355.08324102099357     273.85913930115555     0:01
4989500     9979.00000111549     337.5588675344626     254.19151687587194     0:01
4990000     9980.000001115694     321.89494438892086     219.35730238616     0:01
4990500     9981.000001115897     329.2739516212521     290.32730852290075     0:01
4991000     9982.000001116101     362.37419370077225     322.5853271222073     0:00
4991500     9983.000001116305     316.9336454574709     287.71186757862415     0:00
4992000     9984.000001116508     361.5315538387781     284.0601743272473     0:00
4992500     9985.000001116712     354.9008360394913     271.0336986511942     0:00
4993000     9986.000001116916     318.45048468888615     360.6480408594378     0:00
4993500     9987.00000111712     356.1244743128118     257.19135953418333     0:00
4994000     9988.000001117323     382.4799725933559     272.171832701898     0:00
4994500     9989.000001117527     325.2248232245644     280.1772818343612     0:00
4995000     9990.00000111773     328.73246831817903     277.17189792665084     0:00
4995500     9991.000001117935     345.3111287888072     252.0573565499451     0:00
4996000     9992.000001118138     328.8954211927377     271.8998127175583     0:00
4996500     9993.000001118342     342.2335646211402     236.3325452375684     0:00
4997000     9994.000001118546     313.6942694635875     257.47079019163414     0:00
4997500     9995.00000111875     369.81280780656846     246.588674925103     0:00
4998000     9996.000001118953     351.04817213110675     309.5693788238086     0:00
4998500     9997.000001119157     325.35283481324416     363.3362179071953     0:00
4999000     9998.00000111936     320.5535505230929     227.5317797108235     0:00
4999500     9999.000001119564     328.3525918954115     256.62303418807306     0:00
5000000     10000.000001119768     316.422848311376     335.60627268147715     0:00
