#"Step"     "Time (ps)"     "Potential Energy (kJ/mole)"     "Temperature (K)"     "Time Remaining"
500     1.0000000000000007     61.33758554603304     277.31335464189783     --
1000     2.0000000000000013     44.55475737035994     349.8241352716436     9:44
1500     2.999999999999891     41.71586780242609     314.02868799970463     9:39
2000     3.999999999999781     47.12572697639126     239.26166622266953     9:37
2500     4.999999999999671     37.32911113498852     160.74808004387293     9:34
3000     5.999999999999561     65.15728285544981     312.55390704740074     9:28
3500     6.999999999999451     37.59727335309475     201.01659763186677     9:24
4000     7.999999999999341     38.26773492322371     241.3771829612437     9:20
4500     8.999999999999675     56.797249826158975     253.0410774339597     9:15
5000     10.000000000000009     53.827134035473705     321.8890790278348     9:11
5500     11.000000000000343     53.29546184450692     364.45750429800495     9:08
6000     12.000000000000677     52.82869040107295     157.87403234300908     9:05
6500     13.00000000000101     58.221103971352875     292.53698859869695     9:03
7000     14.000000000001345     53.06286653605997     442.0215071898442     9:01
7500     15.000000000001679     48.79494264327417     249.94153245752983     9:00
8000     16.00000000000201     81.09949701219318     217.7453813076188     8:58
8500     17.000000000001457     40.71398812363981     404.8339192624435     8:57
9000     18.000000000000902     53.317346641916515     386.38049102571944     8:56
9500     19.000000000000348     66.52262284349575     291.8558564329606     8:55
10000     19.999999999999794     74.3786102966231     324.88785616000024     8:54
10500     20.99999999999924     68.0029726891076     244.91950673947565     8:53
11000     21.999999999998685     48.17221748317121     237.66051210310084     8:53
11500     22.99999999999813     67.04203177206625     333.1127758267915     8:52
12000     23.999999999997577     43.60905926253446     314.6375597693682     8:51
12500     24.999999999997023     40.09205059445452     235.96702473047438     8:51
13000     25.99999999999647     45.765948416594654     403.5742309332322     8:50
13500     26.999999999995914     62.57250887809613     252.27536152667278     8:50
14000     27.99999999999536     59.92281847333868     317.3043527333709     8:49
14500     28.999999999994806     51.331065056629484     301.43883767906385     8:49
15000     29.99999999999425     59.69864362861716     241.60095808008563     8:48
15500     30.999999999993697     46.973550589643935     231.2785184885823     8:48
16000     31.999999999993143     60.760835850366846     472.6101017148204     8:47
16500     32.999999999994365     46.10955572479054     283.12770681942584     8:47
17000     33.99999999999559     72.79849384656319     235.69677119113285     8:47
17500     34.99999999999681     64.63448964126104     262.8243861851196     8:46
18000     35.99999999999803     57.32994297291077     306.97604710910065     8:46
18500     36.999999999999254     64.90823672205232     257.1281235642008     8:46
19000     38.000000000000476     50.4101352769286     289.30061387723197     8:46
19500     39.0000000000017     58.89058047198779     352.31292725202604     8:45
20000     40.00000000000292     47.53262675560046     190.80786627894693     8:45
20500     41.00000000000414     43.917644825135824     285.9572325016038     8:45
21000     42.000000000005365     62.57830698979001     317.76627106885155     8:45
21500     43.00000000000659     57.28840913792834     420.94764585815784     8:44
22000     44.00000000000781     46.64685276430026     296.7680814605599     8:44
22500     45.00000000000903     49.07712865370206     269.86197058023976     8:44
23000     46.00000000001025     53.71891128540773     276.541207069703     8:44
23500     47.000000000011475     47.67597556968616     230.7031417323531     8:44
24000     48.0000000000127     53.48625129084496     299.1599023676107     8:43
24500     49.00000000001392     42.485865321479025     327.75467673867246     8:43
25000     50.00000000001514     58.89804495089379     285.7930805565619     8:43
25500     51.000000000016364     58.714774515520446     352.71840332252344     8:43
26000     52.000000000017586     45.59446842079507     471.88299943461647     8:43
26500     53.00000000001881     64.6685947132346     346.40697100373546     8:42
27000     54.00000000002003     54.94115593363159     266.1101408952408     8:42
27500     55.00000000002125     37.942498692781044     252.1750560936467     8:42
28000     56.000000000022474     51.51986127285994     273.553971085573     8:42
28500     57.0000000000237     49.9158927599816     428.98344293709897     8:42
29000     58.00000000002492     51.68309813723539     393.53175556551247     8:42
29500     59.00000000002614     57.27027781816372     443.51434436494367     8:42
30000     60.00000000002736     52.545441822824614     313.7218833138255     8:41
30500     61.000000000028585     57.21225127346139     295.6306473195881     8:41
31000     62.00000000002981     45.91328842885872     296.79968323504187     8:41
31500     63.00000000003103     42.735385062525324     240.22374248419968     8:41
32000     64.00000000003224     50.044390016841874     305.85604984128855     8:41
32500     65.00000000002991     68.96124201451403     237.1738529136262     8:41
33000     66.00000000002758     54.30319654832738     351.0662992006321     8:41
33500     67.00000000002525     52.79859111767172     253.21970406412674     8:40
34000     68.00000000002292     63.69510376698446     259.6950489726816     8:40
34500     69.00000000002059     62.10089235266702     185.19327372197773     8:40
35000     70.00000000001826     57.643386826206154     257.07423208099306     8:40
35500     71.00000000001593     44.90080551617183     332.48240916388517     8:40
36000     72.0000000000136     47.910268472593145     201.13564112205657     8:40
36500     73.00000000001127     61.71306672340711     229.5363496969197     8:40
37000     74.00000000000894     52.8124260348157     278.390709809588     8:40
37500     75.00000000000661     46.7002237853639     250.0457732661875     8:40
38000     76.00000000000428     55.49336194923808     189.53845406599936     8:39
38500     77.00000000000195     61.97593678264923     272.7795473253605     8:39
39000     77.99999999999962     41.783923732666665     446.5524865636459     8:39
39500     78.99999999999729     62.146505232686195     314.8733488131683     8:39
40000     79.99999999999496     52.64885976037402     260.9624933525     8:39
40500     80.99999999999262     69.91501218912401     306.0997377787003     8:39
41000     81.9999999999903     81.81138717574134     336.35362423863666     8:39
41500     82.99999999998796     58.69018905044777     186.53609667976448     8:39
42000     83.99999999998563     56.92588035119758     275.88260597813525     8:39
42500     84.9999999999833     61.97257909915453     304.1437817862546     8:39
43000     85.99999999998097     49.6780689176868     312.04701271016916     8:39
43500     86.99999999997864     56.8018396335425     465.10635767558836     8:38
44000     87.99999999997631     72.79699519475002     219.88877173451002     8:38
44500     88.99999999997398     55.72698271807508     196.91791461632386     8:38
45000     89.99999999997165     54.751172837531556     356.2170261266089     8:38
45500     90.99999999996932     52.73115668247527     259.5699916418484     8:38
46000     91.99999999996699     44.33469335461842     257.42655943131973     8:38
46500     92.99999999996466     66.79783181312979     214.41754380838677     8:38
47000     93.99999999996233     64.39238748576537     280.1610716640504     8:38
47500     94.99999999996     59.196543131940075     356.2064632036991     8:38
48000     95.99999999995767     67.89142869501188     419.5146720597946     8:38
48500     96.99999999995534     59.29277409826511     247.25740574439473     8:38
49000     97.999999999953     57.54583653888227     333.27752578462855     8:37
49500     98.99999999995067     69.38607564673356     316.3807472074815     8:37
50000     99.99999999994834     49.69255571702587     469.0241806192848     8:37
50500     100.99999999994601     87.30276744993131     351.8686506330641     8:37
51000     101.99999999994368     56.541683508817925     362.73262275520887     8:37
51500     102.99999999994135     48.06250554353346     303.53862277219935     8:37
52000     103.99999999993902     50.65477142971491     244.3362687257876     8:37
52500     104.99999999993669     46.71911936072814     262.00673335580314     8:37
53000     105.99999999993436     36.72973707118507     265.00916165494357     8:37
53500     106.99999999993203     60.90713841954965     359.12861218434375     8:37
54000     107.9999999999297     56.329929455780245     248.99154364950334     8:37
54500     108.99999999992737     58.984508069233755     246.3896624411088     8:37
55000     109.99999999992504     51.19720426185768     309.75412334703714     8:37
55500     110.99999999992271     44.57640131710838     265.95095827861866     8:37
56000     111.99999999992038     46.81904193962521     311.90131865818864     8:36
56500     112.99999999991805     69.25797930954997     229.0248474315774     8:36
57000     113.99999999991572     50.83993547451837     206.89403778582258     8:36
57500     114.99999999991338     55.21578467072379     247.07738936174837     8:36
58000     115.99999999991105     64.46562122936768     230.934525021269     8:36
58500     116.99999999990872     35.85024049993575     277.42324077659134     8:36
59000     117.9999999999064     53.42917956522609     239.05343183176817     8:36
59500     118.99999999990406     52.428755242418276     185.9629630043323     8:36
60000     119.99999999990173     49.609969541586054     295.01356035762893     8:36
60500     120.9999999998994     62.461008499337765     350.70861140500034     8:36
61000     121.99999999989707     66.82742192843273     329.740776395308     8:36
61500     122.99999999989474     59.338978498226936     387.68914546700125     8:36
62000     123.99999999989241     46.353511241893386     343.1881795828301     8:36
62500     124.99999999989008     60.20409682461707     295.4001529123183     8:36
63000     125.99999999988775     51.07170071870905     338.9052966138398     8:36
63500     126.99999999988542     59.27343667338096     263.1392569718165     8:36
64000     127.99999999988309     60.9590430353789     304.5988993367474     8:35
64500     128.99999999988785     54.9246085626408     288.69835904697345     8:35
65000     129.99999999989262     57.3550841120055     363.0528000456914     8:35
65500     130.9999999998974     55.65240597085682     163.5681870971854     8:35
66000     131.99999999990217     56.08249795327447     164.0295318325106     8:35
66500     132.99999999990695     53.18918434171019     288.9635332557035     8:35
67000     133.99999999991172     41.742544448831325     263.26961673766203     8:35
67500     134.9999999999165     41.14069915061208     261.89750800926373     8:35
68000     135.99999999992127     35.36525392143221     328.1046006973244     8:35
68500     136.99999999992605     48.634775360504534     308.10894258192815     8:35
69000     137.99999999993082     66.12848867384133     398.4870464269071     8:35
69500     138.9999999999356     60.30704460543967     492.03971897112984     8:35
70000     139.99999999994037     71.28423790363996     419.01499899589305     8:35
70500     140.99999999994515     65.45588789606859     325.1594498757563     8:35
71000     141.99999999994992     54.31481934765111     305.95424309660996     8:35
71500     142.9999999999547     68.76248020379313     257.61910195025206     8:34
72000     143.99999999995947     47.309902309261645     279.35356989122585     8:34
72500     144.99999999996425     64.08786728449286     382.1636539102294     8:34
73000     145.99999999996902     89.13031286481339     237.4995624763731     8:34
73500     146.9999999999738     45.60906013240111     287.93685461064706     8:34
74000     147.99999999997857     62.801046256236475     324.74380162989627     8:34
74500     148.99999999998334     67.02722542764718     276.6749784534972     8:34
75000     149.99999999998812     48.32041419654928     317.1392912237521     8:34
75500     150.9999999999929     46.78460595699994     284.1783342155087     8:34
76000     151.99999999999767     34.41412688938249     254.57607194390874     8:34
76500     153.00000000000244     46.25778065277302     298.4889869399918     8:34
77000     154.00000000000722     56.46652112951682     343.6629860482686     8:34
77500     155.000000000012     48.69800900009864     450.6279329603601     8:34
78000     156.00000000001677     72.55785697259637     363.64588100317167     8:34
78500     157.00000000002154     62.17659268763509     422.1223690952001     8:34
79000     158.00000000002632     40.17944011973532     300.9299686063199     8:34
79500     159.0000000000311     51.251537095355104     285.978730349551     8:33
80000     160.00000000003587     45.675949747726634     290.94212562604514     8:33
80500     161.00000000004064     44.648872213362495     232.50097124546673     8:33
81000     162.00000000004542     58.97686152359432     266.3530776596065     8:33
81500     163.0000000000502     50.14375868507551     415.09812717638613     8:33
82000     164.00000000005497     69.57377042563184     380.238697029444     8:33
82500     165.00000000005974     52.53232343828216     278.7803196502833     8:33
83000     166.00000000006452     47.57547618954874     422.9099200742378     8:33
83500     167.0000000000693     63.12347314528648     362.3514219063549     8:33
84000     168.00000000007407     63.920143904281986     334.6326710949186     8:33
84500     169.00000000007884     54.716002971020146     448.09662510870265     8:33
85000     170.00000000008362     53.18258748028205     332.97022834124385     8:33
85500     171.0000000000884     64.04112134751148     349.96309501948537     8:33
86000     172.00000000009317     55.44862034242004     357.4703372349736     8:33
86500     173.00000000009794     67.53566854217917     293.0038632812732     8:33
87000     174.00000000010272     38.29890947669929     453.85553346914503     8:32
87500     175.0000000001075     45.41761105190602     186.34833645283072     8:32
88000     176.00000000011227     34.30984991747221     304.8567577700446     8:32
88500     177.00000000011704     54.168385301514775     300.2117611488609     8:32
89000     178.00000000012182     62.27206583501345     174.834357892959     8:32
89500     179.0000000001266     52.40683920632921     209.10508745590988     8:32
90000     180.00000000013137     46.71599292934559     327.7763251917778     8:32
90500     181.00000000013614     51.311542188688236     223.88145313132515     8:32
91000     182.00000000014091     58.27364049500949     190.23756633456475     8:32
91500     183.0000000001457     57.11917392709023     323.75619042545566     8:32
92000     184.00000000015046     72.88607877926603     218.3896367765183     8:32
92500     185.00000000015524     67.03879255518854     360.65254796229743     8:32
93000     186.00000000016001     65.35960369201251     480.8663258450182     8:32
93500     187.0000000001648     48.264067607409686     321.7305424500635     8:32
94000     188.00000000016956     69.1998154613454     433.54444457791175     8:32
94500     189.00000000017434     56.33898103724124     300.53704310291226     8:31
95000     190.0000000001791     64.2336961665099     313.3328398076191     8:31
95500     191.0000000001839     47.62426086640511     405.7851657089124     8:31
96000     192.00000000018866     84.9343007992913     215.2962988105866     8:31
96500     193.00000000019344     52.66653065556454     350.1469932055819     8:31
97000     194.0000000001982     50.18198086139745     340.7633064320647     8:31
97500     195.000000000203     52.86170675645354     273.32875983508023     8:31
98000     196.00000000020776     59.056962602326394     254.6533533515094     8:31
98500     197.00000000021254     59.22480413825605     254.1921957797546     8:31
99000     198.0000000002173     55.71534044598553     307.05427063146436     8:31
99500     199.0000000002221     51.243582743544664     369.49180870190645     8:31
100000     200.00000000022686     41.55437273979118     275.28565842666677     8:31
100500     201.00000000023164     60.461300985924424     347.4169009795681     8:31
101000     202.0000000002364     65.45794352332103     346.15367339886564     8:31
101500     203.0000000002412     63.99628310014782     276.1939204814077     8:31
102000     204.00000000024596     38.42110498366884     258.625955497553     8:31
102500     205.00000000025074     40.3687053739024     212.15087560615217     8:30
103000     206.0000000002555     56.27308549711233     297.85900782773933     8:30
103500     207.0000000002603     50.72434058383516     324.6027052917103     8:30
104000     208.00000000026506     46.73834057476648     276.0301247780516     8:30
104500     209.00000000026984     42.838553215119475     306.4841827961077     8:30
105000     210.0000000002746     46.01646745110196     278.68771227573586     8:30
105500     211.00000000027939     42.42229620261884     262.859181946618     8:30
106000     212.00000000028416     48.280245505075015     202.82802718916588     8:30
106500     213.00000000028894     47.85668174664727     228.84029486927744     8:30
107000     214.0000000002937     50.36097640843826     291.7347735186072     8:30
107500     215.00000000029848     50.65971929913695     299.0299580525786     8:30
108000     216.00000000030326     80.14257212934086     361.79652783914213     8:30
108500     217.00000000030803     67.26081482896058     310.68182031507564     8:30
109000     218.0000000003128     66.07163372601582     359.98352887364877     8:30
109500     219.00000000031758     76.28924110744623     316.3871535878698     8:30
110000     220.00000000032236     51.012264713390095     329.96356769446095     8:30
110500     221.00000000032713     47.998336786524476     306.98426854986946     8:30
111000     222.0000000003319     42.86739346512542     265.50395217881237     8:30
111500     223.00000000033668     46.41775854483393     248.7662981050645     8:29
112000     224.00000000034146     44.546804577336104     222.37360818914564     8:29
112500     225.00000000034623     46.63375857963496     250.3892558118288     8:29
113000     226.000000000351     47.57831690674635     283.4044702022474     8:29
113500     227.00000000035578     45.4791080214016     283.73934336896383     8:29
114000     228.00000000036056     47.521913351624335     326.60448816811686     8:29
114500     229.00000000036533     67.48826720631246     287.5574752643979     8:29
115000     230.0000000003701     29.19231203233329     471.92726003461974     8:29
115500     231.00000000037488     71.09936111401896     219.66522771230223     8:29
116000     232.00000000037966     46.317138086233115     570.6109536608708     8:29
116500     233.00000000038443     64.21692677934067     356.0053947217487     8:29
117000     234.0000000003892     57.42949186361773     284.89212569771263     8:29
117500     235.00000000039398     39.06859470867545     366.9589263318692     8:29
118000     236.00000000039876     78.84719876304786     232.34326872988746     8:29
118500     237.00000000040353     46.75062269206683     453.5543057151607     8:29
119000     238.0000000004083     50.249299961848465     393.6504983539825     8:29
119500     239.00000000041308     53.43316321448583     291.335646635593     8:29
120000     240.00000000041786     43.44207815848819     369.8756470845945     8:28
120500     241.00000000042263     46.69945564350479     299.75945616210936     8:28
121000     242.0000000004274     49.22651296667095     237.17231947048137     8:28
121500     243.00000000043218     34.60107671680373     343.1724324615217     8:28
122000     244.00000000043696     35.920276609480425     331.93332012205906     8:28
122500     245.00000000044173     47.98122031808447     321.3132582667225     8:28
123000     246.0000000004465     47.114881857231865     351.3267388588476     8:28
123500     247.00000000045128     44.91946502481164     330.1394683676319     8:28
124000     248.00000000045605     58.95060438789557     242.1893787663824     8:28
124500     249.00000000046083     45.17202797997885     233.44350241289345     8:28
125000     250.0000000004656     43.0490320446396     406.84124971745194     8:28
125500     251.00000000047038     53.17260611450132     344.58688781960217     8:28
126000     252.00000000047515     64.40985245788704     234.95844481236284     8:28
126500     253.00000000047993     57.06955123753727     226.4754799604252     8:28
127000     254.0000000004847     56.29685564167892     241.77254767000758     8:28
127500     255.00000000048948     64.08075489737757     296.4609967074541     8:28
128000     256.00000000049425     71.39128849523928     286.0407545234105     8:28
128500     257.000000000499     54.927664676204586     313.57264758846503     8:28
129000     258.0000000005038     44.479350584353995     339.991719914641     8:28
129500     259.0000000005086     58.867317636510336     411.4928197324791     8:27
130000     260.00000000051335     75.07658082130695     394.968639600301     8:27
130500     261.0000000005181     88.92063007403993     279.47465406496144     8:27
131000     262.0000000005229     69.3015509443182     256.72627543476415     8:27
131500     263.0000000005277     76.25255506363328     266.5372396378367     8:27
132000     264.00000000053245     63.75600048998973     354.43472498980276     8:27
132500     265.0000000005372     57.39954809762281     503.0349288907041     8:27
133000     266.000000000542     50.35501368177404     381.84863688988366     8:27
133500     267.0000000005468     43.183960714944135     254.72030356252552     8:27
134000     268.00000000055155     40.717507267117355     255.70279547518865     8:27
134500     269.0000000005563     81.59882631674685     323.8935997769306     8:27
135000     270.0000000005611     53.9968726395976     334.72919922899837     8:27
135500     271.0000000005659     66.64586827284683     350.8913832190301     8:27
136000     272.00000000057065     56.98690737848864     399.0620423653334     8:27
136500     273.0000000005754     56.658159118872845     339.25122061719395     8:27
137000     274.0000000005802     48.460655732567545     166.4543734018454     8:27
137500     275.000000000585     62.17251357870089     333.47971983942244     8:27
138000     276.00000000058975     72.0207697011727     354.8755337545569     8:27
138500     277.0000000005945     53.48525041786337     380.0024660878041     8:26
139000     278.0000000005993     66.3935686230256     440.57948085533417     8:26
139500     279.0000000006041     68.49371919578624     332.17664642302753     8:26
140000     280.00000000060885     56.67262246644469     301.0378381794807     8:26
140500     281.0000000006136     54.6373724430328     239.35640644574292     8:26
141000     282.0000000006184     48.73419323318359     248.0835145501962     8:26
141500     283.0000000006232     42.87674925416712     430.1236810925446     8:26
142000     284.00000000062795     32.92459683614612     259.75272829005206     8:26
142500     285.0000000006327     53.88479462664441     255.93356621997637     8:26
143000     286.0000000006375     79.94261283468103     318.68976228158715     8:26
143500     287.0000000006423     50.651208544585586     477.9906328581824     8:26
144000     288.00000000064705     44.0909641169971     348.70647333437483     8:26
144500     289.0000000006518     46.128643195735606     387.0978916309078     8:26
145000     290.0000000006566     80.88613173104937     235.8454910541681     8:26
145500     291.0000000006614     52.93985131555149     312.01872582339524     8:26
146000     292.00000000066615     47.653298562466205     292.1388445545067     8:28
146500     293.0000000006709     83.33451858124164     284.04817493362225     8:28
147000     294.0000000006757     64.87350810728418     274.7290047118904     8:28
147500     295.0000000006805     56.47581539945912     385.90999530446555     8:28
148000     296.00000000068525     36.21957790934721     461.6526566956002     8:28
148500     297.00000000069     80.23214539063923     210.70250179159058     8:28
149000     298.0000000006948     58.850718566765295     408.95898614137684     8:28
149500     299.0000000006996     79.18167520023263     230.3309551053644     8:28
150000     300.00000000070435     51.74216054601334     334.3895153191441     8:27
150500     301.0000000007091     48.450206872877516     238.06155209666568     8:27
151000     302.0000000007139     52.13108619901692     322.8104507729803     8:27
151500     303.00000000071867     55.33835128012021     364.80935049772836     8:27
152000     304.00000000072345     67.69482345862451     205.2544941123274     8:27
152500     305.0000000007282     61.70223809614697     238.3950426070371     8:27
153000     306.000000000733     68.78522662379618     330.42843889370414     8:27
153500     307.00000000073777     58.466595771334426     299.85233114326536     8:27
154000     308.00000000074255     64.41017654442942     205.73180403583322     8:27
154500     309.0000000007473     66.02961767926439     289.3150006235729     8:27
155000     310.0000000007521     66.40574312095822     354.62654982435714     8:27
155500     311.00000000075687     53.616955528564176     431.39286409793124     8:27
156000     312.00000000076164     73.04712376827212     330.4284135607468     8:27
156500     313.0000000007664     71.68088713940358     484.1293446376118     8:27
157000     314.0000000007712     75.10212826426294     412.0776821070195     8:27
157500     315.00000000077597     67.82287257116451     344.11627761566234     8:26
158000     316.00000000078074     78.40025337145181     164.63313231265246     8:26
158500     317.0000000007855     49.77490184439171     259.60770669972993     8:26
159000     318.0000000007903     44.80907868433769     427.43972623664234     8:26
159500     319.00000000079507     39.87501226949104     398.70172924218735     8:26
160000     320.00000000079984     64.58766278758259     163.6029871212082     8:26
160500     321.0000000008046     52.757077634004986     341.9741874524574     8:26
161000     322.0000000008094     60.348732730980885     195.30062519510173     8:26
161500     323.00000000081417     53.35076006298783     366.55793443701697     8:26
162000     324.00000000081894     48.482180043520714     410.25449701608375     8:26
162500     325.0000000008237     60.18676392899789     278.32348185635846     8:26
163000     326.0000000008285     54.89283895188515     275.8555515421598     8:26
163500     327.00000000083327     52.66732651595606     367.01321432671955     8:26
164000     328.00000000083804     47.60374445603969     284.3174054671131     8:26
164500     329.0000000008428     84.60694133081284     310.619750210094     8:26
165000     330.0000000008476     81.46451960628809     334.3341426087152     8:26
165500     331.00000000085237     72.49539004462332     429.40400257979746     8:25
166000     332.00000000085714     44.82421452669263     425.71571889884586     8:25
166500     333.0000000008619     61.976764465343706     237.90374462853302     8:25
167000     334.0000000008667     50.45480975026504     254.43329442735802     8:25
167500     335.00000000087147     46.88017043797748     520.3257883091162     8:25
168000     336.00000000087624     42.44606652046184     350.956801149408     8:25
168500     337.000000000881     53.03372081187064     240.68933453444046     8:25
169000     338.0000000008858     42.20525748718126     347.14979918950155     8:25
169500     339.00000000089057     56.53584631964799     254.98969529693832     8:25
170000     340.00000000089534     65.43898302459382     245.35848145624078     8:25
170500     341.0000000009001     71.24380470299508     262.82114787753704     8:25
171000     342.0000000009049     39.51732459954002     270.9387345164236     8:25
171500     343.00000000090967     62.62360751636771     249.87840563400485     8:25
172000     344.00000000091444     53.11303907567827     223.11054643810192     8:25
172500     345.0000000009192     51.35824543509489     259.93140507753725     8:25
173000     346.000000000924     61.14433792750435     173.5114723601327     8:25
173500     347.00000000092876     47.845376724961056     293.3537789933935     8:24
174000     348.00000000093354     46.75938821757876     401.99382058229804     8:24
174500     349.0000000009383     55.389782169078615     227.10013149845895     8:24
175000     350.0000000009431     42.33849143782203     191.81339616711523     8:24
175500     351.00000000094786     49.88394614213888     256.03776624402576     8:24
176000     352.00000000095264     38.52238852391656     180.67234901349158     8:24
176500     353.0000000009574     51.60634370422241     258.8201711723432     8:24
177000     354.0000000009622     56.52001265962889     204.3493731021127     8:24
177500     355.00000000096696     39.57937670666985     282.6805515433757     8:24
178000     356.00000000097174     57.022670117367056     294.3830572455048     8:24
178500     357.0000000009765     50.96029293526584     242.08010469030404     8:24
179000     358.0000000009813     56.063452116507165     212.3370003799827     8:24
179500     359.00000000098606     40.14600723792597     268.2345694824385     8:24
180000     360.00000000099084     43.49016785706988     191.71204438123004     8:24
180500     361.0000000009956     43.40399483727526     232.14071658671747     8:24
181000     362.0000000010004     46.33060418173767     305.91043025541745     8:24
181500     363.00000000100516     74.29782811079264     227.54542918576044     8:24
182000     364.00000000100994     60.1219675359805     358.5949150696072     8:23
182500     365.0000000010147     49.87927907824411     378.4116174927982     8:23
183000     366.0000000010195     62.09551075051667     298.36902700706077     8:23
183500     367.00000000102426     63.398080953054034     224.38517656214094     8:23
184000     368.00000000102904     52.74941841140202     393.04648053395385     8:23
184500     369.0000000010338     49.194930706600815     418.60682218026244     8:23
185000     370.0000000010386     46.49843744508149     375.299405650176     8:23
185500     371.00000000104336     52.9955477995515     320.31926780704873     8:23
186000     372.00000000104814     55.9733094700145     293.0121860054337     8:23
186500     373.0000000010529     35.01313361246014     214.2203817604961     8:23
187000     374.0000000010577     46.423746459335064     258.4289701022351     8:23
187500     375.00000000106246     66.2054505641076     393.47244069816315     8:23
188000     376.00000000106724     58.83701355841953     398.9676842194452     8:23
188500     377.000000001072     53.87696291719408     301.2266310029448     8:23
189000     378.0000000010768     73.88536161672107     296.702832093646     8:23
189500     379.00000000108156     51.268310224509094     337.75886471984694     8:23
190000     380.00000000108633     45.461049324635155     357.6029053275112     8:23
190500     381.0000000010911     43.942454952399146     238.55129406002084     8:23
191000     382.0000000010959     57.70206796483893     287.87712332372877     8:22
191500     383.00000000110066     43.19370458421872     334.7827196303963     8:22
192000     384.00000000110543     59.0414531746581     348.70292641760545     8:22
192500     385.0000000011102     86.053332004933     310.0108352823711     8:22
193000     386.000000001115     79.66802357619753     378.2583187098259     8:22
193500     387.00000000111976     67.37932498561037     284.36871463555246     8:22
194000     388.00000000112453     45.26759911477012     325.0637545565957     8:22
194500     389.0000000011293     49.98981386499628     283.2966203916998     8:22
195000     390.0000000011341     50.54351748921988     310.6725049555507     8:22
195500     391.00000000113886     51.24879803835961     288.8192753111549     8:22
196000     392.00000000114363     65.76207951648695     386.49026030427586     8:22
196500     393.0000000011484     63.05479398098322     348.1654535418221     8:22
197000     394.0000000011532     53.985495976453024     294.71763247145475     8:22
197500     395.00000000115796     50.242291681375605     257.26251785780744     8:22
198000     396.00000000116273     57.34954857929591     309.19248083185465     8:22
198500     397.0000000011675     50.96218131871484     372.0113418143487     8:22
199000     398.0000000011723     37.58583244491098     440.45940941864046     8:22
199500     399.00000000117706     62.12367700802889     323.66224002877436     8:21
200000     400.00000000118183     47.973335359831935     297.58638112795063     8:21
200500     401.0000000011866     67.0832964563337     332.10882878830057     8:21
201000     402.0000000011914     44.178423304784076     385.01039689712394     8:21
201500     403.00000000119616     59.53235866110964     183.69705471816243     8:21
202000     404.00000000120093     60.806165496790584     297.88670774553134     8:21
202500     405.0000000012057     56.66292043807516     276.3483657805073     8:21
203000     406.0000000012105     70.96651301302313     321.91477588612435     8:21
203500     407.00000000121526     72.02115120361776     379.310880032594     8:21
204000     408.00000000122003     69.92164000072256     251.88509535409892     8:21
204500     409.0000000012248     46.901890209151645     263.293545387011     8:21
205000     410.0000000012296     55.62750705990635     237.1599027248601     8:21
205500     411.00000000123435     53.88056809401337     206.33497186975077     8:21
206000     412.00000000123913     42.70222952579729     218.437429168595     8:21
206500     413.0000000012439     65.89069618131845     235.59278472924237     8:21
207000     414.0000000012487     42.92398374896328     274.2915253661774     8:21
207500     415.00000000125345     36.547662318633854     324.52584044899197     8:21
208000     416.00000000125823     47.14928170317245     241.54437493382795     8:20
208500     417.000000001263     58.94107549936655     326.66739498725866     8:20
209000     418.0000000012678     59.00118158892138     341.4095405357176     8:20
209500     419.00000000127255     59.44486395979396     295.45627757079757     8:20
210000     420.00000000127733     29.245874115845083     294.8277208823051     8:20
210500     421.0000000012821     48.44773546066523     234.85365283024052     8:20
211000     422.0000000012869     57.493017638212336     260.31692066669234     8:20
211500     423.00000000129165     70.19445720594348     258.1001608608235     8:20
212000     424.0000000012964     62.88109022562429     311.669787827804     8:20
212500     425.0000000013012     65.8752087731877     326.56856293453393     8:20
213000     426.000000001306     64.6437848486874     320.7075520026626     8:20
213500     427.00000000131075     55.14991868538897     330.35336886437545     8:20
214000     428.0000000013155     44.7867279846493     353.37376755964203     8:20
214500     429.0000000013203     76.46802861131164     389.8887159651886     8:20
215000     430.0000000013251     61.30409984154238     260.71829691530525     8:20
215500     431.00000000132985     41.91268369298183     279.57432690061955     8:20
216000     432.0000000013346     40.69692132165852     387.17559711124625     8:20
216500     433.0000000013394     53.80803718658541     422.63315010387845     8:19
217000     434.0000000013442     43.28592342575217     516.6381916695939     8:19
217500     435.00000000134895     64.60871234818029     338.5679048280318     8:19
218000     436.0000000013537     68.97066832499962     350.9934941217567     8:19
218500     437.0000000013585     54.89818451686409     269.2959139304376     8:19
219000     438.0000000013633     47.8304595010606     472.25752618748845     8:19
219500     439.00000000136805     64.97266194426021     271.2363912437351     8:19
220000     440.0000000013728     53.602530181473696     321.46858591442293     8:19
220500     441.0000000013776     53.37289442558256     220.8061692811457     8:19
221000     442.0000000013824     55.5831402953724     273.8114612464515     8:19
221500     443.00000000138715     64.1013481641084     239.00526240003515     8:19
222000     444.0000000013919     43.42025713075412     272.23514739941413     8:19
222500     445.0000000013967     60.55656945569166     296.3787014086788     8:19
223000     446.0000000014015     60.18308916113267     335.39590284659226     8:19
223500     447.00000000140625     64.37867176595779     370.00268329237     8:19
224000     448.000000001411     48.322993253658694     210.61580398326214     8:19
224500     449.0000000014158     47.52573128937951     338.8204126065096     8:19
225000     450.0000000014206     36.783328587589324     338.855137551978     8:18
225500     451.00000000142535     59.02875089265075     319.3005884186779     8:18
226000     452.0000000014301     37.979140508574744     376.3575919551136     8:18
226500     453.0000000014349     38.3949374554972     194.01386252198864     8:18
227000     454.0000000014397     26.78654187806552     172.6777348950776     8:18
227500     455.00000000144445     52.83800663913979     275.54676788246286     8:18
228000     456.0000000014492     61.33708624147795     305.0796009944945     8:18
228500     457.000000001454     37.93226101431759     275.5727125120913     8:18
229000     458.0000000014588     44.03133068238975     236.1071329380092     8:18
229500     459.00000000146355     52.3191094111059     166.98452453223982     8:18
230000     460.0000000014683     71.59744430770309     333.395583566056     8:18
230500     461.0000000014731     60.60360290350985     439.4870989329554     8:18
231000     462.0000000014779     43.488799457690504     181.01725766416385     8:18
231500     463.00000000148265     50.20861373738313     173.09095640830904     8:18
232000     464.0000000014874     53.490608883741004     211.50679136479445     8:18
232500     465.0000000014922     49.18496209220376     265.87217965933036     8:18
233000     466.00000000149697     43.70745048778457     321.9065543848083     8:18
233500     467.00000000150175     63.32557295911198     319.35981241675745     8:18
234000     468.0000000015065     64.68016250767215     463.252781124905     8:17
234500     469.0000000015113     68.21211234914671     224.0656255721152     8:17
235000     470.00000000151607     60.14178513793206     288.53582608619047     8:17
235500     471.00000000152085     82.18768535230163     412.800180134329     8:17
236000     472.0000000015256     68.41221029391016     272.6880402270275     8:17
236500     473.0000000015304     59.484137594358856     457.29243012490355     8:17
237000     474.00000000153517     65.2780932699286     343.89760856508474     8:17
237500     475.00000000153995     47.873800419453914     179.72691451901142     8:17
238000     476.0000000015447     45.9603292358608     175.46897375985418     8:17
238500     477.0000000015495     38.690852681655485     388.8850693377908     8:17
239000     478.00000000155427     63.75588204711448     333.32307608888266     8:17
239500     479.00000000155904     63.916035456103316     340.49681948692074     8:17
240000     480.0000000015638     55.819896372640585     323.23448233865986     8:17
240500     481.0000000015686     78.03868928160006     342.61252731252523     8:17
241000     482.00000000157337     56.61573382066808     328.4071251305995     8:17
241500     483.00000000157814     56.10285664955933     337.79422226268326     8:17
242000     484.0000000015829     48.206194256831566     214.60005371935623     8:17
242500     485.0000000015877     48.04474563760044     297.5418180340299     8:17
243000     486.00000000159247     59.34059841570331     266.19320032719486     8:16
243500     487.00000000159724     57.9167057858204     290.8470806809165     8:16
244000     488.000000001602     49.97632698235594     239.23642868771     8:16
244500     489.0000000016068     56.14788421277075     266.481137672456     8:16
245000     490.00000000161157     54.67450417781612     357.70643661961105     8:16
245500     491.00000000161634     52.20946610103198     250.29695917773043     8:16
246000     492.0000000016211     51.15350076117147     235.68494116019517     8:16
246500     493.0000000016259     58.44504137849697     211.942154803094     8:16
247000     494.00000000163067     49.16941314037507     221.99850763933975     8:16
247500     495.00000000163544     49.62966813274022     452.6764051069097     8:16
248000     496.0000000016402     59.22177464459975     351.3985531914318     8:16
248500     497.000000001645     48.85836324909445     346.5732098904002     8:16
249000     498.00000000164977     71.73515565920434     469.5227866958342     8:16
249500     499.00000000165454     72.74285934952019     360.2795799855277     8:16
250000     500.0000000016593     42.454966447185654     309.22168212698307     8:16
250500     501.0000000016641     41.593110849688514     254.56016207166948     8:16
251000     502.00000000166887     45.654205184206546     353.5697496390656     8:16
251500     503.00000000167364     57.17145605073671     323.88154179781424     8:16
252000     504.0000000016784     46.51199708897548     242.34886886601305     8:15
252500     505.0000000016832     44.53307994957612     269.75446894043324     8:15
253000     506.00000000168797     59.56755805752772     227.77132864018904     8:15
253500     507.00000000169274     59.7019594885723     374.52917786083543     8:15
254000     508.0000000016975     52.928641806951475     344.9299748223563     8:15
254500     509.0000000017023     60.14530337424651     331.2484636240855     8:15
255000     510.00000000170706     57.97524804128966     244.8152526588671     8:15
255500     511.00000000171184     49.464005726272546     260.222653777576     8:15
256000     512.0000000017166     39.06340988911694     268.76305474080567     8:15
256500     513.0000000016929     30.966370417564974     321.1093193378871     8:15
257000     514.0000000016693     55.36159483572726     229.008211882727     8:15
257500     515.0000000016456     60.874032424247616     358.21250971855216     8:15
258000     516.000000001622     45.796018192608074     189.56519782207303     8:15
258500     517.0000000015983     79.25071880037603     280.3224361603384     8:15
259000     518.0000000015747     56.06102589850201     229.5166331966602     8:15
259500     519.000000001551     27.347608576852906     400.7942286155304     8:15
260000     520.0000000015274     51.465620949157824     213.2465018060695     8:15
260500     521.0000000015037     53.41432351891041     233.14758883100026     8:15
261000     522.0000000014801     56.89056426928954     297.9630474258712     8:14
261500     523.0000000014564     47.24784778770584     298.23785193655243     8:14
262000     524.0000000014328     56.93190373423727     259.0108910443282     8:14
262500     525.0000000014091     40.60021961237669     335.01884081203343     8:14
263000     526.0000000013855     54.17655321026473     326.3013676595578     8:14
263500     527.0000000013619     58.15063129487703     222.57035783780276     8:14
264000     528.0000000013382     48.34223979879408     329.1161976108153     8:14
264500     529.0000000013146     40.69766500196636     274.7796700453976     8:14
265000     530.0000000012909     51.09607902748439     390.4700530867554     8:14
265500     531.0000000012673     54.65753558472812     368.68425931474707     8:14
266000     532.0000000012436     61.94057470873622     232.3438459144384     8:14
266500     533.00000000122     54.8741293444445     272.90420291327115     8:14
267000     534.0000000011963     37.50752719365147     264.95623853977406     8:14
267500     535.0000000011727     35.663931382649366     297.1404289494061     8:14
268000     536.000000001149     64.74718312212792     324.80891062413235     8:14
268500     537.0000000011254     73.26705787808442     307.64301563289706     8:14
269000     538.0000000011017     55.841765709635126     259.0419686251872     8:14
269500     539.0000000010781     62.327143414276236     210.1118515386366     8:14
270000     540.0000000010544     56.442541505830036     246.31700965060438     8:13
270500     541.0000000010308     53.91580014086924     321.2441937467396     8:13
271000     542.0000000010072     48.60184936107231     374.1743137454149     8:13
271500     543.0000000009835     44.80338824316317     298.14667135727433     8:13
272000     544.0000000009599     41.36073755655008     321.9365993994105     8:13
272500     545.0000000009362     46.611668208432036     412.045985539808     8:13
273000     546.0000000009126     54.327360735349316     378.439536639969     8:13
273500     547.0000000008889     48.53571231625932     328.81772005693443     8:13
274000     548.0000000008653     45.50494262345438     474.0241782894846     8:13
274500     549.0000000008416     44.41145418954841     320.18801707673265     8:13
275000     550.000000000818     66.29211894204576     346.71313185468244     8:13
275500     551.0000000007943     54.17846337314478     336.1973265018433     8:13
276000     552.0000000007707     49.48546978276238     247.5650143036212     8:13
276500     553.000000000747     60.86135722265777     253.14989425628775     8:13
277000     554.0000000007234     50.83081307794157     271.6262870610659     8:13
277500     555.0000000006997     50.855836503635715     273.33069986492535     8:13
278000     556.0000000006761     49.67984118923437     265.5695749162209     8:13
278500     557.0000000006524     48.4456604430697     333.2377419977284     8:12
279000     558.0000000006288     47.026712617244584     236.93839639516534     8:12
279500     559.0000000006052     49.157480884053314     266.250380223838     8:12
280000     560.0000000005815     58.812503119092355     214.92703457999872     8:12
280500     561.0000000005579     57.92453464141187     271.41248474769634     8:12
281000     562.0000000005342     43.697586479193376     339.34415052678906     8:12
281500     563.0000000005106     42.7648440497465     228.53714844650767     8:12
282000     564.0000000004869     50.08152727347891     338.3048209515689     8:12
282500     565.0000000004633     61.370514610043244     222.55123029247403     8:12
283000     566.0000000004396     54.45659175124672     308.20765877149023     8:12
283500     567.000000000416     72.51397367312751     236.46303870782444     8:12
284000     568.0000000003923     57.73133727303343     303.846135715254     8:12
284500     569.0000000003687     54.88715017711894     326.4607991494783     8:12
285000     570.000000000345     68.18483252183927     376.4997124616568     8:12
285500     571.0000000003214     64.30415898438213     408.79130376051916     8:12
286000     572.0000000002977     73.54246839534068     406.10991717242996     8:12
286500     573.0000000002741     66.49753027141679     447.2588202024169     8:12
287000     574.0000000002505     64.45050158933617     327.88217781590345     8:12
287500     575.0000000002268     72.08207037513955     265.6206752209658     8:11
288000     576.0000000002032     73.27068792576779     290.0186879854909     8:11
288500     577.0000000001795     36.43302871463965     275.5742023612368     8:11
289000     578.0000000001559     31.796056925094376     259.253802814801     8:11
289500     579.0000000001322     40.619500843540834     322.7911023998261     8:11
290000     580.0000000001086     44.470024373746924     312.5291757114299     8:11
290500     581.0000000000849     40.9006104776559     346.7131192608604     8:11
291000     582.0000000000613     57.33792212622427     377.5111586852234     8:11
291500     583.0000000000376     49.923641367355     294.3551665797469     8:11
292000     584.000000000014     56.395682690035926     211.07205815041166     8:11
292500     584.9999999999903     32.95201015388977     240.46141953567238     8:11
293000     585.9999999999667     66.76774357442241     314.6455954512621     8:11
293500     586.999999999943     48.232568195471345     340.89307273826626     8:11
294000     587.9999999999194     54.38680321242498     223.71559142963002     8:11
294500     588.9999999998957     55.553613511381116     295.64243867296085     8:11
295000     589.9999999998721     64.74625445375597     238.44975181679644     8:11
295500     590.9999999998485     62.15424652607027     371.6134551200678     8:11
296000     591.9999999998248     68.99624832376315     268.84429065695986     8:11
296500     592.9999999998012     56.37650520598481     251.58893293220842     8:11
297000     593.9999999997775     37.82248365421384     327.79608702979664     8:11
297500     594.9999999997539     38.66982044854467     350.4523947459363     8:11
298000     595.9999999997302     68.68835341414916     254.43581374879741     8:10
298500     596.9999999997066     33.6391918198384     260.5371574543609     8:10
299000     597.9999999996829     42.65036257728826     240.7171695451926     8:10
299500     598.9999999996593     49.53802926913272     222.66028484741167     8:10
300000     599.9999999996356     38.551057554052875     359.05338986664407     8:10
300500     600.999999999612     44.83076632218979     295.2649500953376     8:10
301000     601.9999999995883     63.526818316772165     326.55395506974094     8:10
301500     602.9999999995647     58.72477833439194     373.59033051652744     8:10
302000     603.999999999541     63.51582479851356     354.5590909198068     8:10
302500     604.9999999995174     66.99441986103994     507.40009795529204     8:10
303000     605.9999999994938     67.19778844722981     246.96133341676946     8:10
303500     606.9999999994701     83.57935592998291     253.52621502332602     8:10
304000     607.9999999994465     51.12410384715673     172.59265839602148     8:10
304500     608.9999999994228     33.668449238497146     269.72695291666173     8:10
305000     609.9999999993992     42.45169252661282     290.0409784692211     8:10
305500     610.9999999993755     38.299902790219335     392.2353197230156     8:10
306000     611.9999999993519     61.57370748928054     287.6510684324737     8:10
306500     612.9999999993282     43.115465269336596     202.01663724332343     8:10
307000     613.9999999993046     45.73579845119747     209.34714245898277     8:09
307500     614.9999999992809     44.02301667660453     162.08869817459703     8:09
308000     615.9999999992573     44.642258963759105     204.26141021408824     8:09
308500     616.9999999992336     44.30022151885311     228.6147363199235     8:09
309000     617.99999999921     41.400129406982046     317.59614442088997     8:09
309500     618.9999999991863     44.53325802067974     231.7445602835827     8:09
310000     619.9999999991627     44.08894634153688     293.6863757299035     8:09
310500     620.999999999139     47.319881407191986     187.47483744885358     8:09
311000     621.9999999991154     57.49631033070477     296.3034812222414     8:09
311500     622.9999999990918     42.79312060873775     343.9046604515085     8:09
312000     623.9999999990681     75.45657405375334     284.0953418971221     8:09
312500     624.9999999990445     47.80045870339404     389.03203284703136     8:09
313000     625.9999999990208     54.717510220486986     251.62544716915986     8:09
313500     626.9999999989972     48.729542425052784     172.3354344249466     8:09
314000     627.9999999989735     39.19974942104278     272.6906826046394     8:09
314500     628.9999999989499     56.35230590733789     197.97440450921584     8:09
315000     629.9999999989262     51.9330535714152     273.39942580484694     8:09
315500     630.9999999989026     67.15310460127245     207.3348242207615     8:09
316000     631.9999999988789     59.291694827186745     197.20626140914146     8:09
316500     632.9999999988553     51.784061868662036     232.73354620057282     8:08
317000     633.9999999988316     57.44925698350636     267.10302774860304     8:08
317500     634.999999998808     56.64315708668863     157.41426767218908     8:08
318000     635.9999999987843     44.403146681798034     304.1566602286569     8:08
318500     636.9999999987607     54.54201141055319     254.2458516616149     8:08
319000     637.999999998737     66.63771292681935     309.78227441428425     8:08
319500     638.9999999987134     33.01682244855442     490.43713380587695     8:08
320000     639.9999999986898     54.450249019130126     197.70627756992707     8:08
320500     640.9999999986661     49.08132032561616     207.88352779475812     8:08
321000     641.9999999986425     57.62604619872769     181.55903226259588     8:08
321500     642.9999999986188     44.9672194854337     361.39172897720516     8:08
322000     643.9999999985952     40.999719715517074     359.07848354140594     8:08
322500     644.9999999985715     44.74167425044811     345.05233787449964     8:08
323000     645.9999999985479     44.23948936341054     247.23174135152524     8:08
323500     646.9999999985242     39.49878202353631     293.07506279315373     8:08
324000     647.9999999985006     52.21686383890625     319.5873590462313     8:08
324500     648.9999999984769     45.075188192770895     332.2131577537124     8:08
325000     649.9999999984533     52.49706094939262     296.4886872283174     8:08
325500     650.9999999984296     57.20988625771378     324.2298525968498     8:07
326000     651.999999998406     43.59027207449731     472.9821693786287     8:07
326500     652.9999999983823     57.62426187311115     321.8891322851706     8:07
327000     653.9999999983587     61.01730520641905     268.53953876407076     8:07
327500     654.999999998335     53.09470028613583     248.9565008553421     8:07
328000     655.9999999983114     45.003380481343015     253.64962457364177     8:07
328500     656.9999999982878     81.14276314694843     259.784456705102     8:07
329000     657.9999999982641     72.52748660505216     386.65626063488884     8:07
329500     658.9999999982405     51.21007186880826     406.3844387580556     8:07
330000     659.9999999982168     60.21025965001229     478.54825116285025     8:07
330500     660.9999999981932     85.54050320497453     383.2364820832795     8:07
331000     661.9999999981695     53.79037209551217     368.59561375074804     8:07
331500     662.9999999981459     62.204513508726336     299.655174883689     8:07
332000     663.9999999981222     68.9884508771272     338.09434592597825     8:07
332500     664.9999999980986     59.51253306615473     266.87768988176117     8:07
333000     665.9999999980749     76.9691564065426     225.98253248186253     8:07
333500     666.9999999980513     58.21545003148668     305.4388175832445     8:07
334000     667.9999999980276     63.1503589234967     220.7742476235844     8:07
334500     668.999999998004     44.66972410540353     220.46053047942266     8:06
335000     669.9999999979804     56.991040784188556     304.02990069746375     8:06
335500     670.9999999979567     44.45610113014601     210.93342986227805     8:06
336000     671.9999999979331     56.25809925186917     288.86135846354904     8:06
336500     672.9999999979094     60.43222693646254     218.4030835393584     8:06
337000     673.9999999978858     59.03928152675991     273.56091900030844     8:06
337500     674.9999999978621     55.422940631450615     287.1547914622133     8:06
338000     675.9999999978385     54.96537268395434     270.6775734259572     8:06
338500     676.9999999978148     49.50379748279653     358.16761099927453     8:06
339000     677.9999999977912     55.404461717925926     256.803285493938     8:06
339500     678.9999999977675     72.1511959941144     255.13966102803624     8:06
340000     679.9999999977439     62.96770875743954     257.14495859798103     8:06
340500     680.9999999977202     60.5351741899745     285.3525736560341     8:06
341000     681.9999999976966     83.37813276566152     251.77356155998237     8:06
341500     682.999999997673     50.44991314793623     333.9551233973382     8:06
342000     683.9999999976493     65.27015169697484     261.80977072624046     8:06
342500     684.9999999976257     50.981193489063685     334.9874296886419     8:06
343000     685.999999997602     51.89535049641216     394.7151978930446     8:06
343500     686.9999999975784     69.63901180173684     312.53839366258524     8:05
344000     687.9999999975547     57.45446818048953     280.8861409623151     8:05
344500     688.9999999975311     43.472070089939564     274.80156043308966     8:05
345000     689.9999999975074     64.9348863189208     293.9184349195599     8:05
345500     690.9999999974838     36.11147818711976     338.35932962893133     8:05
346000     691.9999999974601     45.00081702683485     215.30065598238045     8:05
346500     692.9999999974365     56.8840328319921     385.0117481173516     8:05
347000     693.9999999974128     52.874434694422405     404.5768673423526     8:05
347500     694.9999999973892     66.29283619041252     275.4170934627243     8:05
348000     695.9999999973655     57.395834252381576     308.76160035825586     8:05
348500     696.9999999973419     56.9854727776563     294.21941680338807     8:05
349000     697.9999999973182     84.33926359953506     188.79873916991332     8:05
349500     698.9999999972946     48.916286452726126     418.6407999245826     8:05
350000     699.999999997271     55.57983717247299     337.66500102678646     8:05
350500     700.9999999972473     59.67723954036251     502.73564814160477     8:05
351000     701.9999999972237     55.22718131561305     295.8763036229445     8:05
351500     702.9999999972     88.37665435444882     365.5116301125329     8:05
352000     703.9999999971764     45.480890786108375     360.86478505734044     8:05
352500     704.9999999971527     53.644123577154176     205.14025671524885     8:04
353000     705.9999999971291     63.074188090364544     172.99380969959788     8:04
353500     706.9999999971054     47.218494471020676     286.69800256622443     8:04
354000     707.9999999970818     35.58829845287687     297.2992737125336     8:04
354500     708.9999999970581     47.7448058622615     272.775350385733     8:04
355000     709.9999999970345     52.18849449387312     344.4663158269208     8:04
355500     710.9999999970108     48.43876484724626     309.18308419373983     8:04
356000     711.9999999969872     60.34480253637798     378.34816642679385     8:04
356500     712.9999999969635     59.8557919520988     418.48775805557966     8:04
357000     713.9999999969399     68.22928939044448     352.44134500207764     8:04
357500     714.9999999969162     66.04761173284174     351.44278065999555     8:04
358000     715.9999999968926     47.19900213293914     391.5660250234157     8:04
358500     716.999999996869     53.28040476570885     266.06984512103753     8:04
359000     717.9999999968453     67.9701835163566     212.15315285980088     8:04
359500     718.9999999968217     36.060232518609666     447.3819214462819     8:04
360000     719.999999996798     66.67860134947426     263.29851258416863     8:04
360500     720.9999999967744     44.64049035676095     215.65924443003806     8:04
361000     721.9999999967507     39.86783092151177     336.7021855079035     8:04
361500     722.9999999967271     40.782771615328954     146.73785023127132     8:03
362000     723.9999999967034     52.55765380928938     290.4756766630912     8:03
362500     724.9999999966798     65.08945956045824     281.0052928562499     8:03
363000     725.9999999966561     57.270743471081744     358.710255491744     8:03
363500     726.9999999966325     54.30590806228025     304.53458464939774     8:03
364000     727.9999999966088     46.354584369448276     283.3736388790468     8:03
364500     728.9999999965852     48.94228809304519     292.72147186470215     8:03
365000     729.9999999965615     61.1685119510459     335.3908598443136     8:03
365500     730.9999999965379     47.73342544363078     269.95002203068475     8:03
366000     731.9999999965142     73.5286271831942     350.63409136241074     8:03
366500     732.9999999964906     51.38601947636897     327.4916895076842     8:03
367000     733.999999996467     56.66757556258955     303.47499161454004     8:03
367500     734.9999999964433     50.12717724381963     219.12338975725788     8:03
368000     735.9999999964197     44.84402290994586     206.82520087495385     8:03
368500     736.999999996396     57.771924998021234     259.7723667570528     8:03
369000     737.9999999963724     64.43510061329545     221.70605460965953     8:03
369500     738.9999999963487     50.68104695670752     277.08473589066745     8:03
370000     739.9999999963251     62.750536611014525     220.34206494878825     8:03
370500     740.9999999963014     54.343886416745875     253.71697817446486     8:03
371000     741.9999999962778     46.08006513280162     306.56123935554746     8:02
371500     742.9999999962541     42.26622125181592     218.00515010262262     8:02
372000     743.9999999962305     45.807632770402904     310.78957092505595     8:02
372500     744.9999999962068     56.80927256319501     306.7942111129229     8:02
373000     745.9999999961832     52.323478920929006     262.13732099717066     8:02
373500     746.9999999961595     51.9193723684254     359.29739410273976     8:02
374000     747.9999999961359     41.447811559025524     406.66764329958943     8:02
374500     748.9999999961123     55.33518213491317     211.1182057651131     8:02
375000     749.9999999960886     56.11659498577802     305.4553151025945     8:02
375500     750.999999996065     51.63009321359874     307.15251813709597     8:02
376000     751.9999999960413     48.37589940019376     250.9376132010331     8:02
376500     752.9999999960177     52.8774895470458     252.62844052836851     8:02
377000     753.999999995994     54.4791644979253     320.7362858732428     8:02
377500     754.9999999959704     54.5826238860231     231.7113994908097     8:02
378000     755.9999999959467     63.45877741279702     262.212011395422     8:02
378500     756.9999999959231     56.22701358373621     302.10517389611914     8:02
379000     757.9999999958994     51.16466150263619     352.36578749496107     8:02
379500     758.9999999958758     53.81071741451069     335.1685470619598     8:02
380000     759.9999999958521     65.48732011020405     227.39157278709914     8:02
380500     760.9999999958285     48.49323656607743     409.1064479784674     8:01
381000     761.9999999958048     65.89165549270786     331.64661856677566     8:01
381500     762.9999999957812     53.413984319617214     333.9649417347397     8:01
382000     763.9999999957575     44.50305169350469     406.9820387663805     8:01
382500     764.9999999957339     73.21485245716758     529.2224316362738     8:01
383000     765.9999999957103     54.67633649512953     174.38474105751862     8:01
383500     766.9999999956866     59.10342885501274     252.80363651665     8:01
384000     767.999999995663     53.50528043309822     308.4650602185801     8:01
384500     768.9999999956393     58.669656927293715     348.9017496027306     8:01
385000     769.9999999956157     49.32864369291161     318.2886259937216     8:01
385500     770.999999995592     38.24862071849617     312.6686214839262     8:01
386000     771.9999999955684     53.116117346346584     254.93402721294518     8:01
386500     772.9999999955447     57.86415524548812     271.65807155495213     8:01
387000     773.9999999955211     41.69703449562115     230.7922651108035     8:01
387500     774.9999999954974     51.64061036587759     287.4252192564577     8:01
388000     775.9999999954738     55.983618086999115     444.58382742511293     8:01
388500     776.9999999954501     55.52540335300125     413.7220404471125     8:01
389000     777.9999999954265     63.05605251898163     292.599767203043     8:01
389500     778.9999999954028     51.2518194984969     391.4143447403247     8:01
390000     779.9999999953792     66.1691034224446     399.90690162836955     8:00
390500     780.9999999953556     46.63722153233903     451.96376683130103     8:00
391000     781.9999999953319     44.939349093140834     398.67735341528095     8:00
391500     782.9999999953083     47.289410981962476     422.32406893935513     8:00
392000     783.9999999952846     48.434649103788615     295.64658591542906     8:00
392500     784.999999995261     59.26739222170539     289.79948539279945     8:00
393000     785.9999999952373     60.82456955819998     194.16516951935102     8:00
393500     786.9999999952137     45.70018149868537     241.98519319238636     8:00
394000     787.99999999519     75.41301263486054     330.1466781854276     8:00
394500     788.9999999951664     69.89502999908137     233.2555645797682     8:00
395000     789.9999999951427     60.380522198937285     319.10777196595234     8:00
395500     790.9999999951191     46.22878861794385     391.6604612510005     8:00
396000     791.9999999950954     71.48051732250639     251.69794960880444     8:00
396500     792.9999999950718     53.614788099999316     255.5239584555371     8:00
397000     793.9999999950481     52.462096613210804     245.72842459071134     8:00
397500     794.9999999950245     74.87982418136545     330.0469301743395     8:00
398000     795.9999999950008     60.14763768898064     275.6441665644901     8:00
398500     796.9999999949772     47.15421939090396     278.9265850742815     8:00
399000     797.9999999949536     58.11195374335716     235.9122417015429     7:59
399500     798.9999999949299     91.39958723771366     327.61356651095394     7:59
400000     799.9999999949063     81.90363892086663     202.65027539368955     7:59
400500     800.9999999948826     77.55466032027721     275.36916900504855     7:59
401000     801.999999994859     51.686325399651196     248.7550557938942     7:59
401500     802.9999999948353     61.77335128446248     300.56866929003377     7:59
402000     803.9999999948117     54.22580936450976     263.63078449694586     7:59
402500     804.999999994788     60.808755375000885     151.88354423002718     7:59
403000     805.9999999947644     46.336859775685525     364.2814040127549     7:59
403500     806.9999999947407     60.258254611300856     357.4816111760123     7:59
404000     807.9999999947171     67.5711155974987     323.1328144357324     7:59
404500     808.9999999946934     77.28298021500927     262.1718077014329     7:59
405000     809.9999999946698     55.660514295916244     425.05769266681574     7:59
405500     810.9999999946461     72.820463660352     377.2532001310412     7:59
406000     811.9999999946225     52.40308642499616     400.69046172208317     7:59
406500     812.9999999945989     65.93104743595944     286.00052570232447     7:59
407000     813.9999999945752     65.36432148702949     299.4054118560649     7:59
407500     814.9999999945516     57.98894054246597     344.36660065664546     7:59
408000     815.9999999945279     77.07539720859859     332.79184406949406     7:58
408500     816.9999999945043     51.62633678708977     281.94682442840906     7:58
409000     817.9999999944806     54.93264506189985     229.93540364475123     7:58
409500     818.999999994457     54.95657731399075     211.84186118888556     7:58
410000     819.9999999944333     34.14470718187977     310.5388891538962     7:58
410500     820.9999999944097     54.526714619817994     311.64373334129726     7:58
411000     821.999999994386     53.64461599965432     464.94958958527496     7:58
411500     822.9999999943624     72.13996006595113     344.60134606010195     7:58
412000     823.9999999943387     57.1908566603355     343.712989431115     7:58
412500     824.9999999943151     65.95284347700095     279.7929665979043     7:58
413000     825.9999999942914     70.89371943874414     196.35387646556563     7:58
413500     826.9999999942678     68.34172792911988     236.8133426971654     7:58
414000     827.9999999942441     53.94839806810876     378.7808545013554     7:58
414500     828.9999999942205     55.98018377635208     302.4048745038697     7:58
415000     829.9999999941969     67.44707421751474     265.5321508240659     7:58
415500     830.9999999941732     40.950923334529364     259.5714336344702     7:58
416000     831.9999999941496     65.15936821193867     271.1290761862457     7:58
416500     832.9999999941259     55.53520009955986     255.6506728427221     7:58
417000     833.9999999941023     46.89252378798477     288.4776838974228     7:58
417500     834.9999999940786     54.561650566045444     287.6307155566998     7:57
418000     835.999999994055     61.58237195415143     240.12814588122862     7:57
418500     836.9999999940313     64.35142691277389     317.9613766909189     7:57
419000     837.9999999940077     53.52013931305538     325.4716704863593     7:57
419500     838.999999993984     57.67942400439898     335.3631711640859     7:57
420000     839.9999999939604     80.97963927011273     410.70429975571227     7:57
420500     840.9999999939367     67.65802051050616     376.5053606939593     7:57
421000     841.9999999939131     41.93273219922963     382.4667128059362     7:57
421500     842.9999999938894     48.56118031147781     211.95410275579988     7:57
422000     843.9999999938658     50.776590478846686     265.5523300988471     7:57
422500     844.9999999938422     56.63278081035156     266.2744650850178     7:57
423000     845.9999999938185     47.39627643617479     254.84784110129317     7:57
423500     846.9999999937949     52.812956321541435     286.79118764602885     7:57
424000     847.9999999937712     57.471248939574195     227.2210679369746     7:57
424500     848.9999999937476     42.78296029883529     257.61541835418546     7:57
425000     849.9999999937239     57.00967973763369     283.49699197513337     7:57
425500     850.9999999937003     46.821476069317555     314.1489278061112     7:57
426000     851.9999999936766     56.29970766301068     383.5548803510878     7:57
426500     852.999999993653     66.38712954671581     258.6133405082198     7:57
427000     853.9999999936293     50.697121042322124     416.4728826417963     7:56
427500     854.9999999936057     87.30313163657627     368.70010825226285     7:56
428000     855.999999993582     84.59301938485083     316.8846074265795     7:56
428500     856.9999999935584     57.732901840289514     415.4030124669131     7:56
429000     857.9999999935347     62.67183101716978     392.43256900734264     7:56
429500     858.9999999935111     56.55346725111559     252.64183770303438     7:56
430000     859.9999999934874     77.51363677525296     246.9175715321184     7:56
430500     860.9999999934638     61.67489732124119     350.71868956263773     7:56
431000     861.9999999934402     81.50481239186638     282.1899328562565     7:56
431500     862.9999999934165     80.75768262687143     285.3101422602422     7:56
432000     863.9999999933929     53.63175650795449     380.30721851350876     7:56
432500     864.9999999933692     73.2057015244834     188.92539998491694     7:56
433000     865.9999999933456     51.59644087289274     272.21946460347357     7:56
433500     866.9999999933219     53.416941305196644     209.84596950867095     7:56
434000     867.9999999932983     65.40227661933585     258.5456605336551     7:56
434500     868.9999999932746     50.17356985199052     231.48152731522342     7:56
435000     869.999999993251     41.502116749496054     269.8959524902087     7:56
435500     870.9999999932273     48.693139104797694     415.69444949302886     7:56
436000     871.9999999932037     44.9461481546939     328.5637926989025     7:55
436500     872.99999999318     63.57084531908117     333.5263872156902     7:55
437000     873.9999999931564     62.853872801069144     303.6658858140846     7:55
437500     874.9999999931327     67.66123428504216     321.0559463326446     7:55
438000     875.9999999931091     60.765243027307804     247.50137743030422     7:55
438500     876.9999999930855     69.91905287903137     304.6686264128634     7:55
439000     877.9999999930618     57.63742369933914     401.3870110994288     7:55
439500     878.9999999930382     45.67906409584765     368.96215265403094     7:55
440000     879.9999999930145     59.7841644945164     323.6519345042116     7:55
440500     880.9999999929909     42.38408301929934     375.58976018885096     7:55
441000     881.9999999929672     52.39025680549804     192.08839966018442     7:55
441500     882.9999999929436     61.50010166113293     376.84817838267327     7:55
442000     883.9999999929199     54.98949124888753     348.9730645418338     7:55
442500     884.9999999928963     54.241440406265156     293.5968491553972     7:55
443000     885.9999999928726     49.3907639290299     257.30406274540445     7:55
443500     886.999999992849     56.02594801094051     226.54443475673372     7:55
444000     887.9999999928253     52.85582513140537     254.66835554824513     7:55
444500     888.9999999928017     55.36541389002497     362.6797997609244     7:55
445000     889.999999992778     69.88560797438521     255.13144966232508     7:55
445500     890.9999999927544     59.82970773755045     332.65627360978584     7:54
446000     891.9999999927307     62.43448780250918     319.78268608948684     7:54
446500     892.9999999927071     42.017101628922944     327.13416441454547     7:54
447000     893.9999999926835     50.10504630473628     277.52814867031407     7:54
447500     894.9999999926598     40.07464175760248     282.916271466468     7:54
448000     895.9999999926362     47.56865827578798     189.44981802002354     7:54
448500     896.9999999926125     46.959546990827846     193.58357148769835     7:54
449000     897.9999999925889     33.74556505233295     163.33595664819995     7:54
449500     898.9999999925652     47.83981629121837     255.56244827566204     7:54
450000     899.9999999925416     46.39510177452752     308.1663775791514     7:54
450500     900.9999999925179     46.2928924268154     242.63670454340757     7:54
451000     901.9999999924943     52.36049153391019     242.39028839664311     7:54
451500     902.9999999924706     40.66856239895776     308.14407634223465     7:54
452000     903.999999992447     40.04915082444529     346.3100539869629     7:54
452500     904.9999999924233     65.41638412780958     258.40852738649414     7:54
453000     905.9999999923997     91.26936010127173     321.3962678289578     7:54
453500     906.999999992376     58.356546460208904     212.2066245327952     7:54
454000     907.9999999923524     36.33169679374271     260.1195939303598     7:54
454500     908.9999999923288     48.384624554816526     191.07296315676604     7:54
455000     909.9999999923051     43.80572453447377     257.13011178963404     7:53
455500     910.9999999922815     50.614144863701824     375.2791678625602     7:53
456000     911.9999999922578     55.655480443581325     308.09857466950865     7:53
456500     912.9999999922342     54.1349140466578     404.19673599961527     7:53
457000     913.9999999922105     67.32713704293366     267.51384761997446     7:53
457500     914.9999999921869     64.13665972927043     373.9858311659125     7:53
458000     915.9999999921632     55.87507502471652     280.8369428090738     7:53
458500     916.9999999921396     58.73701386860546     332.4241040788734     7:53
459000     917.9999999921159     49.5636185040197     289.7153269349311     7:53
459500     918.9999999920923     49.50457350100845     362.65829867975566     7:53
460000     919.9999999920686     50.13757339814862     290.7936910130788     7:53
460500     920.999999992045     53.66979180935357     285.5203152278553     7:53
461000     921.9999999920213     59.35011695794827     332.3713125207062     7:53
461500     922.9999999919977     56.53120467390488     232.8210013819827     7:53
462000     923.999999991974     65.60721813781078     265.269853964604     7:53
462500     924.9999999919504     56.926086459607234     331.07225493509054     7:53
463000     925.9999999919268     38.105938656520095     403.7553442377769     7:53
463500     926.9999999919031     59.93981532539732     242.0043168142552     7:53
464000     927.9999999918795     57.08476439565487     362.17009605684467     7:52
464500     928.9999999918558     53.370327550596244     238.1441080875569     7:52
465000     929.9999999918322     55.54585849380328     163.15230005308464     7:52
465500     930.9999999918085     69.21739261866429     252.1526939220065     7:52
466000     931.9999999917849     51.23105963438451     341.99089577301294     7:52
466500     932.9999999917612     70.03542791770474     233.62137243590138     7:52
467000     933.9999999917376     71.40335738781988     342.55144989134584     7:52
467500     934.9999999917139     43.9183684705626     260.81759154880046     7:52
468000     935.9999999916903     74.22456300448158     224.58736698410158     7:52
468500     936.9999999916666     68.72419729229898     349.3472878320328     7:52
469000     937.999999991643     48.54058456150511     375.05788016888147     7:52
469500     938.9999999916193     67.47953532627702     305.00695370470515     7:52
470000     939.9999999915957     60.18944078956554     411.1765663863128     7:52
470500     940.999999991572     57.86713337525947     211.4165681097413     7:52
471000     941.9999999915484     53.98415243893828     274.3144305737357     7:52
471500     942.9999999915248     52.14583795585378     250.05323491198595     7:52
472000     943.9999999915011     65.51294159523803     255.088737860242     7:52
472500     944.9999999914775     54.95896055147051     288.2126864381411     7:52
473000     945.9999999914538     45.35884410848138     328.9586253565279     7:52
473500     946.9999999914302     61.76255417268254     178.5270032504177     7:51
474000     947.9999999914065     49.28620016918262     254.81521254281404     7:51
474500     948.9999999913829     60.400104624308995     264.91141819281955     7:51
475000     949.9999999913592     44.08827341204477     322.7481780043397     7:51
475500     950.9999999913356     57.313159752845934     358.34179784701905     7:51
476000     951.9999999913119     62.528735085114135     305.3523279604816     7:51
476500     952.9999999912883     44.437938230423185     316.5414199638758     7:51
477000     953.9999999912646     39.03072738337062     346.79847456776105     7:51
477500     954.999999991241     63.68223329655467     324.446982488625     7:51
478000     955.9999999912174     49.037659769208574     278.01845968067363     7:51
478500     956.9999999911937     45.88674550943267     230.04062996842006     7:51
479000     957.9999999911701     49.51247123056527     191.34892622641684     7:51
479500     958.9999999911464     66.16066636027466     327.0352428972466     7:51
480000     959.9999999911228     50.97353616598406     284.1864072429287     7:51
480500     960.9999999910991     47.09924839601956     282.53636477814047     7:51
481000     961.9999999910755     53.25417751895651     397.92118953449744     7:51
481500     962.9999999910518     73.51986860841032     350.9453928904137     7:51
482000     963.9999999910282     71.77307460235255     497.4207441798174     7:51
482500     964.9999999910045     52.651111674215656     396.37924555980413     7:51
483000     965.9999999909809     50.4005314123836     373.0198218537641     7:50
483500     966.9999999909572     41.64425403830518     348.8056404312032     7:50
484000     967.9999999909336     63.97920676394966     282.0180860859576     7:50
484500     968.9999999909099     62.57554285504591     370.74132257917955     7:50
485000     969.9999999908863     53.190566179628036     343.3942696333429     7:50
485500     970.9999999908626     43.28017192874768     314.9925813560018     7:50
486000     971.999999990839     56.06180926404028     250.39318973432705     7:50
486500     972.9999999908154     46.7922170018698     329.6430658708723     7:50
487000     973.9999999907917     65.10104606512027     431.76378448877205     7:50
487500     974.9999999907681     56.99576973699442     240.54784013460295     7:50
488000     975.9999999907444     64.46964128908695     356.6133320055992     7:50
488500     976.9999999907208     59.09689454159343     568.7290076854414     7:50
489000     977.9999999906971     77.3807568558666     337.7916352978883     7:50
489500     978.9999999906735     69.27145674995461     466.1080323042083     7:50
490000     979.9999999906498     51.591800172313526     599.9818205341105     7:50
490500     980.9999999906262     64.49205068292673     351.96050105836065     7:50
491000     981.9999999906025     75.39407345215352     322.45024072542367     7:50
491500     982.9999999905789     53.789325319164675     238.4154679457255     7:50
492000     983.9999999905552     45.33474721471214     401.1337231821143     7:50
492500     984.9999999905316     62.34328752273899     303.23829402335645     7:49
493000     985.999999990508     69.60398253445504     246.9931825145408     7:49
493500     986.9999999904843     50.70336875641095     241.1949966146247     7:49
494000     987.9999999904607     59.21804631636286     348.5294650829946     7:49
494500     988.999999990437     67.34163273066605     347.67673710308196     7:49
495000     989.9999999904134     63.19634781478493     268.6366251193118     7:49
495500     990.9999999903897     69.75561794425397     229.27101985761203     7:49
496000     991.9999999903661     59.83428815839409     274.16289613679135     7:49
496500     992.9999999903424     68.26382402134055     212.06715391171923     7:49
497000     993.9999999903188     69.37949792669485     251.58808226796842     7:49
497500     994.9999999902951     62.57184545181127     343.4550852483375     7:49
498000     995.9999999902715     69.16490931564061     459.3887148136451     7:49
498500     996.9999999902478     57.86697987950191     398.9598808935676     7:49
499000     997.9999999902242     62.66518606572106     302.8563173950658     7:49
499500     998.9999999902005     68.23042110350838     272.014784964152     7:49
500000     999.9999999901769     57.10181218606988     376.079487620873     7:49
500500     1000.9999999901532     73.90304416606608     252.1459091457041     7:49
501000     1001.9999999901296     41.65170440764484     370.0205041317882     7:49
501500     1002.999999990106     49.4019427565176     320.33014790052243     7:48
502000     1003.9999999900823     59.268556185940895     251.93954057797347     7:48
502500     1004.9999999900587     52.591141762212544     316.39895574286686     7:48
503000     1005.999999990035     67.55294624820903     348.3342400133691     7:48
503500     1006.9999999900114     57.369597847098305     251.35889156346695     7:48
504000     1007.9999999899877     55.27289148944914     237.27062064517     7:48
504500     1008.9999999899641     55.15431109844491     282.5303685688479     7:48
505000     1009.9999999899404     53.511497448163084     310.85088036318723     7:48
505500     1010.9999999899168     46.4231674013169     264.9854554318667     7:48
506000     1011.9999999898931     43.76530749031258     278.0383092879444     7:48
506500     1012.9999999898695     57.086702279172584     248.88550957746497     7:48
507000     1013.9999999898458     56.23602828280576     362.01804319037285     7:48
507500     1014.9999999898222     51.92889157342745     335.5208636409359     7:48
508000     1015.9999999897985     65.460618088231     199.66135484055044     7:48
508500     1016.9999999897749     52.430063485005064     220.42507402664572     7:48
509000     1017.9999999897512     47.01630731210594     193.7283176123826     7:48
509500     1018.9999999897276     62.64428297135083     229.2613070176889     7:48
510000     1019.999999989704     59.19546498545054     164.61040196546915     7:48
510500     1020.9999999896803     42.81802197634471     288.1769831464524     7:48
511000     1021.9999999896567     37.25064852593198     249.44127290902415     7:47
511500     1022.999999989633     55.728777700191756     221.1809471838915     7:47
512000     1023.9999999896094     38.818338098318236     285.63001526460954     7:47
512500     1024.9999999895858     54.4444502785978     279.381642973652     7:47
513000     1025.9999999895622     55.66860341323462     283.3607786492486     7:47
513500     1026.9999999895385     59.12653763271561     311.3087804944376     7:47
514000     1027.999999989515     57.70118932999992     338.9814264617297     7:47
514500     1028.9999999894912     50.72437414675659     273.5189873854997     7:47
515000     1029.9999999894676     45.49020459233924     346.6198126022357     7:47
515500     1030.999999989444     52.11449416843061     327.50857506206586     7:47
516000     1031.9999999894203     39.25702733061786     282.41123014061515     7:47
516500     1032.9999999893967     67.91501791036745     295.74426224279415     7:47
517000     1033.999999989373     55.823051442099086     390.3729978285673     7:47
517500     1034.9999999893494     72.4929518704086     328.51477004935043     7:47
518000     1035.9999999893257     66.1989210436779     341.53960856083216     7:47
518500     1036.999999989302     59.12112748048344     386.0103343533089     7:47
519000     1037.9999999892784     60.38404644889539     328.59266191825486     7:47
519500     1038.9999999892548     76.63948404716348     410.62907593644155     7:47
520000     1039.9999999892311     48.1610660927866     347.080072912609     7:47
520500     1040.9999999892075     41.11172952660229     326.0003413098503     7:46
521000     1041.9999999891838     46.75710888083319     254.92886597405285     7:46
521500     1042.9999999891602     56.029748322705814     261.3084858468709     7:46
522000     1043.9999999891365     51.73934623035865     409.215133243793     7:46
522500     1044.999999989113     51.733756609812986     266.1126716873513     7:46
523000     1045.9999999890892     51.11798421727576     410.9857320074228     7:46
523500     1046.9999999890656     75.52114696738283     307.2740659572332     7:46
524000     1047.999999989042     59.98054133468145     242.49399135222475     7:46
524500     1048.9999999890183     66.83265624478236     360.001740702803     7:46
525000     1049.9999999889947     68.09269438291875     277.4263892320975     7:46
525500     1050.999999988971     58.74775253714682     210.9068225917506     7:46
526000     1051.9999999889474     47.148577252079065     479.5881833040165     7:46
526500     1052.9999999889237     54.09246035024427     230.6207327985529     7:46
527000     1053.9999999889     43.4109127019579     399.3429797282762     7:46
527500     1054.9999999888764     45.94160164007275     379.83294757613305     7:46
528000     1055.9999999888528     36.61347083211376     267.2182321816809     7:46
528500     1056.9999999888291     47.09314811286703     258.9475085177784     7:46
529000     1057.9999999888055     37.59430585281541     320.29877150701697     7:46
529500     1058.9999999887818     66.39704993378336     274.3165407654915     7:46
530000     1059.9999999887582     68.32798983430388     240.58248012021053     7:45
530500     1060.9999999887345     44.25636900064438     347.06711609788346     7:45
531000     1061.999999988711     48.02318615410172     357.55973486811746     7:45
531500     1062.9999999886873     43.223966362769886     342.9050394635397     7:45
532000     1063.9999999886636     61.853045577282785     222.07334163440842     7:45
532500     1064.99999998864     42.243670545865996     270.14043490403907     7:45
533000     1065.9999999886163     56.648788685519776     262.5555714415065     7:45
533500     1066.9999999885927     55.64575860178445     354.9538538618479     7:45
534000     1067.999999988569     75.27107829458208     404.8694239592464     7:45
534500     1068.9999999885454     68.13826067156958     259.24868134332365     7:45
535000     1069.9999999885217     69.96858385582101     268.13688191750913     7:45
535500     1070.999999988498     54.322199692859954     382.73754236732196     7:45
536000     1071.9999999884744     81.79075901258051     283.23340967394495     7:45
536500     1072.9999999884508     63.26273585299538     198.23124923671554     7:45
537000     1073.9999999884271     43.876617439836025     171.69536446435924     7:45
537500     1074.9999999884035     49.690172333157136     215.13509323864506     7:45
538000     1075.9999999883798     41.32713902837162     337.1610036319039     7:45
538500     1076.9999999883562     65.62073020689326     393.96155064540386     7:45
539000     1077.9999999883325     61.552684140542226     211.29144141601142     7:45
539500     1078.999999988309     40.629153121574234     384.3824224307112     7:45
540000     1079.9999999882853     51.215738731323256     264.06110967986893     7:44
540500     1080.9999999882616     57.65787401907829     229.2162110113454     7:44
541000     1081.999999988238     48.869630684831066     430.0638022157197     7:44
541500     1082.9999999882143     53.919696996691414     338.31518043581525     7:44
542000     1083.9999999881907     59.74230760037642     210.8986432070817     7:44
542500     1084.999999988167     48.13052293525635     385.2942926457358     7:44
543000     1085.9999999881434     79.78723751812703     270.12142026716856     7:44
543500     1086.9999999881197     61.077702384537986     359.85681429271267     7:44
544000     1087.999999988096     52.202559200644544     276.08019897692805     7:44
544500     1088.9999999880724     50.78953570527307     145.07273003103415     7:44
545000     1089.9999999880488     52.3744970181649     266.7855700455489     7:44
545500     1090.9999999880251     55.442893422897384     327.12420739978836     7:44
546000     1091.9999999880015     55.29235203596767     302.3738834328804     7:44
546500     1092.9999999879778     47.50089270477645     177.7023890406639     7:44
547000     1093.9999999879542     53.1602975744097     281.3296754176576     7:44
547500     1094.9999999879306     44.62642433049723     229.80536536043175     7:44
548000     1095.999999987907     55.879949212160454     256.8514009659874     7:44
548500     1096.9999999878833     61.268191022917165     212.0527331136211     7:44
549000     1097.9999999878596     63.160283519112625     295.26546402015174     7:44
549500     1098.999999987836     54.04828802342399     313.5906979260707     7:43
550000     1099.9999999878123     44.58512305435755     294.2122571186916     7:43
550500     1100.9999999877887     58.557262197784496     343.8758384968308     7:43
551000     1101.999999987765     85.30913416340815     426.50325340903925     7:43
551500     1102.9999999877414     52.02563391761589     108.43900536045878     7:43
552000     1103.9999999877177     53.72876086161358     293.0038126637962     7:43
552500     1104.999999987694     68.38762113860304     250.36263301093902     7:43
553000     1105.9999999876704     60.146209434022865     180.2530022042918     7:43
553500     1106.9999999876468     54.99665604254943     201.3455804258334     7:43
554000     1107.9999999876231     50.68773537508406     341.76207009559914     7:43
554500     1108.9999999875995     57.27353982760786     389.86853814354083     7:43
555000     1109.9999999875758     53.216158112728124     337.4843924923161     7:43
555500     1110.9999999875522     58.42166751187966     171.33028893897674     7:43
556000     1111.9999999875286     44.145792035971795     207.66256589356757     7:43
556500     1112.999999987505     52.45538593272141     292.223903858152     7:43
557000     1113.9999999874813     38.502443492895     375.20782405454196     7:43
557500     1114.9999999874576     64.88647519417799     268.7390411800336     7:43
558000     1115.999999987434     54.72061312277026     265.24694502733684     7:43
558500     1116.9999999874103     52.55818428154777     270.1022513075404     7:43
559000     1117.9999999873867     44.99070957473083     361.97358118609276     7:42
559500     1118.999999987363     39.61998971157362     360.55059380421727     7:42
560000     1119.9999999873394     42.78720132235054     424.10028716324786     7:42
560500     1120.9999999873157     36.483981841503294     261.19788225182424     7:42
561000     1121.999999987292     61.43099407026756     307.3626394700389     7:42
561500     1122.9999999872684     82.6068279678758     272.21585637658796     7:42
562000     1123.9999999872448     53.58582061303633     323.9419082250837     7:42
562500     1124.9999999872211     60.67146319133809     287.4679646259203     7:42
563000     1125.9999999871975     64.92883815193966     214.95837542017583     7:42
563500     1126.9999999871739     54.22528123283564     256.59034566362607     7:42
564000     1127.9999999871502     42.02843114780427     211.40896628501616     7:42
564500     1128.9999999871266     54.3980850203759     301.2324607558167     7:42
565000     1129.999999987103     41.54479579493392     390.89943864946105     7:42
565500     1130.9999999870793     48.470891188629935     200.08124623567724     7:42
566000     1131.9999999870556     69.73765808149233     235.29345844863258     7:42
566500     1132.999999987032     61.10004716960162     321.5643905092085     7:42
567000     1133.9999999870083     56.074397675977536     355.3645671701098     7:42
567500     1134.9999999869847     48.858828833342784     314.9524412123761     7:42
568000     1135.999999986961     54.67601602481557     314.4371681326949     7:42
568500     1136.9999999869374     64.43643304742085     338.03787115924666     7:41
569000     1137.9999999869137     56.22129473015434     259.3148186231281     7:41
569500     1138.99999998689     43.77354213987741     237.90546232898163     7:41
570000     1139.9999999868664     54.90804571207758     316.16508478659887     7:41
570500     1140.9999999868428     75.95524822108433     273.6817074129775     7:41
571000     1141.9999999868191     61.83184838224264     314.28863436759895     7:41
571500     1142.9999999867955     48.4797122347926     286.0758227352952     7:41
572000     1143.9999999867719     58.10051514663718     303.238588234414     7:41
572500     1144.9999999867482     53.76585295497097     299.4597612700165     7:41
573000     1145.9999999867246     65.24189318924147     408.5055818108381     7:41
573500     1146.999999986701     78.13411308996541     322.85337013093795     7:41
574000     1147.9999999866773     56.21970877352015     324.9982189224196     7:41
574500     1148.9999999866536     64.08874939955257     377.5722963145596     7:41
575000     1149.99999998663     86.64651205467311     334.65495239969005     7:41
575500     1150.9999999866063     59.350600478083095     355.1585605294491     7:41
576000     1151.9999999865827     53.790176370900326     458.9719321550473     7:41
576500     1152.999999986559     46.97608325626129     309.08724888940367     7:41
577000     1153.9999999865354     53.524867717137624     361.0492017214022     7:41
577500     1154.9999999865117     52.74841225215374     347.3085886851254     7:41
578000     1155.999999986488     61.128512987292936     292.0779229092183     7:40
578500     1156.9999999864644     59.570303975876584     312.5189193996486     7:40
579000     1157.9999999864408     40.424351980755034     265.1327091318294     7:40
579500     1158.9999999864172     68.03001975523875     227.49937328798978     7:40
580000     1159.9999999863935     59.04042655209474     260.0946339923004     7:40
580500     1160.9999999863699     46.57533632272248     343.4710002065433     7:40
581000     1161.9999999863462     74.2394275211222     135.63034175773805     7:40
581500     1162.9999999863226     59.23103559980706     287.9105477633221     7:40
582000     1163.999999986299     65.97812496625778     311.8845446560074     7:40
582500     1164.9999999862753     60.90687745974782     286.4873707959874     7:40
583000     1165.9999999862516     63.06006374617613     328.62687400454024     7:40
583500     1166.999999986228     65.59579646652844     278.53828295669007     7:40
584000     1167.9999999862043     60.25733698107291     318.9861157420702     7:40
584500     1168.9999999861807     61.330030227597035     297.65431598209796     7:40
585000     1169.999999986157     46.906408631349166     313.2178113732041     7:40
585500     1170.9999999861334     60.30180102362641     365.63580011172894     7:40
586000     1171.9999999861097     80.36149133503278     374.8015091870599     7:40
586500     1172.999999986086     59.66434404502155     502.8835247998177     7:40
587000     1173.9999999860624     67.28870586609321     268.8656175679919     7:40
587500     1174.9999999860388     66.40942887342607     251.08538929031144     7:39
588000     1175.9999999860152     61.16768938211595     320.0894338004307     7:39
588500     1176.9999999859915     55.54217422429008     372.6385822546886     7:39
589000     1177.9999999859679     47.134060623707     343.7780135623658     7:39
589500     1178.9999999859442     52.7932196108365     231.485399915496     7:39
590000     1179.9999999859206     44.21263938531024     423.8623721369767     7:39
590500     1180.999999985897     51.183661058069276     216.64999004302945     7:39
591000     1181.9999999858733     45.92311862430114     288.37660820686665     7:39
591500     1182.9999999858496     64.88964333508886     374.5856617338691     7:39
592000     1183.999999985826     65.67854397348515     213.92962131324973     7:39
592500     1184.9999999858023     44.02440198536601     334.23793704601144     7:39
593000     1185.9999999857787     41.827107767102746     255.43942513771245     7:39
593500     1186.999999985755     48.38424203507509     261.63442597343635     7:39
594000     1187.9999999857314     36.58624217729442     344.1145407338541     7:39
594500     1188.9999999857077     58.55240479317041     314.84234878119025     7:39
595000     1189.999999985684     78.65256295924138     257.6486235159622     7:39
595500     1190.9999999856605     49.361833758377145     316.9416234370315     7:39
596000     1191.9999999856368     43.50873672378219     321.34656166031107     7:39
596500     1192.9999999856132     39.39310971280514     379.84140350418033     7:39
597000     1193.9999999855895     57.19380934329098     350.8174074959598     7:38
597500     1194.9999999855659     49.282635627453544     417.26799369219526     7:38
598000     1195.9999999855422     40.29993953549916     275.8614043756324     7:38
598500     1196.9999999855186     48.823767415070165     306.9377339899863     7:38
599000     1197.999999985495     65.19323886256001     242.64905714530263     7:38
599500     1198.9999999854713     86.09968941164703     246.08131443077838     7:38
600000     1199.9999999854476     59.86533187266184     288.9031907809148     7:38
600500     1200.999999985424     78.42309249186496     199.1039045180933     7:38
601000     1201.9999999854003     46.11798811077534     326.2444635888085     7:38
601500     1202.9999999853767     61.96136506009208     267.4106300109185     7:38
602000     1203.999999985353     43.86216019298615     227.70661521305894     7:38
602500     1204.9999999853294     36.82008303516153     257.56580557357285     7:38
603000     1205.9999999853057     41.86558848308647     224.20796298302392     7:38
603500     1206.999999985282     51.4042900871965     358.7835680047714     7:38
604000     1207.9999999852585     64.92245906939667     172.56278478454803     7:38
604500     1208.9999999852348     36.93511637924422     284.4657665030962     7:38
605000     1209.9999999852112     45.35211942482459     256.58072640548806     7:38
605500     1210.9999999851875     35.61981824350664     261.844586444103     7:38
606000     1211.9999999851639     49.21097192713563     297.7653664640754     7:38
606500     1212.9999999851402     50.09520286056528     295.2761272092599     7:37
607000     1213.9999999851166     51.974982842159136     280.5373246424197     7:37
607500     1214.999999985093     46.24235130735269     464.8750971279994     7:37
608000     1215.9999999850693     44.551636911739195     397.78235432018045     7:37
608500     1216.9999999850456     60.84501577252439     501.4335492448456     7:37
609000     1217.999999985022     58.23474250234216     291.2905894157994     7:37
609500     1218.9999999849983     52.828441286552504     330.7148622223964     7:37
610000     1219.9999999849747     64.87590405318872     305.5248203094728     7:37
610500     1220.999999984951     49.315513965252194     273.8675900947985     7:37
611000     1221.9999999849274     51.73048383275096     297.70840095000597     7:37
611500     1222.9999999849038     39.47752129496013     245.95110615408043     7:37
612000     1223.99999998488     41.80260107601919     358.958881369896     7:37
612500     1224.9999999848565     51.09832524890811     284.430508427235     7:37
613000     1225.9999999848328     54.29505376203048     316.0337552480197     7:37
613500     1226.9999999848092     56.40531635878432     343.12479322969585     7:37
614000     1227.9999999847855     61.1853773366164     281.048372640125     7:37
614500     1228.9999999847619     65.54934597870187     353.85780277786006     7:37
615000     1229.9999999847382     42.80012256737598     345.9625263056873     7:37
615500     1230.9999999847146     49.40966420785372     255.50465619514668     7:37
616000     1231.999999984691     46.07744611852877     306.8340824753239     7:36
616500     1232.9999999846673     48.426356360136936     315.3187376119284     7:36
617000     1233.9999999846436     75.00087034132417     219.35625093118836     7:36
617500     1234.99999998462     57.53337731975728     318.7731492316252     7:36
618000     1235.9999999845963     56.303131608645856     381.1741197260413     7:36
618500     1236.9999999845727     51.28876037641686     298.0425696619123     7:36
619000     1237.999999984549     49.57593200719771     349.2667276713058     7:36
619500     1238.9999999845254     58.221513902250024     294.60769906149085     7:36
620000     1239.9999999845018     39.41945354818523     339.79827222080536     7:36
620500     1240.999999984478     58.6623609952548     304.966349790556     7:36
621000     1241.9999999844545     55.688100498483834     300.18287557116304     7:36
621500     1242.9999999844308     60.11306665667888     339.22976713825057     7:36
622000     1243.9999999844072     59.053022610436585     288.4851032086042     7:36
622500     1244.9999999843835     51.775413430966125     278.90970644650184     7:36
623000     1245.9999999843599     50.46525373492551     238.39026673909873     7:36
623500     1246.9999999843362     68.6788427900201     270.43851507439723     7:36
624000     1247.9999999843126     59.382181017526705     185.84682352840693     7:36
624500     1248.999999984289     57.4961392076803     305.375773200816     7:36
625000     1249.9999999842653     65.14771622296479     257.9644906192946     7:36
625500     1250.9999999842416     73.72597128632503     213.73918087880025     7:35
626000     1251.999999984218     54.363659537996966     279.6496426547911     7:35
626500     1252.9999999841943     81.65395097342866     298.551545879019     7:35
627000     1253.9999999841707     44.28623797121247     406.1273807348048     7:35
627500     1254.999999984147     49.28471796411799     244.5475320277614     7:35
628000     1255.9999999841234     57.11899280573641     226.58510230298504     7:35
628500     1256.9999999840998     49.57518631848188     228.39273494403815     7:35
629000     1257.999999984076     41.787632451766285     304.14449014030566     7:35
629500     1258.9999999840525     48.872074510391315     306.31348574488396     7:35
630000     1259.9999999840288     64.80542586627354     304.2787577206877     7:35
630500     1260.9999999840052     42.055304770483815     356.4456121339021     7:35
631000     1261.9999999839815     41.97533580894037     265.3854819133852     7:35
631500     1262.9999999839579     50.29785133686681     298.77804053685156     7:35
632000     1263.9999999839342     75.97509792391827     311.60611917930527     7:35
632500     1264.9999999839106     73.27838025529212     252.26842291199054     7:35
633000     1265.999999983887     45.2851819223099     381.9301109745874     7:35
633500     1266.9999999838633     64.14037589140673     234.22654825786523     7:35
634000     1267.9999999838396     54.563495095630515     217.87394587257253     7:35
634500     1268.999999983816     50.2045543174774     210.6771609206885     7:35
635000     1269.9999999837923     54.76778229328676     321.78783368396455     7:34
635500     1270.9999999837687     44.8232338049948     233.51595119104945     7:34
636000     1271.999999983745     61.08952199752434     255.13474435148004     7:34
636500     1272.9999999837214     41.61816146871968     351.21643422176066     7:34
637000     1273.9999999836978     55.3799785065907     225.09305611678428     7:34
637500     1274.9999999836741     39.73129252894381     312.8363404837433     7:34
638000     1275.9999999836505     57.61785241811964     211.663272025339     7:34
638500     1276.9999999836268     57.76635360083651     220.21476039572806     7:34
639000     1277.9999999836032     47.81940766298595     291.8745296652419     7:34
639500     1278.9999999835795     58.33101945003972     318.06451408701605     7:34
640000     1279.9999999835559     52.30623967224619     330.58761782905526     7:34
640500     1280.9999999835322     49.9718015146625     231.4257068459838     7:34
641000     1281.9999999835086     49.524532613986196     276.301089965213     7:34
641500     1282.999999983485     48.24025911660232     212.0181433095505     7:34
642000     1283.9999999834613     48.97451828688594     234.72264099504073     7:34
642500     1284.9999999834376     47.59800919340631     269.91022206556704     7:34
643000     1285.999999983414     43.39390179683619     209.70553744615898     7:34
643500     1286.9999999833904     50.788504740235624     350.4132580877371     7:34
644000     1287.9999999833667     39.362179338122644     344.6372628170739     7:34
644500     1288.999999983343     45.04883465673794     338.5679222656315     7:33
645000     1289.9999999833194     52.421079644628094     265.11051247207325     7:33
645500     1290.9999999832958     57.07170957961404     342.88437881413057     7:33
646000     1291.9999999832721     49.953594198455335     310.91564070230436     7:33
646500     1292.9999999832485     73.83436108514661     242.498534815709     7:33
647000     1293.9999999832248     51.73134428884259     324.81297058172646     7:33
647500     1294.9999999832012     51.8643451421741     375.95847242253194     7:33
648000     1295.9999999831775     66.13421046333377     295.1310171231192     7:33
648500     1296.9999999831539     60.311579215490724     267.41732914923114     7:33
649000     1297.9999999831302     49.0114559498424     212.0657125972263     7:33
649500     1298.9999999831066     48.290131307675324     258.6810757987258     7:33
650000     1299.999999983083     58.99945278506158     297.1105529160438     7:33
650500     1300.9999999830593     60.93836300472145     327.04206788901337     7:33
651000     1301.9999999830357     42.04406512834396     303.23681676803295     7:33
651500     1302.999999983012     42.048108705341804     292.5596963738762     7:33
652000     1303.9999999829884     43.3573404788732     260.21999095922223     7:33
652500     1304.9999999829647     55.860416766607614     307.7767148444036     7:33
653000     1305.999999982941     48.758194291811776     385.0253102831955     7:33
653500     1306.9999999829174     40.17176171967054     360.4222224575561     7:33
654000     1307.9999999828938     66.24913575271984     151.30059955551673     7:32
654500     1308.9999999828701     59.87188156142719     304.41404675691143     7:32
655000     1309.9999999828465     58.955528187431526     403.60413573863406     7:32
655500     1310.9999999828228     67.40680535813988     321.0057538971544     7:32
656000     1311.9999999827992     77.39800249553343     322.6601783823161     7:32
656500     1312.9999999827755     42.44311476472279     291.4920444554294     7:32
657000     1313.999999982752     56.151569465439195     259.9264646180325     7:32
657500     1314.9999999827282     46.61238783690084     271.43077901794703     7:32
658000     1315.9999999827046     47.706086898495016     289.0206589777205     7:32
658500     1316.999999982681     56.246610498634254     271.69066842301567     7:32
659000     1317.9999999826573     51.8134538067431     388.0977881571712     7:32
659500     1318.9999999826337     61.54182141276175     238.94297684382138     7:32
660000     1319.99999998261     50.48338437191234     304.1828129469754     7:32
660500     1320.9999999825864     50.053237795960854     339.45746503890206     7:32
661000     1321.9999999825627     54.57868272081032     267.1454559475017     7:32
661500     1322.999999982539     70.31529339516482     235.0223175776539     7:32
662000     1323.9999999825154     82.93686991216458     210.38225809291572     7:32
662500     1324.9999999824918     52.45350137135222     351.4264997543844     7:32
663000     1325.9999999824681     63.879733230642785     230.87341201648766     7:31
663500     1326.9999999824445     48.53678530196248     243.35096732518187     7:31
664000     1327.9999999824208     64.83933106514183     432.79792814605247     7:31
664500     1328.9999999823972     55.921936710973     366.6299401472582     7:31
665000     1329.9999999823735     54.90759268603796     406.5282640805987     7:31
665500     1330.99999998235     64.04541410332303     367.3655881833669     7:31
666000     1331.9999999823262     45.83466750638161     285.4383718779678     7:31
666500     1332.9999999823026     36.09272264202747     262.3638758389412     7:31
667000     1333.999999982279     50.87540033307886     285.52737019007793     7:31
667500     1334.9999999822553     49.53490339233929     241.9199759881564     7:31
668000     1335.9999999822317     40.29580596339173     321.12975310474866     7:31
668500     1336.999999982208     67.4131492977711     265.04874452194474     7:31
669000     1337.9999999821844     62.614125516556044     245.23947322875264     7:31
669500     1338.9999999821607     68.03004546747007     351.7207424902962     7:31
670000     1339.999999982137     76.97335633139     297.64152075579653     7:31
670500     1340.9999999821134     57.09906978502124     380.0621185664592     7:31
671000     1341.9999999820898     60.89946979175096     359.96585547882387     7:31
671500     1342.9999999820661     40.422909546210406     383.1305225085422     7:31
672000     1343.9999999820425     48.80113440525389     273.0970544349472     7:31
672500     1344.9999999820188     58.89726760928602     313.7721381856103     7:30
673000     1345.9999999819952     62.25913675447515     283.24021164565823     7:30
673500     1346.9999999819715     72.5941719364011     279.6349083189623     7:30
674000     1347.999999981948     58.36266877382235     332.35992557433383     7:30
674500     1348.9999999819242     70.13643181064452     342.4704976752517     7:30
675000     1349.9999999819006     52.19118977762338     388.3184064407715     7:30
675500     1350.999999981877     74.80546960795698     379.802324002558     7:30
676000     1351.9999999818533     71.38077166016552     398.63037923413356     7:30
676500     1352.9999999818297     60.33672623469113     389.4278057167233     7:30
677000     1353.999999981806     54.81678289442965     226.40716302909274     7:30
677500     1354.9999999817824     61.66027097111822     247.46009362232536     7:30
678000     1355.9999999817587     54.05124642016568     345.1559386990284     7:30
678500     1356.999999981735     53.118421908210564     503.93243807984743     7:30
679000     1357.9999999817114     50.520265622212605     360.84335211601456     7:30
679500     1358.9999999816878     66.04581111079602     293.2206664602423     7:30
680000     1359.9999999816641     56.744917011977805     374.23300294199845     7:30
680500     1360.9999999816405     50.474953539745854     308.49508263090456     7:30
681000     1361.9999999816168     49.65414509294345     397.8149776958174     7:30
681500     1362.9999999815932     45.370448292286596     262.2559690655678     7:30
682000     1363.9999999815695     44.226535556695524     317.79723985846334     7:29
682500     1364.999999981546     55.29528888483145     306.36899408108854     7:29
683000     1365.9999999815223     55.60183072373792     336.5097281728568     7:29
683500     1366.9999999814986     72.01086574154908     261.2422413742659     7:29
684000     1367.999999981475     76.93404081366026     269.14135024335627     7:29
684500     1368.9999999814513     56.17396812007718     256.3444164133962     7:29
685000     1369.9999999814277     59.89148206838638     306.3960324357221     7:29
685500     1370.999999981404     57.80806976150865     412.24453838159013     7:29
686000     1371.9999999813804     75.86133680774083     308.35168423892804     7:29
686500     1372.9999999813567     69.11156662580032     386.65088384788874     7:29
687000     1373.999999981333     86.14699542117916     339.38471513065474     7:29
687500     1374.9999999813094     56.1154513145089     374.2048045026053     7:29
688000     1375.9999999812858     49.80443375621769     270.1294464068204     7:29
688500     1376.9999999812621     73.77934347867034     278.52185199084573     7:29
689000     1377.9999999812385     55.348539022417356     224.80848940808514     7:29
689500     1378.9999999812148     53.08539591818379     356.3031241783824     7:29
690000     1379.9999999811912     59.359095475744425     402.30686308510144     7:29
690500     1380.9999999811675     76.61139074042018     415.15903739035923     7:29
691000     1381.999999981144     59.46752051373687     387.5912101912802     7:29
691500     1382.9999999811203     70.2514294545735     228.57950655594297     7:29
692000     1383.9999999810966     62.464890320085146     292.1171639992647     7:29
692500     1384.999999981073     59.64345905292629     217.3013731308171     7:29
693000     1385.9999999810493     65.0428241839731     410.2645558954859     7:29
693500     1386.9999999810257     89.40977872128195     217.5132047047909     7:29
694000     1387.999999981002     53.188792158121714     305.5320600133769     7:29
694500     1388.9999999809784     52.486277826177684     228.8997846938773     7:29
695000     1389.9999999809547     52.128133422189364     311.060613322034     7:29
695500     1390.999999980931     52.92204180317725     212.82601170790932     7:28
696000     1391.9999999809074     56.91480969571347     268.0814128522323     7:28
696500     1392.9999999808838     74.20472718505863     277.2533902239588     7:28
697000     1393.9999999808601     59.87951563679218     271.61074415342534     7:28
697500     1394.9999999808365     66.86535876463739     203.0003211612412     7:28
698000     1395.9999999808128     48.43401394973023     168.12252960928936     7:28
698500     1396.9999999807892     59.002923620383     208.3379692295679     7:28
699000     1397.9999999807656     33.5850774376014     305.4783262556806     7:28
699500     1398.999999980742     53.75672914548983     231.59551487024814     7:28
700000     1399.9999999807183     64.23654950288926     221.8480318614772     7:28
700500     1400.9999999806946     61.413059772373856     262.17919126553477     7:28
701000     1401.999999980671     48.482747794685395     200.17533792535414     7:28
701500     1402.9999999806473     67.11157445781367     296.28196170444375     7:28
702000     1403.9999999806237     55.368071947727     230.66168965153688     7:28
702500     1404.9999999806     63.54400104894626     291.07612173690586     7:28
703000     1405.9999999805764     52.77698617061861     265.6053047518114     7:28
703500     1406.9999999805527     63.877663978690634     197.49759206589889     7:28
704000     1407.999999980529     42.85717410560795     256.3003699083673     7:28
704500     1408.9999999805054     46.69590051545782     186.97471954451734     7:28
705000     1409.9999999804818     61.554699546220036     214.5133227795883     7:27
705500     1410.9999999804581     48.35456870293382     150.83280884192044     7:27
706000     1411.9999999804345     32.880647488834086     328.56994135550246     7:27
706500     1412.9999999804108     37.97223124751798     323.4664420371223     7:27
707000     1413.9999999803872     62.36868793423463     297.87122703199645     7:27
707500     1414.9999999803636     44.55399671807419     256.26518151024834     7:27
708000     1415.99999998034     52.42710269712569     269.21588600400446     7:27
708500     1416.9999999803163     60.387805778497125     281.25048318819137     7:27
709000     1417.9999999802926     54.928024855510785     326.85348537026755     7:27
709500     1418.999999980269     52.453172610081765     247.40068933883973     7:27
710000     1419.9999999802453     61.51686911170839     276.6568360356775     7:27
710500     1420.9999999802217     64.07528322490123     208.68104465266603     7:27
711000     1421.999999980198     70.27511068408211     232.72534747712146     7:27
711500     1422.9999999801744     52.19771892955703     336.86883064220416     7:27
712000     1423.9999999801507     62.88512562749162     324.55358066701444     7:27
712500     1424.999999980127     49.23460739148828     325.1566335096494     7:27
713000     1425.9999999801034     56.8374935201515     267.2033631161753     7:27
713500     1426.9999999800798     63.29418408968132     411.46076806792433     7:27
714000     1427.9999999800561     53.188079878810015     320.44291123917077     7:26
714500     1428.9999999800325     48.40219104422732     287.1990918538504     7:26
715000     1429.9999999800089     77.10997444708977     217.1706732833391     7:26
715500     1430.9999999799852     55.91199866276111     342.15827774277756     7:26
716000     1431.9999999799616     54.65745949539945     357.75872481239946     7:26
716500     1432.999999979938     52.538462768220654     371.62302894357083     7:26
717000     1433.9999999799143     82.87209257530816     213.7748464374606     7:26
717500     1434.9999999798906     58.74810180565851     274.7963556970736     7:26
718000     1435.999999979867     62.140113725287506     300.7739766829455     7:26
718500     1436.9999999798433     53.686906911126414     264.56744671625705     7:26
719000     1437.9999999798197     46.63584681314609     288.3385010451802     7:26
719500     1438.999999979796     46.30079867651244     256.2158257646995     7:26
720000     1439.9999999797724     56.93732599412323     258.9447742537035     7:26
720500     1440.9999999797487     43.51572428903148     376.34489408874396     7:26
721000     1441.999999979725     61.498133739225125     348.86396503663906     7:26
721500     1442.9999999797014     35.15227231750197     284.08535921034314     7:26
722000     1443.9999999796778     53.62254994475961     139.05710234849673     7:26
722500     1444.9999999796541     42.6266354298175     230.23968375369216     7:26
723000     1445.9999999796305     62.01673470727508     219.52624403619868     7:26
723500     1446.9999999796069     48.70428890889889     285.15848057725754     7:25
724000     1447.9999999795832     59.3033747497912     362.415849477944     7:25
724500     1448.9999999795596     50.14498568800144     334.5923922981562     7:25
725000     1449.999999979536     52.64961960633036     165.3499298432981     7:25
725500     1450.9999999795123     41.40781138122594     322.6895434940064     7:25
726000     1451.9999999794886     51.92720969144881     339.39063916765963     7:25
726500     1452.999999979465     37.09762976420552     417.4782060881589     7:25
727000     1453.9999999794413     75.4061137880484     314.5464079136919     7:25
727500     1454.9999999794177     46.285834384738166     290.90506505940664     7:25
728000     1455.999999979394     45.263717692094644     202.95124858293678     7:25
728500     1456.9999999793704     58.71418388637636     240.4094809183207     7:25
729000     1457.9999999793467     33.971288415673314     362.37426002759213     7:25
729500     1458.999999979323     38.46404147182301     247.05136200039678     7:25
730000     1459.9999999792994     65.61087162419875     280.6161106242501     7:25
730500     1460.9999999792758     58.44428770962702     293.4634267173486     7:25
731000     1461.9999999792522     52.97521496578224     313.64854781707294     7:25
731500     1462.9999999792285     68.0250527585527     269.4618671795313     7:25
732000     1463.9999999792049     42.04781956441025     260.8071786376861     7:25
732500     1464.9999999791812     41.67631626934667     321.0521903221013     7:25
733000     1465.9999999791576     56.00839029191371     270.6010788416064     7:24
733500     1466.999999979134     70.15123773481918     446.8098445620498     7:24
734000     1467.9999999791103     54.95588840161736     318.6960837989902     7:24
734500     1468.9999999790866     57.26070174035334     369.63287471804404     7:24
735000     1469.999999979063     47.81331120148326     468.78342781740923     7:24
735500     1470.9999999790393     96.88712909478596     306.4366999214261     7:24
736000     1471.9999999790157     45.49223972806686     340.92402040900726     7:24
736500     1472.999999978992     52.88462528100109     273.8728216653431     7:24
737000     1473.9999999789684     56.39839390357105     184.5570727772674     7:24
737500     1474.9999999789447     44.56785939599877     306.17003862450383     7:24
738000     1475.999999978921     47.25075685342574     274.0974382210285     7:24
738500     1476.9999999788974     51.55268601376446     246.68256035057942     7:24
739000     1477.9999999788738     71.9773348076119     203.36697130187898     7:24
739500     1478.9999999788502     56.413590380470055     405.62582809140383     7:24
740000     1479.9999999788265     64.62018322963996     191.2397822553428     7:24
740500     1480.9999999788029     50.82411652741939     181.9539985464249     7:24
741000     1481.9999999787792     56.74301224360505     375.1733567011717     7:24
741500     1482.9999999787556     58.656782102248826     208.05564896506394     7:24
742000     1483.999999978732     52.30711727188799     387.7751463041562     7:24
742500     1484.9999999787083     47.65623311298128     288.62113082405193     7:24
743000     1485.9999999786846     61.97183655959634     333.16982845620294     7:24
743500     1486.999999978661     55.72903950061482     440.1104173664901     7:24
744000     1487.9999999786373     65.0742688330514     396.3267563018033     7:23
744500     1488.9999999786137     47.05431787767645     385.6002707893879     7:23
745000     1489.99999997859     51.79444561223306     151.4137744699564     7:23
745500     1490.9999999785664     47.0483757621825     142.07048456028306     7:23
746000     1491.9999999785427     32.33533176539373     253.07102263646757     7:23
746500     1492.999999978519     45.930249486774755     320.1037487619861     7:23
747000     1493.9999999784955     47.93839685577615     406.50439423471107     7:23
747500     1494.9999999784718     57.3029362231581     432.7414386542366     7:23
748000     1495.9999999784482     53.18377429687985     307.68581341203446     7:23
748500     1496.9999999784245     55.61380305516292     278.821535064121     7:23
749000     1497.9999999784009     44.86226594116647     201.57982231859776     7:23
749500     1498.9999999783772     36.54289947213539     368.72893124835275     7:23
750000     1499.9999999783536     33.19611066527955     370.47834855959496     7:23
750500     1500.99999997833     48.30503983652437     298.16669175614686     7:23
751000     1501.9999999783063     50.460980566799776     330.9259492108618     7:23
751500     1502.9999999782826     50.26564352688371     274.7363078692825     7:23
752000     1503.999999978259     45.58661978338495     292.80447338626635     7:23
752500     1504.9999999782353     60.646582150547886     285.6427673812894     7:23
753000     1505.9999999782117     53.7416177429584     266.18525587482657     7:23
753500     1506.999999978188     36.206863275366175     303.7550806382561     7:23
754000     1507.9999999781644     54.18804843979382     243.70471218888883     7:22
754500     1508.9999999781407     86.63856839935897     274.816147372763     7:22
755000     1509.999999978117     33.18616166504529     293.3761539526069     7:22
755500     1510.9999999780935     43.497491719127254     180.4633607370287     7:22
756000     1511.9999999780698     81.73783366700468     158.8961618755255     7:22
756500     1512.9999999780462     41.31363138909279     302.79220492786675     7:22
757000     1513.9999999780225     33.1240657616741     281.02303537178256     7:22
757500     1514.9999999779989     42.65012253423805     216.06509441595517     7:22
758000     1515.9999999779752     39.19219985610056     352.5931136841117     7:22
758500     1516.9999999779516     52.76297868377981     395.9584890659798     7:22
759000     1517.999999977928     44.98353215175956     318.32941573637487     7:22
759500     1518.9999999779043     52.73870133899078     375.2145725025116     7:22
760000     1519.9999999778806     57.710593542732624     294.13616292100556     7:22
760500     1520.999999977857     41.21173055497633     236.76037390517212     7:22
761000     1521.9999999778333     48.57500119408644     360.67552425229354     7:22
761500     1522.9999999778097     59.54721033662838     301.9446243169917     7:22
762000     1523.999999977786     57.64544873837747     342.756098142988     7:22
762500     1524.9999999777624     78.49038127430305     339.6141850305029     7:22
763000     1525.9999999777388     63.37212750317218     333.4675888403573     7:22
763500     1526.999999977715     52.17383791756089     313.40834945821206     7:21
764000     1527.9999999776915     69.33389842215985     301.76570819845034     7:21
764500     1528.9999999776678     55.99050056847915     332.0391065317435     7:21
765000     1529.9999999776442     58.6279686066718     289.50128698582756     7:21
765500     1530.9999999776205     52.05598812185377     210.72226244288385     7:21
766000     1531.9999999775969     65.38436733350898     222.70400042554795     7:21
766500     1532.9999999775732     42.78595869426687     315.9006652868725     7:21
767000     1533.9999999775496     47.729780815308516     300.41633441882414     7:21
767500     1534.999999977526     47.92584102571078     341.3592227432605     7:21
768000     1535.9999999775023     80.68145850516004     176.7380082065788     7:21
768500     1536.9999999774786     39.77770709261398     364.57862160317995     7:21
769000     1537.999999977455     62.62312488873147     217.49982405951644     7:21
769500     1538.9999999774313     43.20539001919775     207.07179653211995     7:21
770000     1539.9999999774077     56.23093223933995     270.9995966316841     7:21
770500     1540.999999977384     67.49683924371709     307.5163950696862     7:21
771000     1541.9999999773604     56.35403253948249     489.0137133902749     7:21
771500     1542.9999999773368     59.804582563423025     318.2280144470816     7:21
772000     1543.999999977313     53.74538848411038     301.8263581078097     7:21
772500     1544.9999999772895     45.071539776066345     414.3836492279516     7:20
773000     1545.9999999772658     44.01783109529737     318.3524708588531     7:20
773500     1546.9999999772422     45.8425745238614     389.222732181399     7:20
774000     1547.9999999772185     63.065918360477156     271.17724416484543     7:20
774500     1548.9999999771949     52.24877468262804     302.4905994394467     7:20
775000     1549.9999999771712     50.92753793065879     215.48210932011983     7:20
775500     1550.9999999771476     42.94247162887274     259.5138354019385     7:20
776000     1551.999999977124     62.69514989311813     390.48479822420853     7:20
776500     1552.9999999771003     48.51254740810401     465.40748119147656     7:20
777000     1553.9999999770766     51.12616997175445     441.2355248197776     7:20
777500     1554.999999977053     83.51794404929126     328.2724564854238     7:20
778000     1555.9999999770293     50.97610416856975     310.00429129025827     7:20
778500     1556.9999999770057     58.66546828314682     296.4934945808109     7:20
779000     1557.999999976982     58.96612837743709     361.21969000580697     7:20
779500     1558.9999999769584     44.377315704894784     334.354895871154     7:20
780000     1559.9999999769348     46.84820293633385     383.1956042807476     7:20
780500     1560.999999976911     39.03165877844174     225.702254357065     7:20
781000     1561.9999999768875     43.70662147917858     310.7746495709701     7:20
781500     1562.9999999768638     58.024963974924276     299.0211959493427     7:20
782000     1563.9999999768402     72.95796163269824     186.1450201674     7:19
782500     1564.9999999768165     79.75268379372898     364.05200425080784     7:19
783000     1565.9999999767929     48.90908873108481     270.667687033479     7:19
783500     1566.9999999767692     54.10828893472774     295.3445329754755     7:19
784000     1567.9999999767456     52.831476114023815     267.5367803886279     7:19
784500     1568.999999976722     62.23744829338921     332.86075906205934     7:19
785000     1569.9999999766983     44.700909014358444     369.95024377996623     7:19
785500     1570.9999999766746     43.35516104026135     335.4850846410017     7:19
786000     1571.999999976651     52.76013109773055     306.2613005792473     7:19
786500     1572.9999999766274     49.19150288281503     347.95342395421585     7:19
787000     1573.9999999766037     42.10225226776021     222.12268849162518     7:19
787500     1574.99999997658     48.133824257470735     261.18247685903265     7:19
788000     1575.9999999765564     37.1731912609431     315.29186578637217     7:19
788500     1576.9999999765328     50.7015398856131     306.5690221922453     7:19
789000     1577.9999999765091     50.93253383631804     291.11157056073296     7:19
789500     1578.9999999764855     47.40839133036735     172.14370433468406     7:19
790000     1579.9999999764618     44.1829293894325     279.47289451427343     7:19
790500     1580.9999999764382     49.96985177304691     246.8199905302985     7:19
791000     1581.9999999764145     50.09173117651778     348.16517439491315     7:19
791500     1582.9999999763909     51.24342386654354     249.6305869229691     7:18
792000     1583.9999999763672     31.690699148610292     284.1584609706028     7:18
792500     1584.9999999763436     38.72824620478599     302.2027165352196     7:18
793000     1585.99999997632     55.726736521030375     319.9977294150319     7:18
793500     1586.9999999762963     58.486619797504375     293.8880816772184     7:18
794000     1587.9999999762726     57.231125261094746     287.0604679735546     7:18
794500     1588.999999976249     52.03745957771042     210.21311606840754     7:18
795000     1589.9999999762254     55.60780721932457     237.0254270194597     7:18
795500     1590.9999999762017     67.74804667632537     238.90821498876684     7:18
796000     1591.999999976178     55.907804280410176     363.7413467272693     7:18
796500     1592.9999999761544     55.433778927100775     205.89192741096062     7:18
797000     1593.9999999761308     63.636157893490406     303.748730251938     7:18
797500     1594.9999999761071     57.00216421263275     252.1433690686773     7:18
798000     1595.9999999760835     39.30977484502142     320.27681984553703     7:18
798500     1596.9999999760598     60.506226600983666     251.70684791906922     7:18
799000     1597.9999999760362     44.509995653408055     346.5783643964416     7:18
799500     1598.9999999760125     43.44051131190747     416.47739694573875     7:18
800000     1599.9999999759889     41.444177803647506     267.24516007396386     7:18
800500     1600.9999999759652     36.15384609114437     336.5977848545817     7:18
801000     1601.9999999759416     42.506735674907134     418.0771171133566     7:17
801500     1602.999999975918     58.466715477403454     428.0927670589106     7:17
802000     1603.9999999758943     44.15389619770184     312.83030581485576     7:17
802500     1604.9999999758707     68.41346078576697     216.89218604847125     7:17
803000     1605.999999975847     63.98081029729366     294.2212311856396     7:17
803500     1606.9999999758234     50.85312730843674     296.24057820546506     7:17
804000     1607.9999999757997     59.221840234395245     391.4494557348759     7:17
804500     1608.999999975776     41.81498641645857     306.32170001686177     7:17
805000     1609.9999999757524     41.743754987531304     231.146194498222     7:17
805500     1610.9999999757288     33.030989898578696     321.584009262034     7:17
806000     1611.9999999757051     51.37929131227298     164.35423263011327     7:17
806500     1612.9999999756815     40.08719316129981     211.56262999820046     7:17
807000     1613.9999999756578     55.63528719230703     251.61284220644654     7:17
807500     1614.9999999756342     74.24335647746119     271.5877462843996     7:17
808000     1615.9999999756105     51.190165233508594     460.63094636177027     7:17
808500     1616.999999975587     51.87249732488084     272.9927666416459     7:17
809000     1617.9999999755632     38.00420233860643     248.38134933477605     7:17
809500     1618.9999999755396     58.37837042138     211.80490209938995     7:17
810000     1619.999999975516     65.02130913181662     393.33973552671665     7:17
810500     1620.9999999754923     53.777683408732116     386.77966090937025     7:16
811000     1621.9999999754687     46.96821864839359     283.86441992959453     7:16
811500     1622.999999975445     58.22016646086439     194.58555686887672     7:16
812000     1623.9999999754214     55.338868694699954     229.02000125015093     7:16
812500     1624.9999999753977     63.7584679999365     309.5695692165642     7:16
813000     1625.999999975374     76.71373920209277     323.8593161964864     7:16
813500     1626.9999999753504     46.19554315209177     281.6008382309493     7:16
814000     1627.9999999753268     54.73391884070878     202.24908650239814     7:16
814500     1628.9999999753031     55.039681360970974     326.7084529783211     7:16
815000     1629.9999999752795     58.36160973592047     287.07890436024303     7:16
815500     1630.9999999752558     42.38297948854262     264.9772568537287     7:16
816000     1631.9999999752322     44.11254162994936     265.53725306574586     7:16
816500     1632.9999999752085     41.61729140597191     208.28422969263934     7:16
817000     1633.999999975185     44.75330553710256     477.01270814351426     7:16
817500     1634.9999999751612     62.07397896233857     243.0699568696336     7:16
818000     1635.9999999751376     56.21841648268622     186.9632944291766     7:16
818500     1636.999999975114     51.8369076773796     313.8212396570487     7:16
819000     1637.9999999750903     66.06693789175011     334.55052161807095     7:16
819500     1638.9999999750667     52.810697142193646     453.92847940507596     7:16
820000     1639.999999975043     40.344843975687525     246.6939124217524     7:15
820500     1640.9999999750194     54.415992458132166     235.44067150930036     7:15
821000     1641.9999999749957     57.01615981929575     286.0653558887161     7:15
821500     1642.999999974972     70.18798267969811     410.5922339694908     7:15
822000     1643.9999999749484     49.00854043771716     457.30924215073975     7:15
822500     1644.9999999749248     53.26130247755549     257.0122019856153     7:15
823000     1645.9999999749011     49.91535922768941     285.5361546110196     7:15
823500     1646.9999999748775     63.46389027296232     384.6366800723215     7:15
824000     1647.9999999748538     70.19854613195878     264.4749185495845     7:15
824500     1648.9999999748302     68.75165884334814     363.59031119942813     7:15
825000     1649.9999999748065     67.59126178927096     353.39572847273735     7:15
825500     1650.999999974783     46.44801468826245     384.56476876730767     7:15
826000     1651.9999999747592     67.57519027819706     318.6410670093468     7:15
826500     1652.9999999747356     65.33094172294813     335.9078811402429     7:15
827000     1653.999999974712     98.35098468021584     379.4510486904745     7:15
827500     1654.9999999746883     55.49031091212504     309.13653394001693     7:15
828000     1655.9999999746647     58.4753343286834     248.49453674616217     7:15
828500     1656.999999974641     49.45784761037538     227.64330410801125     7:15
829000     1657.9999999746174     43.01218909420146     382.5692703049669     7:15
829500     1658.9999999745937     78.19263485261251     357.1706336240809     7:14
830000     1659.99999997457     84.99558943518912     324.32797697365237     7:14
830500     1660.9999999745464     70.01057649348854     225.4467544802253     7:14
831000     1661.9999999745228     58.572788620733775     243.8719079638386     7:14
831500     1662.9999999744991     48.14352458424645     243.33863845779754     7:14
832000     1663.9999999744755     46.69704503893303     299.03580410476246     7:14
832500     1664.9999999744518     45.84429464967525     258.6446057854647     7:14
833000     1665.9999999744282     38.37410027426523     259.18491286456646     7:14
833500     1666.9999999744045     66.74916046135655     268.9267027392156     7:14
834000     1667.999999974381     51.378574379633335     309.1084840835049     7:14
834500     1668.9999999743573     48.16234720504741     259.0287779044365     7:14
835000     1669.9999999743336     54.99737800562144     222.08216079734558     7:14
835500     1670.99999997431     53.11971182381291     214.1968549509453     7:14
836000     1671.9999999742863     53.31212564307202     240.16066574533613     7:14
836500     1672.9999999742627     40.53640864396414     300.97685501821536     7:14
837000     1673.999999974239     40.88774085318022     200.85498208258053     7:14
837500     1674.9999999742154     43.185006846723525     181.72887709957075     7:14
838000     1675.9999999741917     60.13376416883733     205.7815745298478     7:14
838500     1676.999999974168     48.44673426303092     246.52453927185013     7:14
839000     1677.9999999741444     57.95321914651805     282.2666825139411     7:13
839500     1678.9999999741208     43.442737883281495     309.0302618447423     7:13
840000     1679.9999999740971     65.98704366692698     225.1688852629544     7:13
840500     1680.9999999740735     63.27639179760297     408.55300665706284     7:13
841000     1681.9999999740498     44.86884630762245     315.58102817447923     7:13
841500     1682.9999999740262     63.71007879044788     303.8884028101063     7:13
842000     1683.9999999740025     49.52901468867486     354.6736677688267     7:13
842500     1684.999999973979     46.68768843287552     266.65270909821146     7:13
843000     1685.9999999739553     52.666328797282404     273.8553913312832     7:13
843500     1686.9999999739316     61.18257108506242     270.81345069054504     7:13
844000     1687.999999973908     68.85147808293988     270.434223584229     7:13
844500     1688.9999999738843     38.31819051632414     218.2048694713887     7:13
845000     1689.9999999738607     45.334666770918886     330.29464600353685     7:13
845500     1690.999999973837     51.24292938067663     248.31512664706128     7:13
846000     1691.9999999738134     60.00351580108037     217.89118250396206     7:13
846500     1692.9999999737897     60.232078224489044     226.22026809460763     7:13
847000     1693.999999973766     56.756784823986266     268.67683026643425     7:13
847500     1694.9999999737424     50.032108609214674     316.08368684608064     7:13
848000     1695.9999999737188     55.17473656602283     193.80644607560887     7:13
848500     1696.9999999736951     59.89011747147305     423.91063777824434     7:12
849000     1697.9999999736715     50.79152652925228     325.05038941140987     7:12
849500     1698.9999999736478     54.351209154787     238.48045594239466     7:12
850000     1699.9999999736242     45.37414671190618     281.3815892348674     7:12
850500     1700.9999999736006     43.65556741689113     262.708251964693     7:12
851000     1701.999999973577     55.11242368512336     320.29851904932315     7:12
851500     1702.9999999735533     48.038482642356996     235.20400719486955     7:12
852000     1703.9999999735296     83.3470603940836     281.0157350722194     7:12
852500     1704.999999973506     53.766234153286575     340.8247357536941     7:12
853000     1705.9999999734823     52.33527869679057     273.6428878284667     7:12
853500     1706.9999999734587     59.41962612978239     323.7291174378116     7:12
854000     1707.999999973435     56.13008755221591     351.8557229778803     7:12
854500     1708.9999999734114     55.74124715723809     233.6711589628202     7:12
855000     1709.9999999733877     62.797681138523444     230.1049533987885     7:12
855500     1710.999999973364     43.89801767805676     435.57619212881264     7:12
856000     1711.9999999733404     41.681756474451106     438.16288121594783     7:12
856500     1712.9999999733168     82.7376916536341     156.750463418833     7:12
857000     1713.9999999732931     50.89503840841604     459.57385310370887     7:12
857500     1714.9999999732695     58.94315502377873     390.84507298463524     7:12
858000     1715.9999999732458     53.654794620687824     279.5058722122493     7:11
858500     1716.9999999732222     54.76063085019683     286.9903130223354     7:11
859000     1717.9999999731986     58.00499786458414     364.41873031766113     7:11
859500     1718.999999973175     51.30272121658612     267.32803420417457     7:11
860000     1719.9999999731513     59.431404362818     249.8363306433762     7:11
860500     1720.9999999731276     52.60769282653149     185.99125814974718     7:11
861000     1721.999999973104     51.49112286808145     193.93133670783246     7:11
861500     1722.9999999730803     30.184868313652885     261.54489800028927     7:11
862000     1723.9999999730567     47.17216235142371     239.0291757793749     7:11
862500     1724.999999973033     44.05944349750001     440.2922775815564     7:11
863000     1725.9999999730094     60.621716382747366     279.10260543719943     7:11
863500     1726.9999999729857     54.23326637481625     295.4549972634754     7:11
864000     1727.999999972962     61.08856901832718     218.94023421915853     7:11
864500     1728.9999999729384     57.65964985732711     170.057616621447     7:11
865000     1729.9999999729148     48.42074714894329     342.03881545956773     7:11
865500     1730.9999999728911     50.04485590478754     389.0941829712206     7:11
866000     1731.9999999728675     47.34310452118012     313.77234036489153     7:11
866500     1732.9999999728439     65.52876715877875     354.6957290449961     7:11
867000     1733.9999999728202     42.603104745318035     283.5452931576199     7:11
867500     1734.9999999727966     46.096193504520954     340.9074486829828     7:10
868000     1735.999999972773     46.06773200436413     242.93423518718552     7:10
868500     1736.9999999727493     55.15719084376161     314.1840171005383     7:10
869000     1737.9999999727256     53.42536683871879     260.34853028809414     7:10
869500     1738.999999972702     51.36613577666054     276.25569960249857     7:10
870000     1739.9999999726783     62.05522566894325     256.7276944678797     7:10
870500     1740.9999999726547     34.75222767834896     277.6142758816292     7:10
871000     1741.999999972631     58.36056248195399     226.68484198277554     7:10
871500     1742.9999999726074     50.84719494241233     254.62129035251473     7:10
872000     1743.9999999725837     56.35398184616565     206.28350799105166     7:10
872500     1744.99999997256     45.094582189564505     265.40045577402134     7:10
873000     1745.9999999725364     42.62493364240572     340.91973482824784     7:10
873500     1746.9999999725128     43.71177859494634     242.68048105626733     7:10
874000     1747.9999999724891     38.01832606212395     323.3299835192102     7:10
874500     1748.9999999724655     67.03908166199335     166.90001468251813     7:10
875000     1749.9999999724419     52.272726246728496     238.61561782945373     7:10
875500     1750.9999999724182     49.6644077771129     348.89909942663667     7:10
876000     1751.9999999723946     60.313575717757544     313.40246504330884     7:10
876500     1752.999999972371     46.270268112511474     327.23540464823014     7:10
877000     1753.9999999723473     68.03692845728762     273.6304972029167     7:09
877500     1754.9999999723236     65.55063968744025     311.93817186270365     7:09
878000     1755.9999999723     51.12933323243254     302.0948421909379     7:09
878500     1756.9999999722763     48.89635153963712     315.74692136072946     7:09
879000     1757.9999999722527     58.08807235340021     251.53972974143824     7:09
879500     1758.999999972229     41.26354364805525     244.31305937742735     7:09
880000     1759.9999999722054     48.25513381747879     205.44516341527327     7:09
880500     1760.9999999721817     54.702278905196465     303.34371438876     7:09
881000     1761.999999972158     49.708421257498856     214.11186462269447     7:09
881500     1762.9999999721344     40.66418300055773     240.61356302922502     7:09
882000     1763.9999999721108     59.228373142608405     288.2670816742297     7:09
882500     1764.9999999720872     44.58694779545385     246.89643057371237     7:09
883000     1765.9999999720635     46.75642115087766     265.398887697866     7:09
883500     1766.9999999720399     59.11725725611069     347.2977293230203     7:09
884000     1767.9999999720162     58.82792789978362     248.79510986359017     7:09
884500     1768.9999999719926     43.938874688365786     299.7179597122894     7:09
885000     1769.999999971969     60.13084637377017     249.3966105660983     7:09
885500     1770.9999999719453     61.84034072877057     341.6162585335716     7:09
886000     1771.9999999719216     61.98327062793078     342.5810289042595     7:09
886500     1772.999999971898     47.66269283193941     366.4542826801656     7:09
887000     1773.9999999718743     51.86128230438368     420.24905502226204     7:09
887500     1774.9999999718507     66.54860533933362     265.97836517207855     7:09
888000     1775.999999971827     61.35895363293292     246.71554700954405     7:09
888500     1776.9999999718034     58.390375710784326     436.69468627552834     7:08
889000     1777.9999999717797     54.78622488204513     332.0633675126806     7:08
889500     1778.999999971756     70.62334772746726     271.7818085930783     7:08
890000     1779.9999999717324     47.58664195417873     239.8060701447325     7:08
890500     1780.9999999717088     46.31479238933963     213.0085945177332     7:08
891000     1781.9999999716852     51.44492206780171     263.0109918492003     7:08
891500     1782.9999999716615     54.7672373464315     198.97901681635523     7:08
892000     1783.9999999716379     50.258441825714044     187.45338524140186     7:08
892500     1784.9999999716142     50.91213486984151     196.2414970447379     7:08
893000     1785.9999999715906     47.49779607724389     227.13003441478753     7:08
893500     1786.999999971567     71.86165641530675     219.31525566704718     7:08
894000     1787.9999999715433     46.21914974017284     361.9604729548762     7:08
894500     1788.9999999715196     52.38075666032279     351.28290925818425     7:08
895000     1789.999999971496     73.5079131026659     386.4809329321822     7:08
895500     1790.9999999714723     46.577646836054726     371.92339721763983     7:08
896000     1791.9999999714487     39.97206884064366     353.1308753580311     7:08
896500     1792.999999971425     70.77236913400702     222.32962358759585     7:08
897000     1793.9999999714014     54.622455626762815     225.4291807703455     7:08
897500     1794.9999999713777     58.169265164975286     262.9537964252222     7:08
898000     1795.999999971354     61.09168034666271     237.0851655720445     7:07
898500     1796.9999999713305     75.35947327432535     296.65646667848023     7:07
899000     1797.9999999713068     52.46851523706181     286.4474743428178     7:07
899500     1798.9999999712832     67.85531242455659     271.2002285681692     7:07
900000     1799.9999999712595     54.36963314750227     355.1533784623126     7:07
900500     1800.9999999712359     52.828219136489395     345.7629429017613     7:07
901000     1801.9999999712122     53.39441390538042     427.37006196010435     7:07
901500     1802.9999999711886     49.53083307905189     255.64948505155405     7:07
902000     1803.999999971165     47.64159245525542     388.7004332505992     7:07
902500     1804.9999999711413     52.29168493761051     252.07934663065524     7:07
903000     1805.9999999711176     42.972113959000524     270.7523386363551     7:07
903500     1806.999999971094     38.8751193758996     305.787321285727     7:07
904000     1807.9999999710703     55.0275386627074     298.28898057739684     7:07
904500     1808.9999999710467     58.98085341524063     354.3877762869261     7:07
905000     1809.999999971023     55.388037693473734     228.32370971920184     7:07
905500     1810.9999999709994     45.11440406083386     342.6955904469419     7:07
906000     1811.9999999709758     59.62894914048053     382.79041723846564     7:07
906500     1812.999999970952     54.00028830865796     263.33753289482746     7:07
907000     1813.9999999709285     74.58501960231416     291.4894951267871     7:07
907500     1814.9999999709048     51.84679883526525     253.5533708153499     7:06
908000     1815.9999999708812     30.358412438099208     213.66088431226885     7:06
908500     1816.9999999708575     37.45038140868371     278.2188003608055     7:06
909000     1817.9999999708339     47.73945057644886     187.33924285502292     7:06
909500     1818.9999999708102     47.90907271325824     248.13129899847752     7:06
910000     1819.9999999707866     48.75120376688602     219.26707352039767     7:06
910500     1820.999999970763     75.5028113475185     317.83811262346643     7:06
911000     1821.9999999707393     59.02260191296119     383.4781304996521     7:06
911500     1822.9999999707156     48.22798998318348     293.6523008678404     7:06
912000     1823.999999970692     70.13879482391866     439.7457611185054     7:06
912500     1824.9999999706683     67.69157830236992     281.53784577381776     7:06
913000     1825.9999999706447     60.59713434530278     314.9297413325545     7:06
913500     1826.999999970621     50.269167114557774     414.0366144555496     7:06
914000     1827.9999999705974     64.40659679712002     249.14063648342162     7:06
914500     1828.9999999705738     50.71273158228064     239.45878084997648     7:06
915000     1829.99999997055     47.75226665566055     221.71038225862827     7:06
915500     1830.9999999705265     63.09941491450337     303.5369533157766     7:06
916000     1831.9999999705028     47.000769491902986     323.4694742419636     7:06
916500     1832.9999999704792     61.314060197536776     355.54164347656683     7:05
917000     1833.9999999704555     62.59793346345418     316.29455024576737     7:05
917500     1834.9999999704319     57.78190084289412     286.0881713410737     7:05
918000     1835.9999999704082     66.81310611775478     231.08961958638642     7:05
918500     1836.9999999703846     44.733866287267915     331.4280213009835     7:05
919000     1837.999999970361     76.80471191311727     327.0553899124682     7:05
919500     1838.9999999703373     67.2971867934321     318.7567266364341     7:05
920000     1839.9999999703136     51.85700163332359     214.80676910157032     7:05
920500     1840.99999997029     59.787762866312335     178.3493849252359     7:05
921000     1841.9999999702663     53.07156249442767     257.91657141711767     7:05
921500     1842.9999999702427     36.146069281356915     312.1176276991755     7:05
922000     1843.999999970219     51.119275531484845     179.68337874190343     7:05
922500     1844.9999999701954     43.04252856953525     267.9299309823854     7:05
923000     1845.9999999701718     46.893517466704395     265.71774423548254     7:05
923500     1846.999999970148     45.1530552947894     298.4911256615982     7:05
924000     1847.9999999701245     53.95306178199354     257.58013521177463     7:05
924500     1848.9999999701008     48.3225197293815     474.29603783176094     7:05
925000     1849.9999999700772     55.6022023503312     317.2679306492902     7:05
925500     1850.9999999700535     59.43934997400879     234.1731287523568     7:05
926000     1851.9999999700299     50.614116764772405     322.3446936467954     7:04
926500     1852.9999999700062     50.929384875270046     232.36585232271582     7:04
927000     1853.9999999699826     66.00024808584078     237.3294078798142     7:04
927500     1854.999999969959     70.39548477429844     190.41730463593322     7:04
928000     1855.9999999699353     42.934520272887255     356.9048607728646     7:04
928500     1856.9999999699116     58.77310681372222     273.14856742955226     7:04
929000     1857.999999969888     48.60732482410441     270.39413875654475     7:04
929500     1858.9999999698643     42.309746542882976     285.08086349586216     7:04
930000     1859.9999999698407     43.59652177058109     346.144489402592     7:04
930500     1860.999999969817     60.67835465174778     364.48199242789735     7:04
931000     1861.9999999697934     59.93426998338947     360.4204608724815     7:04
931500     1862.9999999697698     53.851062689524895     246.37193818661802     7:04
932000     1863.999999969746     54.454899815687725     301.2012934924135     7:04
932500     1864.9999999697225     60.66264569203071     181.85963720364336     7:04
933000     1865.9999999696988     57.90302129326125     314.5860273269957     7:04
933500     1866.9999999696752     49.41656946656366     354.8711435481991     7:04
934000     1867.9999999696515     51.69400718835709     334.141626082705     7:04
934500     1868.9999999696279     52.51407866962609     344.6489394213529     7:04
935000     1869.9999999696042     52.425198414916565     228.1210075400176     7:04
935500     1870.9999999695806     35.878332135360324     241.78527518029674     7:03
936000     1871.999999969557     51.18264273426297     259.2988000625719     7:03
936500     1872.9999999695333     50.67592297490518     254.30195201038487     7:03
937000     1873.9999999695096     45.06787316929734     267.7605098306461     7:03
937500     1874.999999969486     44.35285674379696     301.6632681125911     7:03
938000     1875.9999999694624     57.33997248717094     212.81280708551654     7:03
938500     1876.9999999694387     49.86874700968059     215.63669218856083     7:03
939000     1877.999999969415     66.69598173204542     261.64890232966474     7:03
939500     1878.9999999693914     55.894568283644844     381.78712115526     7:03
940000     1879.9999999693678     56.82662116434693     275.55501179836017     7:03
940500     1880.9999999693441     41.07931446420383     331.98684076564587     7:03
941000     1881.9999999693205     38.26005420822759     262.7832238590854     7:03
941500     1882.9999999692968     48.76755542628922     377.5470437638892     7:03
942000     1883.9999999692732     63.13226689542017     182.6454830760544     7:03
942500     1884.9999999692495     50.4320651781988     336.6373641371873     7:03
943000     1885.9999999692259     65.79475813824746     343.1232332426492     7:03
943500     1886.9999999692022     58.68979885648832     396.9688871444895     7:03
944000     1887.9999999691786     55.18716038362453     469.5250020460039     7:03
944500     1888.999999969155     58.81364451525462     269.78893677818127     7:03
945000     1889.9999999691313     45.94143587765058     342.0745434015438     7:03
945500     1890.9999999691076     44.2886857873238     222.98743843716701     7:02
946000     1891.999999969084     52.25733138218652     264.27427644116625     7:02
946500     1892.9999999690604     43.29896947586104     307.0276821669038     7:02
947000     1893.9999999690367     56.78748324964437     255.18239084897243     7:02
947500     1894.999999969013     49.88515826090821     246.27156406882418     7:02
948000     1895.9999999689894     56.31629225354442     363.8435547961766     7:02
948500     1896.9999999689658     72.32691262870122     314.1413004062398     7:02
949000     1897.9999999689421     77.25224461388831     293.33452875517565     7:02
949500     1898.9999999689185     57.77621138809894     248.64676209955798     7:02
950000     1899.9999999688948     43.382746441247775     292.2858994173948     7:02
950500     1900.9999999688712     52.30779617592481     309.26390330282277     7:02
951000     1901.9999999688475     68.14163653448685     244.47934316591142     7:02
951500     1902.9999999688239     46.48366156529903     268.72594205511916     7:02
952000     1903.9999999688002     49.57989527123203     282.6717505930427     7:02
952500     1904.9999999687766     80.49986987245387     174.72298127942886     7:02
953000     1905.999999968753     73.85177548301209     287.23365802028576     7:02
953500     1906.9999999687293     60.430984925808616     330.3318343005933     7:02
954000     1907.9999999687057     53.03749879378125     331.28285379185814     7:02
954500     1908.999999968682     49.445941232378175     302.5026144784738     7:02
955000     1909.9999999686584     49.74165008928054     270.28662631511395     7:01
955500     1910.9999999686347     55.53062610531737     207.57994577105958     7:01
956000     1911.999999968611     48.235959507524115     362.1806474515636     7:01
956500     1912.9999999685874     64.42740807082123     214.5839332396625     7:01
957000     1913.9999999685638     48.42915187119644     223.71141502761998     7:01
957500     1914.9999999685401     61.144030027673466     221.2792296131604     7:01
958000     1915.9999999685165     54.63712547724111     304.0170208988036     7:01
958500     1916.9999999684928     35.36657735106354     215.61098454075645     7:01
959000     1917.9999999684692     47.14389436178061     262.67822683985304     7:01
959500     1918.9999999684455     53.55384751483399     289.0847665693545     7:01
960000     1919.999999968422     40.552824972983274     276.20028126368373     7:01
960500     1920.9999999683982     56.388861475415695     227.7917440975709     7:01
961000     1921.9999999683746     49.57963039638554     244.49043444809294     7:01
961500     1922.999999968351     53.12018299384977     225.20370398395914     7:01
962000     1923.9999999683273     80.85859293608479     230.3372979838271     7:01
962500     1924.9999999683037     72.36529829748582     331.27875815984123     7:01
963000     1925.99999996828     85.53500097444277     284.7603133798098     7:01
963500     1926.9999999682564     72.77440840633733     219.57159719870035     7:01
964000     1927.9999999682327     44.51719858312447     334.924840040064     7:00
964500     1928.999999968209     52.42360451805581     300.54086692634337     7:00
965000     1929.9999999681854     60.221892378835776     348.3073578221287     7:00
965500     1930.9999999681618     51.16331405215482     311.2501564466642     7:00
966000     1931.9999999681381     48.68967896982889     278.7071063741515     7:00
966500     1932.9999999681145     66.04878047292789     210.5889237295328     7:00
967000     1933.9999999680908     46.14075954637059     333.0075527968915     7:00
967500     1934.9999999680672     80.6690364442207     257.05470380993506     7:00
968000     1935.9999999680435     55.36659323420531     341.49316893899197     7:00
968500     1936.99999996802     57.61109748513019     266.40067320055743     7:00
969000     1937.9999999679962     51.69689148442586     241.82287670002896     7:00
969500     1938.9999999679726     59.64971316980251     271.0408816506074     7:00
970000     1939.999999967949     55.45791919131733     334.415528924167     7:00
970500     1940.9999999679253     56.95422923803477     252.24391814372171     7:00
971000     1941.9999999679017     56.970927234121405     263.72908006496175     7:00
971500     1942.999999967878     54.47417046145125     202.35309655348607     7:00
972000     1943.9999999678544     41.739996524606624     361.7900139268888     7:00
972500     1944.9999999678307     54.55482526737126     279.51734983414036     7:00
973000     1945.999999967807     72.08459913102337     385.46550568643397     7:00
973500     1946.9999999677834     38.028407946780135     267.6400221196967     6:59
974000     1947.9999999677598     45.802750850935524     331.29508672822504     6:59
974500     1948.9999999677361     63.404844510123894     376.96224208188346     6:59
975000     1949.9999999677125     42.41137349493488     431.0998730910532     6:59
975500     1950.9999999676888     56.203819770878     395.78888147723677     6:59
976000     1951.9999999676652     62.33451002178549     303.78908124520706     6:59
976500     1952.9999999676415     65.70685415212643     292.7987583098316     6:59
977000     1953.999999967618     48.97339883260929     246.28565016188315     6:59
977500     1954.9999999675942     42.87773047715871     262.8279667055967     6:59
978000     1955.9999999675706     53.411239696968266     335.9126359861861     6:59
978500     1956.999999967547     55.89694733067728     312.29900075129945     6:59
979000     1957.9999999675233     58.225587607716136     288.796319413463     6:59
979500     1958.9999999674997     67.15150253591145     318.60146893288373     6:59
980000     1959.999999967476     57.88773358705254     242.761428816086     6:59
980500     1960.9999999674524     49.19496375288435     360.2325944941594     6:59
981000     1961.9999999674287     53.18466797032471     389.2998335942203     6:59
981500     1962.999999967405     59.18592768288255     236.47662705428678     6:59
982000     1963.9999999673814     60.46450780984429     320.0530588220882     6:59
982500     1964.9999999673578     45.35282596407842     305.1570351748439     6:59
983000     1965.9999999673341     64.00747992764974     259.78820896171754     6:58
983500     1966.9999999673105     71.81092781931937     198.27724458726493     6:58
984000     1967.9999999672868     55.09387461075107     243.35709296021463     6:58
984500     1968.9999999672632     53.212140942098756     212.49479321990668     6:58
985000     1969.9999999672395     67.13209549840008     257.5079989617244     6:58
985500     1970.999999967216     64.08436511553504     218.10356994986492     6:58
986000     1971.9999999671923     76.19025481003433     226.21450855229358     6:58
986500     1972.9999999671686     58.893654226246724     323.7775173849255     6:58
987000     1973.999999967145     50.12638327247436     246.39927201169135     6:58
987500     1974.9999999671213     47.21490885893871     425.0269756083311     6:58
988000     1975.9999999670977     66.05801952954215     261.3866437844845     6:58
988500     1976.999999967074     64.56551271505515     244.16975292035158     6:58
989000     1977.9999999670504     52.06367548171028     382.4180529901486     6:58
989500     1978.9999999670267     58.982580186962025     190.08679508323502     6:58
990000     1979.999999967003     34.44257347732838     366.77150613813006     6:58
990500     1980.9999999669794     61.429006092195266     291.451913369668     6:58
991000     1981.9999999669558     62.877431071250555     212.60643178493487     6:58
991500     1982.9999999669321     47.59129234346466     340.29819522363636     6:58
992000     1983.9999999669085     58.47906351497244     317.38357543019885     6:58
992500     1984.9999999668848     59.68583785313393     245.8034558698184     6:57
993000     1985.9999999668612     63.12497845857314     358.10733110609374     6:57
993500     1986.9999999668375     68.68834096868909     223.73680804784377     6:57
994000     1987.999999966814     57.018705174377374     348.6464863928695     6:57
994500     1988.9999999667903     43.75486800163918     433.19980156000867     6:57
995000     1989.9999999667666     48.68242163091759     276.95864228203277     6:57
995500     1990.999999966743     58.78254047418062     294.18574600926087     6:57
996000     1991.9999999667193     43.500261964639094     289.43162823119616     6:57
996500     1992.9999999666957     51.01390687747977     262.27965940105383     6:57
997000     1993.999999966672     44.102508779717255     394.253247067925     6:57
997500     1994.9999999666484     64.304579114651     169.82317361503243     6:57
998000     1995.9999999666247     52.132096435232484     235.08968924576783     6:57
998500     1996.999999966601     51.73798697765977     207.9982401726781     6:57
999000     1997.9999999665774     42.09972048102537     363.6843319761995     6:57
999500     1998.9999999665538     48.59399426638703     318.2474670098941     6:57
1000000     1999.9999999665301     57.68970002546314     550.2513407733767     6:57
1000500     2000.9999999665065     58.73209229868502     452.6765194200634     6:57
1001000     2001.9999999664828     75.22547058694084     391.61342787888964     6:57
1001500     2002.9999999664592     71.32900253949447     229.63998442789241     6:57
1002000     2003.9999999664356     63.05009209687415     321.9665870031374     6:56
1002500     2004.999999966412     35.46242066600212     366.0711301764001     6:56
1003000     2005.9999999663883     58.444298475088715     245.74296512699428     6:56
1003500     2006.9999999663646     53.685941359341484     356.0248108835718     6:56
1004000     2007.999999966341     73.58607470914961     289.7201300249002     6:56
1004500     2008.9999999663173     49.10784329311991     200.04934811887557     6:56
1005000     2009.9999999662937     62.690734387317036     291.34802421927145     6:56
1005500     2010.99999996627     42.33987013232928     258.0154972453787     6:56
1006000     2011.9999999662464     53.25158013443382     388.57301535314076     6:56
1006500     2012.9999999662227     54.033089316874     219.34036803879093     6:56
1007000     2013.999999966199     47.91048806659728     316.4239087543242     6:56
1007500     2014.9999999661754     48.00516231771519     382.83507919388927     6:56
1008000     2015.9999999661518     59.20373701572498     261.40286084910554     6:56
1008500     2016.9999999661281     45.556366048894404     264.68757763454084     6:56
1009000     2017.9999999661045     67.78504595896862     173.10841578081622     6:56
1009500     2018.9999999660808     54.10570153645557     343.6669383771221     6:56
1010000     2019.9999999660572     58.5945420791669     296.98863590317023     6:56
1010500     2020.9999999660336     59.83780230524934     211.0079103554227     6:56
1011000     2021.99999996601     69.52244798544302     269.2012889892735     6:56
1011500     2022.9999999659863     58.080350159248496     155.8294471827519     6:55
1012000     2023.9999999659626     63.58713683739603     203.7424891401065     6:55
1012500     2024.999999965939     81.4469701353126     349.61892990079974     6:55
1013000     2025.9999999659153     50.88221985060886     466.4428688519652     6:55
1013500     2026.9999999658917     62.550892370518625     197.79448337945797     6:55
1014000     2027.999999965868     29.80347580541445     320.29331581487816     6:55
1014500     2028.9999999658444     54.02260556250468     325.7551010385607     6:55
1015000     2029.9999999658207     55.854215108576796     375.1809740259855     6:55
1015500     2030.999999965797     64.49906867847659     353.46940891911896     6:55
1016000     2031.9999999657734     54.15253920580932     478.59087312496644     6:55
1016500     2032.9999999657498     66.97033964925981     428.87987095726635     6:55
1017000     2033.9999999657261     62.230742273532144     439.2643572340861     6:55
1017500     2034.9999999657025     70.34544831987665     444.6073696863146     6:55
1018000     2035.9999999656789     83.53404802749151     269.135885299602     6:55
1018500     2036.9999999656552     39.08189391149426     364.6742495211738     6:55
1019000     2037.9999999656316     41.108088648234286     293.2700999242044     6:55
1019500     2038.999999965608     72.45996367203469     314.8292330905561     6:55
1020000     2039.9999999655843     55.59437229851147     255.42091386622073     6:55
1020500     2040.9999999655606     53.05378188343826     208.514027709989     6:55
1021000     2041.999999965537     56.34676152549446     237.68986510534694     6:55
1021500     2042.9999999655133     42.14183157901812     312.4202091194953     6:54
1022000     2043.9999999654897     51.87195627006338     238.3659552375602     6:54
1022500     2044.999999965466     46.25705700575446     198.80612538851926     6:54
1023000     2045.9999999654424     54.00671853026495     214.66095841142277     6:54
1023500     2046.9999999654187     33.41414117463415     288.27084625825955     6:54
1024000     2047.999999965395     35.728373190712205     379.4596786070169     6:54
1024500     2048.9999999653714     34.78464471806302     271.4169905992468     6:54
1025000     2049.999999965348     46.108537517396485     271.4699860562363     6:54
1025500     2050.999999965324     57.76838714803006     372.94002022862514     6:54
1026000     2051.9999999653005     43.40140837370677     336.6466998405786     6:54
1026500     2052.999999965277     45.991984298328646     365.12379115696535     6:54
1027000     2053.999999965253     51.45074767992929     353.57204619516847     6:54
1027500     2054.9999999652296     43.04144628866055     284.4053657576618     6:54
1028000     2055.999999965206     47.00897971363696     286.98773351695803     6:54
1028500     2056.9999999651823     44.851452323129195     390.4288060914871     6:54
1029000     2057.9999999651586     41.205641882395525     325.55524212055906     6:54
1029500     2058.999999965135     70.480931050577     223.15734207760318     6:54
1030000     2059.9999999651113     73.44397270868029     269.41837538392485     6:54
1030500     2060.9999999650877     63.79546660874513     378.6497912978931     6:53
1031000     2061.999999965064     79.558942258186     297.3666282336744     6:53
1031500     2062.9999999650404     63.154967708485     353.9253331281315     6:53
1032000     2063.9999999650167     57.150590040954114     387.83118304807016     6:53
1032500     2064.999999964993     58.876198033148455     221.6753572449154     6:53
1033000     2065.9999999649694     75.53715961605377     316.24849986990336     6:53
1033500     2066.999999964946     47.79692487234314     386.3518140453083     6:53
1034000     2067.999999964922     50.472318800238156     316.3958445360113     6:53
1034500     2068.9999999648985     66.27202397302557     254.72239975576372     6:53
1035000     2069.999999964875     55.81732288946995     340.7425416898727     6:53
1035500     2070.999999964851     59.17909124829151     282.00037355340885     6:53
1036000     2071.9999999648276     57.97200521966528     321.36409196994265     6:53
1036500     2072.999999964804     70.43880633314149     335.29048131868205     6:53
1037000     2073.9999999647803     58.72977364054162     229.6735201532784     6:53
1037500     2074.9999999647566     62.729273478030166     265.96338159966814     6:53
1038000     2075.999999964733     42.4649614206063     453.1196642419276     6:53
1038500     2076.9999999647093     58.75781254509286     292.1461545900631     6:53
1039000     2077.9999999646857     38.71218866255191     375.2429850368791     6:53
1039500     2078.999999964662     58.507133942794724     389.7403266415438     6:53
1040000     2079.9999999646384     51.908982328169486     276.5739696070733     6:52
1040500     2080.9999999646147     53.194080445565476     325.3017976523493     6:52
1041000     2081.999999964591     56.85979191191319     307.38100029379524     6:52
1041500     2082.9999999645675     98.04279426015091     307.76653147991453     6:52
1042000     2083.999999964544     59.78857511727739     257.1041202237996     6:52
1042500     2084.99999996452     65.25374336882572     270.1982349283499     6:52
1043000     2085.9999999644965     38.23848713078013     280.074029317814     6:52
1043500     2086.999999964473     51.373092196931054     247.38270632974414     6:52
1044000     2087.999999964449     51.09058678365005     226.75111600242445     6:52
1044500     2088.9999999644256     54.33763471819259     298.03644150811516     6:52
1045000     2089.999999964402     60.38585019012646     271.6115137328266     6:52
1045500     2090.9999999643783     49.263174233780376     421.0399752361935     6:52
1046000     2091.9999999643546     54.83325268077925     302.49329410563894     6:52
1046500     2092.999999964331     65.5587055362954     175.64687811010924     6:52
1047000     2093.9999999643073     48.51989440200458     318.3010067379651     6:52
1047500     2094.9999999642837     63.23488317678863     235.46671800357387     6:52
1048000     2095.99999996426     57.30645024517355     455.84874314964617     6:52
1048500     2096.9999999642364     50.670281447088485     297.78429962860497     6:52
1049000     2097.9999999642127     44.87717863831108     275.7469602461215     6:52
1049500     2098.999999964189     57.08342002575495     280.5597743895608     6:51
1050000     2099.9999999641655     54.17632151740895     292.1557581543613     6:51
1050500     2100.999999964142     54.92898947810471     284.86805716006364     6:51
1051000     2101.999999964118     59.50694806518851     251.9041276223203     6:51
1051500     2102.9999999640945     57.31309467845881     173.69568844335984     6:51
1052000     2103.999999964071     53.48540257144907     283.50062093338755     6:51
1052500     2104.999999964047     71.66600473941543     237.9901606258748     6:51
1053000     2105.9999999640236     48.299144209657584     188.93774212425217     6:51
1053500     2106.999999964     55.347478558337514     253.07593233798386     6:51
1054000     2107.9999999639763     43.72316905351852     336.00720764579546     6:51
1054500     2108.9999999639526     56.83769517323725     285.69986777034893     6:51
1055000     2109.999999963929     67.68242983522128     195.95295969770555     6:51
1055500     2110.9999999639053     85.71040789173492     312.8302659021275     6:51
1056000     2111.9999999638817     68.06378023131998     386.33162561578735     6:51
1056500     2112.999999963858     91.15575163483328     286.68578210258505     6:51
1057000     2113.9999999638344     46.17479130589237     494.80660259505527     6:51
1057500     2114.9999999638108     54.6815968357314     412.98082373775     6:51
1058000     2115.999999963787     80.48258584132776     295.35346238279317     6:51
1058500     2116.9999999637635     51.378953469967826     219.5539485071417     6:51
1059000     2117.99999996374     59.56280275963758     236.3827330876157     6:50
1059500     2118.999999963716     63.539701231507024     449.06950677265434     6:50
1060000     2119.9999999636925     66.11661285939243     281.52715449079886     6:50
1060500     2120.999999963669     51.51024237395848     266.15855890964554     6:50
1061000     2121.999999963645     36.34775356110828     258.8102980033781     6:50
1061500     2122.9999999636216     40.559585058964956     289.05146850392146     6:50
1062000     2123.999999963598     41.793768982548386     463.4098476403626     6:50
1062500     2124.9999999635743     50.3071673207084     244.21393107925837     6:50
1063000     2125.9999999635506     52.319019959163654     313.5850189842176     6:50
1063500     2126.999999963527     54.789889106000544     355.92480557101214     6:50
1064000     2127.9999999635033     47.90123861156269     299.0113819713412     6:50
1064500     2128.9999999634797     46.52672129840266     260.95443621267094     6:50
1065000     2129.999999963456     52.62213120275135     270.62350243234783     6:50
1065500     2130.9999999634324     37.64120933482701     324.65525834226344     6:50
1066000     2131.9999999634088     47.48344004418931     308.65911440182174     6:50
1066500     2132.999999963385     54.7321851475773     368.5964332937163     6:50
1067000     2133.9999999633615     49.602263725545754     356.6081251383209     6:50
1067500     2134.999999963338     46.78260041338302     323.86433154079435     6:50
1068000     2135.999999963314     80.77257198057026     359.84442371560044     6:50
1068500     2136.9999999632905     57.31367661164069     346.99148467471906     6:50
1069000     2137.999999963267     93.1003827715333     324.9577667910721     6:49
1069500     2138.999999963243     68.55750946946972     297.22575674364936     6:49
1070000     2139.9999999632196     49.06585830674794     335.35844988552213     6:49
1070500     2140.999999963196     48.0201808256287     284.8651578684824     6:49
1071000     2141.9999999631723     50.73586645044065     290.10301302087436     6:49
1071500     2142.9999999631486     59.93602539172866     243.26718401789657     6:49
1072000     2143.999999963125     55.587939376636825     350.9229144681087     6:49
1072500     2144.9999999631013     49.35665762119237     229.01204117962692     6:49
1073000     2145.9999999630777     60.11771245251998     393.85466198566553     6:49
1073500     2146.999999963054     58.55645193840962     319.16202227621216     6:49
1074000     2147.9999999630304     90.33285331051906     341.32464965022297     6:49
1074500     2148.9999999630068     59.95328719047416     397.49284981605433     6:49
1075000     2149.999999962983     43.18726436485787     379.2040836468209     6:49
1075500     2150.9999999629595     54.2383638140347     265.2879927495905     6:49
1076000     2151.999999962936     63.94779787405338     315.15194149707673     6:49
1076500     2152.999999962912     32.51769358485598     338.51733830758974     6:49
1077000     2153.9999999628885     45.07801158111164     403.30045809876367     6:49
1077500     2154.999999962865     46.298423935511266     407.0642847554988     6:49
1078000     2155.9999999628412     71.43615316546425     266.20350078698254     6:49
1078500     2156.9999999628176     65.45524895875502     191.3240142901944     6:48
1079000     2157.999999962794     58.207132228900434     258.17854994350904     6:48
1079500     2158.9999999627703     46.7100556903261     235.5538521636166     6:48
1080000     2159.9999999627466     36.80380400230672     173.70838887693165     6:48
1080500     2160.999999962723     42.42078357846566     260.6699647326414     6:48
1081000     2161.9999999626993     41.87762905369533     317.49790137153377     6:48
1081500     2162.9999999626757     39.4393457236269     393.8257186216997     6:48
1082000     2163.999999962652     54.90704925334995     291.33214854410284     6:48
1082500     2164.9999999626284     46.02485324789899     395.27819414721915     6:48
1083000     2165.9999999626048     58.868785297300064     340.8756907451079     6:48
1083500     2166.999999962581     56.35072364555009     302.6040717618373     6:48
1084000     2167.9999999625575     87.09053183159614     258.77609705778144     6:48
1084500     2168.999999962534     55.10952900584044     377.54126281207766     6:48
1085000     2169.99999996251     51.24698246647142     388.57761674820637     6:48
1085500     2170.9999999624865     58.12350690515791     265.0597229441057     6:48
1086000     2171.999999962463     52.078282042821854     240.38814785569102     6:48
1086500     2172.9999999624392     47.92846969027465     438.8087579941196     6:48
1087000     2173.9999999624156     62.33444136904831     325.29823059757416     6:48
1087500     2174.999999962392     59.78271815329407     361.0296562064956     6:48
1088000     2175.9999999623683     45.283287770546224     372.9067568446405     6:47
1088500     2176.9999999623446     62.98646801601018     278.07299693632456     6:47
1089000     2177.999999962321     69.9940502300426     304.101110042213     6:47
1089500     2178.9999999622974     72.66893147434865     216.7395007299449     6:47
1090000     2179.9999999622737     66.95695499210211     307.95487712582127     6:47
1090500     2180.99999996225     62.39654212845147     252.52390147620835     6:47
1091000     2181.9999999622264     33.38798057817036     333.28323039850346     6:47
1091500     2182.9999999622028     69.8214993013766     301.956681012507     6:47
1092000     2183.999999962179     61.25190733249036     259.7065342477414     6:47
1092500     2184.9999999621555     46.2205583553349     410.53865520057155     6:47
1093000     2185.999999962132     83.50086223850792     306.4648586297326     6:47
1093500     2186.999999962108     75.65786167685206     406.77531553724657     6:47
1094000     2187.9999999620845     65.4314552648679     227.31533376045988     6:47
1094500     2188.999999962061     54.82535738943028     307.7233159249504     6:47
1095000     2189.9999999620372     63.24476926758558     292.96030633685666     6:47
1095500     2190.9999999620136     50.30393382404765     320.105333452299     6:47
1096000     2191.99999996199     69.88901400201763     260.24393220239324     6:47
1096500     2192.9999999619663     74.00114531808566     290.46081774529983     6:47
1097000     2193.9999999619426     61.11578149852227     262.23875631400233     6:47
1097500     2194.999999961919     49.32792142830186     397.0247485920885     6:46
1098000     2195.9999999618954     43.92571367277361     280.12870723676934     6:46
1098500     2196.9999999618717     64.12923288131282     294.3386985105653     6:46
1099000     2197.999999961848     71.63140922234544     270.52531000046866     6:46
1099500     2198.9999999618244     57.70574169287505     197.09913768087128     6:46
1100000     2199.9999999618008     64.55993855315154     233.45381834249616     6:46
1100500     2200.999999961777     73.47383632452721     304.9646673528091     6:46
1101000     2201.9999999617535     53.455588792026504     310.28316774688335     6:46
1101500     2202.99999996173     49.05360838736101     216.4442849759684     6:46
1102000     2203.999999961706     42.20014475182387     237.28030752244464     6:46
1102500     2204.9999999616825     46.58205035265229     229.75679350764725     6:46
1103000     2205.999999961659     44.899504516079276     159.01335216664023     6:46
1103500     2206.9999999616352     42.320990974026984     300.5766487356685     6:46
1104000     2207.9999999616116     53.64408091130633     276.0450289851644     6:46
1104500     2208.999999961588     52.72343307366452     327.74006186251125     6:46
1105000     2209.9999999615643     46.08256296938555     304.20433578881546     6:46
1105500     2210.9999999615407     46.61364955957811     284.7561502981885     6:46
1106000     2211.999999961517     63.77009124595435     184.8821786599993     6:46
1106500     2212.9999999614934     54.747646355512245     327.81043454153814     6:46
1107000     2213.9999999614697     50.51938918008892     227.51637993681405     6:45
1107500     2214.999999961446     40.2845888090705     284.0854662093926     6:45
1108000     2215.9999999614224     54.60148145698287     285.82967006581885     6:45
1108500     2216.9999999613988     42.570466785022234     193.09942534697095     6:45
1109000     2217.999999961375     51.883685350663995     255.8076383654146     6:45
1109500     2218.9999999613515     58.12055302849012     334.708112859967     6:45
1110000     2219.999999961328     63.92631804679371     247.22003270565673     6:45
1110500     2220.999999961304     48.71784282491973     205.1479233497197     6:45
1111000     2221.9999999612805     39.89636724294809     218.06307509639814     6:45
1111500     2222.999999961257     69.49980224251254     212.77898245300952     6:45
1112000     2223.9999999612332     56.012192585086325     364.8821917111853     6:45
1112500     2224.9999999612096     49.63970347786267     410.5819698107896     6:45
1113000     2225.999999961186     42.51571263647503     329.91112915081266     6:45
1113500     2226.9999999611623     58.841970456265074     257.98968940403256     6:45
1114000     2227.9999999611387     66.1091925316473     295.1877658539176     6:45
1114500     2228.999999961115     56.92208574483658     229.3262090857416     6:45
1115000     2229.9999999610914     31.260016630630673     398.1475933230604     6:45
1115500     2230.9999999610677     66.88990013199003     314.0850734471754     6:45
1116000     2231.999999961044     52.90300726971947     217.35380169628328     6:45
1116500     2232.9999999610204     43.221481601230096     301.32797562003907     6:44
1117000     2233.999999960997     59.02969324395252     282.80295012462847     6:44
1117500     2234.999999960973     62.15662015468797     266.385205855849     6:44
1118000     2235.9999999609495     80.14173676366767     241.40101635770418     6:44
1118500     2236.999999960926     60.80988068935426     361.94358463954126     6:44
1119000     2237.999999960902     58.10725629244638     150.91539333844344     6:44
1119500     2238.9999999608785     56.137425034475996     153.99225209450483     6:44
1120000     2239.999999960855     47.043386581522896     291.5419380782731     6:44
1120500     2240.9999999608312     38.021631405001074     203.5142201096262     6:44
1121000     2241.9999999608076     48.671994816913354     311.30504923559835     6:44
1121500     2242.999999960784     58.66916145644319     245.7674657296143     6:44
1122000     2243.9999999607603     45.100366579594834     277.62850263799265     6:44
1122500     2244.9999999607367     61.79777847431046     185.24842759053007     6:44
1123000     2245.999999960713     42.09018673063173     331.972473345978     6:44
1123500     2246.9999999606894     51.14622956763577     444.38852911756857     6:44
1124000     2247.9999999606657     49.10236497682547     304.30019981675343     6:44
1124500     2248.999999960642     33.283328180166734     373.1345856726033     6:44
1125000     2249.9999999606184     53.38332246826445     175.73335029527234     6:44
1125500     2250.999999960595     48.243115891294735     302.1017380108441     6:44
1126000     2251.999999960571     59.98703939926378     194.76093148357037     6:43
1126500     2252.9999999605475     62.173656215141875     139.93795824239913     6:43
1127000     2253.999999960524     45.43431592797458     465.18706721841966     6:43
1127500     2254.9999999605     55.5947955019804     372.5475709654411     6:43
1128000     2255.9999999604765     47.79488139458425     247.95064798407665     6:43
1128500     2256.999999960453     42.1112630592026     324.4205767313593     6:43
1129000     2257.9999999604292     53.116931722841     180.93108685884934     6:43
1129500     2258.9999999604056     56.37968107287702     264.9841358899452     6:43
1130000     2259.999999960382     58.940214776715095     293.8097587605363     6:43
1130500     2260.9999999603583     58.29392454091209     266.69306590401374     6:43
1131000     2261.9999999603347     55.66740809453495     329.3959364294035     6:43
1131500     2262.999999960311     48.95777021200479     276.091167420907     6:43
1132000     2263.9999999602874     51.91416256890801     211.69935235668396     6:43
1132500     2264.9999999602637     48.23803297513098     294.3600555498946     6:43
1133000     2265.99999996024     69.71744914957145     247.23921135284024     6:43
1133500     2266.9999999602164     55.08428527463377     269.4361377468367     6:43
1134000     2267.999999960193     59.513864797274266     239.21016456250436     6:43
1134500     2268.999999960169     64.88531561303222     293.30763989768616     6:43
1135000     2269.9999999601455     62.13990633122296     302.7739409387951     6:43
1135500     2270.999999960122     41.251749011074196     286.63399853455763     6:43
1136000     2271.999999960098     62.85142744630474     314.628884854131     6:43
1136500     2272.9999999600745     42.407059517431776     266.7220934528361     6:42
1137000     2273.999999960051     29.490193002785247     316.0101743819097     6:42
1137500     2274.9999999600273     51.25625612344635     276.98604004497173     6:42
1138000     2275.9999999600036     35.473457322500394     293.7170497029855     6:42
1138500     2276.99999995998     56.6203891133008     361.6677626933538     6:42
1139000     2277.9999999599563     49.63115271542932     260.07246479676377     6:42
1139500     2278.9999999599327     56.37302452590052     351.9892004412436     6:42
1140000     2279.999999959909     63.326971725611884     303.59142963670405     6:42
1140500     2280.9999999598854     54.09099201675809     142.92543951543192     6:42
1141000     2281.9999999598617     57.45075161650391     333.882322193485     6:42
1141500     2282.999999959838     54.24815865861524     243.2029878820061     6:42
1142000     2283.9999999598144     56.14861638968085     356.26597676280977     6:42
1142500     2284.999999959791     75.1882457940066     152.18560995755396     6:42
1143000     2285.999999959767     70.3207887258423     330.6818445148167     6:42
1143500     2286.9999999597435     65.55280052250907     176.1951415300261     6:42
1144000     2287.99999995972     45.60053442288017     264.21562163540443     6:42
1144500     2288.999999959696     59.53653469807358     196.35258211128817     6:42
1145000     2289.9999999596726     65.09890293780416     306.0130964488198     6:42
1145500     2290.999999959649     57.38008911387345     303.8349618951004     6:42
1146000     2291.9999999596253     54.15433941846595     278.5576856770301     6:41
1146500     2292.9999999596016     45.96587551708859     280.8298549091628     6:41
1147000     2293.999999959578     53.749155144575695     361.092188601621     6:41
1147500     2294.9999999595543     61.9049792654958     160.3096067307566     6:41
1148000     2295.9999999595307     58.99315529602342     203.78110267031394     6:41
1148500     2296.999999959507     60.25434103371509     257.3045401481348     6:41
1149000     2297.9999999594834     45.635920023637595     223.73284884082588     6:41
1149500     2298.9999999594597     51.12028897077579     314.7219901084789     6:41
1150000     2299.999999959436     50.392438024277396     304.863591856004     6:41
1150500     2300.9999999594124     56.30360803673375     267.18147989727424     6:41
1151000     2301.999999959389     55.93820376099882     305.38768211267353     6:41
1151500     2302.999999959365     44.480211354060714     286.8453245150149     6:41
1152000     2303.9999999593415     44.442100650010104     300.02242795355625     6:41
1152500     2304.999999959318     65.37503086315525     255.26700003624953     6:41
1153000     2305.999999959294     62.23599948001055     325.251684315749     6:41
1153500     2306.9999999592706     51.13544562253031     336.5203704368453     6:41
1154000     2307.999999959247     36.67629283371451     275.2466092470928     6:41
1154500     2308.9999999592233     53.020755372891244     189.8014680951878     6:41
1155000     2309.9999999591996     44.78463926496454     256.8493499167574     6:41
1155500     2310.999999959176     38.996958943340246     274.8835660255207     6:40
1156000     2311.9999999591523     42.12366471691354     233.31143474616704     6:40
1156500     2312.9999999591287     49.9103730898529     302.4602541893384     6:40
1157000     2313.999999959105     53.447979010659594     258.9001723126856     6:40
1157500     2314.9999999590814     57.40871016251555     204.63430049666368     6:40
1158000     2315.9999999590577     52.68630615445119     431.1572654630326     6:40
1158500     2316.999999959034     42.79231238022152     342.31222016693084     6:40
1159000     2317.9999999590104     45.86368568812469     242.8160166407761     6:40
1159500     2318.999999958987     51.77906448898665     341.4063442236877     6:40
1160000     2319.999999958963     64.61210357920532     398.58804858891784     6:40
1160500     2320.9999999589395     60.07388748666898     339.4202934528787     6:40
1161000     2321.999999958916     40.22536930325538     309.36514237400087     6:40
1161500     2322.999999958892     44.55100392381274     296.6135120578209     6:40
1162000     2323.9999999588686     61.92109813322264     277.9243156297598     6:40
1162500     2324.999999958845     44.32028095156585     347.79021993647007     6:40
1163000     2325.9999999588213     48.60921384650402     243.48686561176496     6:40
1163500     2326.9999999587976     65.76554719768382     277.2594495961126     6:40
1164000     2327.999999958774     53.34288213329256     373.499143495025     6:40
1164500     2328.9999999587503     50.81817935460907     324.63903711199356     6:40
1165000     2329.9999999587267     41.27260856406821     218.20990322205193     6:39
1165500     2330.999999958703     57.96756335230492     299.3090447049371     6:39
1166000     2331.9999999586794     52.703474497762045     359.06172620181997     6:39
1166500     2332.9999999586557     59.96538734662073     309.1458981974778     6:39
1167000     2333.999999958632     87.73492126098165     298.6481253329235     6:39
1167500     2334.9999999586084     77.96172994282625     347.9074038519624     6:39
1168000     2335.999999958585     35.57384291758575     417.52033978537327     6:39
1168500     2336.999999958561     47.821785115244325     270.962229260166     6:39
1169000     2337.9999999585375     63.543586014206994     319.6771728567553     6:39
1169500     2338.999999958514     63.93172806087051     277.3810865417595     6:39
1170000     2339.99999995849     44.83490965646263     240.56442300131607     6:39
1170500     2340.9999999584666     57.55859774055904     293.096293845825     6:39
1171000     2341.999999958443     38.09445819150642     438.6751225267277     6:39
1171500     2342.9999999584193     39.02197018301018     262.3758774122663     6:39
1172000     2343.9999999583956     51.538441012106944     258.31779373047516     6:39
1172500     2344.999999958372     44.740530300418584     249.12816288395956     6:39
1173000     2345.9999999583483     47.41727308843622     256.37811670612956     6:39
1173500     2346.9999999583247     46.250565561994165     305.61285403169137     6:39
1174000     2347.999999958301     46.460629363301564     239.2718384706888     6:39
1174500     2348.9999999582774     58.651110092391775     367.6533805816076     6:38
1175000     2349.9999999582537     61.753172890744395     279.1619118763755     6:38
1175500     2350.99999995823     84.10247397091462     158.79747642578766     6:38
1176000     2351.9999999582064     60.93665585840313     380.38062988803904     6:38
1176500     2352.999999958183     79.86406170743498     314.63816524158096     6:38
1177000     2353.999999958159     69.88911103910385     363.76245494173804     6:38
1177500     2354.9999999581355     65.09534427423029     329.84544195483227     6:38
1178000     2355.999999958112     70.64294093536853     226.26988906120457     6:38
1178500     2356.999999958088     80.496013691685     182.40581528038408     6:38
1179000     2357.9999999580646     70.71277161336144     301.19800602048736     6:38
1179500     2358.999999958041     56.39459831540995     278.06508297856425     6:38
1180000     2359.9999999580173     57.366738723319145     322.20362457907794     6:38
1180500     2360.9999999579936     60.95401838877882     293.98167779999864     6:38
1181000     2361.99999995797     66.33521825813085     372.0557182775146     6:38
1181500     2362.9999999579463     61.06280610531684     325.9130308605181     6:38
1182000     2363.9999999579227     52.49081694071066     380.35382984726846     6:38
1182500     2364.999999957899     53.349472203935136     395.64413874319695     6:38
1183000     2365.9999999578754     62.66156519164866     304.39102819890013     6:38
1183500     2366.9999999578517     53.733601407658455     420.1819752886302     6:38
1184000     2367.999999957828     57.73687500498579     266.6320499988112     6:37
1184500     2368.9999999578044     32.757625538270815     272.94132833809306     6:37
1185000     2369.999999957781     57.286378037384395     315.9746103972678     6:37
1185500     2370.999999957757     79.53709099903159     307.1211954610853     6:37
1186000     2371.9999999577335     55.895717116444644     303.906141208428     6:37
1186500     2372.99999995771     49.53092041770839     234.40781520703862     6:37
1187000     2373.999999957686     58.41309889460439     216.07765522763475     6:37
1187500     2374.9999999576626     61.57008486951594     292.8653195654983     6:37
1188000     2375.999999957639     61.34001428170944     293.1428257900682     6:37
1188500     2376.9999999576153     68.06072506322067     390.46115206397513     6:37
1189000     2377.9999999575916     58.72869859891483     370.15673072962386     6:37
1189500     2378.999999957568     52.54818602031452     227.56854253044662     6:37
1190000     2379.9999999575443     48.591122734875114     401.26542995410097     6:37
1190500     2380.9999999575207     84.90146515522986     318.8874072056769     6:37
1191000     2381.999999957497     64.37672928434148     338.66255335839327     6:37
1191500     2382.9999999574734     61.943227586060345     273.6320113193885     6:37
1192000     2383.9999999574497     61.597950559626724     240.55598058740856     6:37
1192500     2384.999999957426     72.24105447012943     168.66133376104577     6:37
1193000     2385.9999999574025     49.145354802295856     149.58292255382608     6:37
1193500     2386.999999957379     54.14142876284302     160.3703184225006     6:36
1194000     2387.999999957355     64.8745967552897     243.49745246293662     6:36
1194500     2388.9999999573315     52.749828999799604     323.91757657343     6:36
1195000     2389.999999957308     54.15570016469286     276.2612062996167     6:36
1195500     2390.999999957284     50.32717570628364     329.255143892955     6:36
1196000     2391.9999999572606     48.319516072825024     377.72727845559655     6:36
1196500     2392.999999957237     62.80711053320334     247.4099647856364     6:36
1197000     2393.9999999572133     46.46342502703112     225.18544129513907     6:36
1197500     2394.9999999571896     60.84146062873549     367.2996735962423     6:36
1198000     2395.999999957166     62.187136871034625     285.3228879831355     6:36
1198500     2396.9999999571423     52.495264834235456     359.9278619037244     6:36
1199000     2397.9999999571187     52.13404822670259     256.6918726247318     6:36
1199500     2398.999999957095     66.3838648544791     260.67018580265574     6:36
1200000     2399.9999999570714     44.62166578052177     346.52121188833394     6:36
1200500     2400.9999999570477     51.66084025664378     385.6885557099181     6:36
1201000     2401.999999957024     75.83561646493115     393.53557730611914     6:36
1201500     2402.9999999570005     65.77450692210795     386.9686757716043     6:36
1202000     2403.999999956977     50.77754287192698     433.35135667988385     6:36
1202500     2404.999999956953     65.8903855048465     246.30983843771693     6:36
1203000     2405.9999999569295     54.45447047596366     237.61101334501535     6:35
1203500     2406.999999956906     63.40527052007661     294.1638092666162     6:35
1204000     2407.999999956882     37.39766356038575     374.18243874656963     6:35
1204500     2408.9999999568586     56.01868917255871     327.2444166903954     6:35
1205000     2409.999999956835     37.50180572999619     285.33753430752347     6:35
1205500     2410.9999999568113     45.77813108177594     427.90839011382604     6:35
1206000     2411.9999999567876     48.835499107924136     231.0749272461103     6:35
1206500     2412.999999956764     49.407297693954945     327.0967218675974     6:35
1207000     2413.9999999567403     51.674016229801566     318.01516393603043     6:35
1207500     2414.9999999567167     51.52709352325621     166.18128542910614     6:35
1208000     2415.999999956693     54.445209934261754     200.40771336525668     6:35
1208500     2416.9999999566694     41.85882354075056     287.0276651359537     6:35
1209000     2417.9999999566458     43.01783221827435     369.2472843167423     6:35
1209500     2418.999999956622     39.007092366232996     299.55864166364273     6:35
1210000     2419.9999999565985     64.19974243928874     321.07942199190285     6:35
1210500     2420.999999956575     52.09452552016751     263.9136558834494     6:35
1211000     2421.999999956551     59.3410809625081     219.75873839084377     6:35
1211500     2422.9999999565275     50.94221749593697     208.99154872532705     6:35
1212000     2423.999999956504     52.63949176474847     233.18808559775925     6:35
1212500     2424.99999995648     56.191179827431654     378.34884378066766     6:34
1213000     2425.9999999564566     29.597920065428582     492.9159265821985     6:34
1213500     2426.999999956433     41.825377849580775     249.8792141906798     6:34
1214000     2427.9999999564093     59.73813297028437     208.76845236505446     6:34
1214500     2428.9999999563856     40.380432276014744     354.2964598396835     6:34
1215000     2429.999999956362     73.60820801066978     228.14488058279852     6:34
1215500     2430.9999999563383     54.68283388993558     346.4398003852381     6:34
1216000     2431.9999999563147     57.15408723126535     219.38944626009635     6:34
1216500     2432.999999956291     39.598505724077086     188.23449651486055     6:34
1217000     2433.9999999562674     50.779616319576974     224.2917147088786     6:34
1217500     2434.9999999562438     57.358606242913936     285.5364316145569     6:34
1218000     2435.99999995622     52.96967162221091     258.6684160044489     6:34
1218500     2436.9999999561965     53.355866655493344     228.35101524450394     6:34
1219000     2437.999999956173     51.8920428609905     211.28647605948933     6:34
1219500     2438.999999956149     39.998599161034804     346.0208951832514     6:34
1220000     2439.9999999561255     47.79229412258417     342.81708382301764     6:34
1220500     2440.999999956102     60.60368986611729     261.4225008661151     6:34
1221000     2441.999999956078     45.4846748923282     315.87355911935117     6:34
1221500     2442.9999999560546     42.019245787269995     278.11237064900445     6:34
1222000     2443.999999956031     58.93367379769393     407.97913873758773     6:33
1222500     2444.9999999560073     64.38406567520735     288.82818207381183     6:33
1223000     2445.9999999559836     55.31420188878286     236.59306606942525     6:33
1223500     2446.99999995596     42.05509296545188     226.993603361095     6:33
1224000     2447.9999999559363     46.40480398930282     227.06343339170593     6:33
1224500     2448.9999999559127     47.67858097731926     223.30010801752516     6:33
1225000     2449.999999955889     36.84019582863931     315.90579659121863     6:33
1225500     2450.9999999558654     49.13873147049219     286.124570683618     6:33
1226000     2451.9999999558418     47.861842995573     302.4481724514925     6:33
1226500     2452.999999955818     50.310095851941185     270.4724083916721     6:33
1227000     2453.9999999557945     48.977634436371375     314.86608900758665     6:33
1227500     2454.999999955771     78.86035646948989     208.72010477917757     6:33
1228000     2455.999999955747     61.81500102842108     361.44806385563675     6:33
1228500     2456.9999999557235     56.94480451965023     223.41464994290783     6:33
1229000     2457.9999999557     39.03511542272395     272.6861262567065     6:33
1229500     2458.9999999556762     42.84059373089019     249.42716948735048     6:33
1230000     2459.9999999556526     42.93321972649943     318.5792047024286     6:33
1230500     2460.999999955629     35.03094143107302     243.17574967310466     6:33
1231000     2461.9999999556053     42.99652086649627     227.02527459534912     6:33
1231500     2462.9999999555816     42.37204998986812     256.0540547059302     6:32
1232000     2463.999999955558     69.10295434521714     431.73771452639556     6:32
1232500     2464.9999999555343     75.44044044563697     366.10382073523385     6:32
1233000     2465.9999999555107     70.50357293124858     218.09135665501657     6:32
1233500     2466.999999955487     57.01507567701867     255.84442799534736     6:32
1234000     2467.9999999554634     56.365882629230555     270.2952225674013     6:32
1234500     2468.9999999554398     50.79221847841717     237.13791653935453     6:32
1235000     2469.999999955416     43.22984925647637     310.9563024723508     6:32
1235500     2470.9999999553925     49.721053300652784     361.70647765226624     6:32
1236000     2471.999999955369     58.88462498082748     375.1105635170548     6:32
1236500     2472.999999955345     42.24615873366321     262.3144971096672     6:32
1237000     2473.9999999553215     64.8122826845588     326.02562718571124     6:32
1237500     2474.999999955298     61.26224924894899     424.0199447606022     6:32
1238000     2475.9999999552742     68.68853343492691     331.0296556539634     6:32
1238500     2476.9999999552506     57.513288141721375     314.6309985818445     6:32
1239000     2477.999999955227     60.83338695046314     271.7903016365722     6:32
1239500     2478.9999999552033     47.94777348785141     404.62660577055874     6:32
1240000     2479.9999999551796     46.77878599351652     408.09004807188296     6:32
1240500     2480.999999955156     53.22571474756165     336.2332478119663     6:32
1241000     2481.9999999551324     65.08944515419518     329.8245251180205     6:31
1241500     2482.9999999551087     72.9780670429596     315.2340064742223     6:31
1242000     2483.999999955085     56.07888472110608     393.809012723033     6:31
1242500     2484.9999999550614     67.35049741360484     397.02793880095845     6:31
1243000     2485.9999999550378     53.384118200484124     463.783612273251     6:31
1243500     2486.999999955014     52.03693594482769     364.90813585643605     6:31
1244000     2487.9999999549905     55.11977678580155     333.8348136710004     6:31
1244500     2488.999999954967     36.47502881062468     249.77975396356172     6:31
1245000     2489.999999954943     38.403588971123554     306.9461378474233     6:31
1245500     2490.9999999549195     52.63525614144356     327.3510660190775     6:31
1246000     2491.999999954896     60.76932938127294     316.6024535004292     6:31
1246500     2492.9999999548722     36.74712432770508     265.9043462182923     6:31
1247000     2493.9999999548486     57.14430194564824     350.62244059968583     6:31
1247500     2494.999999954825     64.77483935502687     253.20848459136835     6:31
1248000     2495.9999999548013     45.48441229773931     262.5467786287201     6:31
1248500     2496.9999999547776     48.005963893672174     326.0195788573706     6:31
1249000     2497.999999954754     42.16943424095905     399.94753065447867     6:31
1249500     2498.9999999547304     44.84490111728002     268.52582544814373     6:31
1250000     2499.9999999547067     38.62983921838867     286.96715104612105     6:31
1250500     2500.999999954683     37.53704574053489     333.3381817002723     6:30
1251000     2501.9999999546594     71.22102410916091     275.4202171180886     6:30
1251500     2502.9999999546358     39.205968190488306     369.04596143958696     6:30
1252000     2503.999999954612     47.840513320464595     366.1545466159623     6:30
1252500     2504.9999999545885     45.405097298449334     370.55444285415643     6:30
1253000     2505.999999954565     59.931587551367386     302.4196286507493     6:30
1253500     2506.999999954541     55.215874156084794     305.0379139299125     6:30
1254000     2507.9999999545175     66.28785959743817     262.5930812685269     6:30
1254500     2508.999999954494     59.18399049083422     357.3517134096839     6:30
1255000     2509.9999999544702     65.91091993552283     188.9599048291266     6:30
1255500     2510.9999999544466     49.20880532060511     207.39547652779086     6:30
1256000     2511.999999954423     43.7434732816634     329.2819365954023     6:30
1256500     2512.9999999543993     51.97444037784294     249.37861399442517     6:30
1257000     2513.9999999543757     59.098914915453804     289.6155889989006     6:30
1257500     2514.999999954352     74.90533120893963     354.68318734201955     6:30
1258000     2515.9999999543284     57.98885747763211     281.5643494722685     6:30
1258500     2516.9999999543047     64.20035062283358     320.89264030494047     6:30
1259000     2517.999999954281     44.792888177956286     315.9052139331989     6:30
1259500     2518.9999999542574     69.33931512160109     282.7233145441892     6:30
1260000     2519.9999999542338     61.27094732683736     363.3821366291814     6:29
1260500     2520.99999995421     69.98440950499247     199.39486404460325     6:29
1261000     2521.9999999541865     64.0285333183096     283.7951421865171     6:29
1261500     2522.999999954163     52.023024482786525     333.0947654019141     6:29
1262000     2523.999999954139     65.85524815589446     297.6037852087353     6:29
1262500     2524.9999999541155     61.54916812201009     212.8939430745367     6:29
1263000     2525.999999954092     56.26898773522197     321.4491628986544     6:29
1263500     2526.9999999540682     41.4054304678246     277.732649671114     6:29
1264000     2527.9999999540446     36.33413248292419     328.2623782551297     6:29
1264500     2528.999999954021     63.78332826623847     258.1266138933595     6:29
1265000     2529.9999999539973     54.27758361195305     218.97317491067275     6:29
1265500     2530.9999999539737     57.240599921716466     291.71585447368966     6:29
1266000     2531.99999995395     37.57362161093664     416.4100577551543     6:29
1266500     2532.9999999539264     62.61653454530648     334.220517271387     6:29
1267000     2533.9999999539027     44.08135009841641     347.1770210264344     6:29
1267500     2534.999999953879     45.921284464644486     199.09789203370764     6:29
1268000     2535.9999999538554     48.719017274572195     191.19434374547802     6:29
1268500     2536.999999953832     42.552575153548105     215.41190215297704     6:29
1269000     2537.999999953808     59.08762143745042     180.20159032354633     6:29
1269500     2538.9999999537845     55.388855676094806     219.28188862621965     6:28
1270000     2539.999999953761     49.53236822851426     350.5961123428634     6:28
1270500     2540.999999953737     41.981202143718974     255.18047155049584     6:28
1271000     2541.9999999537135     88.39578570234033     342.1565701173866     6:28
1271500     2542.99999995369     71.02817588823382     330.8799699416544     6:28
1272000     2543.9999999536662     49.45948641419676     287.70391559720895     6:28
1272500     2544.9999999536426     40.466777781026565     355.72199223923906     6:28
1273000     2545.999999953619     51.238468119354934     233.75860542543023     6:28
1273500     2546.9999999535953     59.40260809590785     203.1918709660977     6:28
1274000     2547.9999999535717     64.40043182964206     310.3183083611353     6:28
1274500     2548.999999953548     51.14849512843324     320.1750351228008     6:28
1275000     2549.9999999535244     43.08391712770651     304.1636588093071     6:28
1275500     2550.9999999535007     53.43204226711896     320.7594376290862     6:28
1276000     2551.999999953477     47.17546266098333     410.4978035544392     6:28
1276500     2552.9999999534534     43.22231506271794     291.7594610910465     6:28
1277000     2553.99999995343     54.36788386020868     405.0496018334413     6:28
1277500     2554.999999953406     62.52316294916301     442.09499311011336     6:28
1278000     2555.9999999533825     65.17114219486587     191.91727359556967     6:28
1278500     2556.999999953359     55.10865786739265     347.93174819431374     6:28
1279000     2557.999999953335     68.50867428545547     250.96295715378875     6:27
1279500     2558.9999999533115     43.67956874732624     289.8326422621125     6:27
1280000     2559.999999953288     53.549493604527186     306.8459337462268     6:27
1280500     2560.9999999532643     61.89533947281774     187.03700723199327     6:27
1281000     2561.9999999532406     67.5179355742909     250.50190057479898     6:27
1281500     2562.999999953217     58.68570566802447     304.7335074589208     6:27
1282000     2563.9999999531933     48.32079205410139     263.8682813114503     6:27
1282500     2564.9999999531697     70.29854613462834     237.40344972045014     6:27
1283000     2565.999999953146     44.3428517386389     390.3688040373953     6:27
1283500     2566.9999999531224     42.96217339379069     387.96437337229133     6:27
1284000     2567.9999999530987     61.03268309283277     307.1880670091515     6:27
1284500     2568.999999953075     72.88923879553067     269.7237552241552     6:27
1285000     2569.9999999530514     62.72130690371438     349.06115992534257     6:27
1285500     2570.999999953028     61.486343702626755     514.0983965506474     6:27
1286000     2571.999999953004     66.16371808599729     334.4655472258488     6:27
1286500     2572.9999999529805     50.01127521422319     246.19317096580318     6:27
1287000     2573.999999952957     67.11683636238575     237.33137518012776     6:27
1287500     2574.999999952933     46.19499611290195     279.77450947984727     6:27
1288000     2575.9999999529095     56.29739191346448     278.9534192152471     6:27
1288500     2576.999999952886     46.42899043584583     239.05414396396588     6:26
1289000     2577.9999999528623     47.5825424943846     271.50786730413074     6:26
1289500     2578.9999999528386     70.59063768574475     169.06725240751183     6:26
1290000     2579.999999952815     30.88910790897205     316.6179249139109     6:26
1290500     2580.9999999527913     53.706875263479276     368.5658151936101     6:26
1291000     2581.9999999527677     56.71029653793897     352.5369112830003     6:26
1291500     2582.999999952744     82.86166770252919     246.80540598829512     6:26
1292000     2583.9999999527204     42.947031853691385     236.42868731449238     6:26
1292500     2584.9999999526967     45.47764255598008     173.87013317382917     6:26
1293000     2585.999999952673     46.81242747445191     260.11518706140674     6:26
1293500     2586.9999999526494     43.90200347522176     167.8063247493378     6:26
1294000     2587.999999952626     38.37866079824954     329.60239121637727     6:26
1294500     2588.999999952602     68.62061961172577     209.44694694851893     6:26
1295000     2589.9999999525785     57.51534199624473     438.221802477921     6:26
1295500     2590.999999952555     59.24100700974344     234.84970587798023     6:26
1296000     2591.999999952531     38.354121837144646     448.0311726421897     6:26
1296500     2592.9999999525076     71.50130122587376     365.78574448176715     6:26
1297000     2593.999999952484     61.81690935748492     241.88675929818874     6:26
1297500     2594.9999999524603     48.80223352422297     331.7565359922731     6:26
1298000     2595.9999999524366     55.676864269000134     387.6313330426195     6:25
1298500     2596.999999952413     55.28741362103892     295.6252122619423     6:25
1299000     2597.9999999523893     52.970412126630436     421.0543428496125     6:25
1299500     2598.9999999523657     41.648425785912764     238.19235569786204     6:25
1300000     2599.999999952342     42.383598605612235     224.6594609964103     6:25
1300500     2600.9999999523184     50.84507710266547     225.12028285804206     6:25
1301000     2601.9999999522947     56.5510756432854     184.15699621108746     6:25
1301500     2602.999999952271     41.57088240029839     375.0875216180897     6:25
1302000     2603.9999999522474     44.40122583366076     400.9493132024658     6:25
1302500     2604.999999952224     44.49009313953479     248.70798975050275     6:25
1303000     2605.9999999522     44.95169076878187     258.6977613535262     6:25
1303500     2606.9999999521765     45.78279089537688     269.7154589228021     6:25
1304000     2607.999999952153     46.45550685620282     326.207653057975     6:25
1304500     2608.999999952129     56.78647125319776     334.09021519493393     6:25
1305000     2609.9999999521056     57.24760280928439     292.6516169370738     6:25
1305500     2610.999999952082     54.570359754736785     373.667223985972     6:25
1306000     2611.9999999520583     61.59776539289936     282.52442438172784     6:25
1306500     2612.9999999520346     76.49761836974977     226.30118776051566     6:25
1307000     2613.999999952011     55.29765951022796     486.44189993196414     6:25
1307500     2614.9999999519873     52.9348657866762     424.6977110518156     6:24
1308000     2615.9999999519637     52.378577674691144     284.9141934645441     6:24
1308500     2616.99999995194     41.336884228013275     194.41782936822975     6:24
1309000     2617.9999999519164     35.17867923917811     228.9788392147435     6:24
1309500     2618.9999999518927     33.931004818397355     201.87154280258466     6:24
1310000     2619.999999951869     52.72386152011035     212.0533872900186     6:24
1310500     2620.9999999518454     49.03307212981281     310.194550276795     6:24
1311000     2621.999999951822     47.186810158197716     321.3832371466222     6:24
1311500     2622.999999951798     61.54742498866318     278.6182983861767     6:24
1312000     2623.9999999517745     41.14031209040337     362.2062576667795     6:24
1312500     2624.999999951751     43.46949543377127     385.57395396388085     6:24
1313000     2625.999999951727     61.48383566902771     362.770093735132     6:24
1313500     2626.9999999517036     79.04442760253295     196.58768348396794     6:24
1314000     2627.99999995168     46.38276251884821     426.779489982598     6:24
1314500     2628.9999999516563     42.088573812067864     352.0208157783031     6:24
1315000     2629.9999999516326     42.4623024850286     211.01853988027588     6:24
1315500     2630.999999951609     41.14228410810955     278.83406630453766     6:24
1316000     2631.9999999515853     43.76200500284284     281.046191680777     6:24
1316500     2632.9999999515617     51.254282449379275     349.5563855778717     6:24
1317000     2633.999999951538     50.99340352889902     350.6101955296557     6:23
1317500     2634.9999999515144     54.255068606961004     376.3407003460097     6:23
1318000     2635.9999999514907     50.99945416652639     365.17290197689476     6:23
1318500     2636.999999951467     58.53346348084807     270.46473754311467     6:23
1319000     2637.9999999514434     56.64631344616345     237.92232022539267     6:23
1319500     2638.99999995142     42.56940498201203     344.9434861527532     6:23
1320000     2639.999999951396     56.91849373814483     262.27553676497627     6:23
1320500     2640.9999999513725     64.84121899358581     425.44057837530545     6:23
1321000     2641.999999951349     70.17190115476438     404.66385703672535     6:23
1321500     2642.999999951325     53.55034156601732     355.19614901941924     6:23
1322000     2643.9999999513016     49.343052538123914     423.43360074106477     6:23
1322500     2644.999999951278     53.714257741657775     292.9900764852384     6:23
1323000     2645.9999999512543     44.29747911654209     264.39216159035647     6:23
1323500     2646.9999999512306     35.260625080157695     264.16652379679925     6:23
1324000     2647.999999951207     43.46739183821171     399.3860548621247     6:23
1324500     2648.9999999511833     49.78651412579029     194.10007183533588     6:23
1325000     2649.9999999511597     36.427914083477674     390.79506601739325     6:23
1325500     2650.999999951136     39.03153755416082     251.97829661212086     6:23
1326000     2651.9999999511124     39.433036206240956     284.60312707772965     6:23
1326500     2652.9999999510887     62.465461314308186     291.5080792971333     6:22
1327000     2653.999999951065     42.994760773741746     392.8116848036471     6:22
1327500     2654.9999999510414     56.910060818851946     252.55146567134918     6:22
1328000     2655.999999951018     44.54370553419051     192.55688959731086     6:22
1328500     2656.999999950994     42.01246716537179     315.3806973756539     6:22
1329000     2657.9999999509705     45.3827632325461     375.77692220923853     6:22
1329500     2658.999999950947     54.169383227354956     337.6404661302204     6:22
1330000     2659.999999950923     66.84276264476512     464.78885269726385     6:22
1330500     2660.9999999508996     69.41835758045198     249.30754405359812     6:22
1331000     2661.999999950876     60.64288842020011     260.0516650824968     6:22
1331500     2662.9999999508523     54.58849726187964     226.69219793734453     6:22
1332000     2663.9999999508286     47.999681517522276     233.5521674948029     6:22
1332500     2664.999999950805     45.817482365138574     243.87794641087274     6:22
1333000     2665.9999999507813     73.20304580247853     258.8209055859183     6:22
1333500     2666.9999999507577     37.80082483649147     225.6157730655998     6:22
1334000     2667.999999950734     58.04408418002464     349.02425261583056     6:22
1334500     2668.9999999507104     55.47983173108827     371.6380118136335     6:22
1335000     2669.9999999506867     51.47086992431315     365.1331540339496     6:22
1335500     2670.999999950663     79.62724491309177     401.5157776983504     6:22
1336000     2671.9999999506394     69.03317459577119     261.42165514252844     6:21
1336500     2672.999999950616     39.31220691175025     360.41932006595715     6:21
1337000     2673.999999950592     46.132141614381396     411.36101017552966     6:21
1337500     2674.9999999505685     48.19711652861588     414.07591803032847     6:21
1338000     2675.999999950545     58.19421178137276     370.5915705071161     6:21
1338500     2676.999999950521     78.0287092464473     337.3605949796253     6:21
1339000     2677.9999999504976     81.58021390115948     495.81535078600416     6:21
1339500     2678.999999950474     45.181461749098446     274.2959088154653     6:21
1340000     2679.9999999504503     43.6150332304947     277.939753911802     6:21
1340500     2680.9999999504266     38.17710435569245     263.8647094613352     6:21
1341000     2681.999999950403     51.013087099626716     252.91544971197376     6:21
1341500     2682.9999999503793     51.396823008864146     240.10277543300896     6:21
1342000     2683.9999999503557     56.87026308567323     413.1829699602391     6:21
1342500     2684.999999950332     50.93919525853636     387.1433113953529     6:21
1343000     2685.9999999503084     77.17519415832282     197.07893544658387     6:21
1343500     2686.9999999502847     74.97093458163408     386.1763868029699     6:21
1344000     2687.999999950261     52.2361984931411     323.8016884653484     6:21
1344500     2688.9999999502375     67.0896027951348     222.1058657239551     6:21
1345000     2689.999999950214     43.490682986890874     263.9730640419572     6:21
1345500     2690.99999995019     30.31241024419643     417.09408056632867     6:20
1346000     2691.9999999501665     59.78737257351429     341.61648183172366     6:20
1346500     2692.999999950143     46.503117723987884     276.2507206107423     6:20
1347000     2693.999999950119     52.58615681515562     343.04302590269003     6:20
1347500     2694.9999999500956     42.31295611052775     307.8278653791232     6:20
1348000     2695.999999950072     39.756517854705805     173.59201430825556     6:20
1348500     2696.9999999500483     46.73430599188504     350.2601950998633     6:20
1349000     2697.9999999500246     66.00513243713084     293.4910633754038     6:20
1349500     2698.999999950001     52.08492133976711     281.8903154646069     6:20
1350000     2699.9999999499773     61.34481262785533     329.94470360220134     6:20
1350500     2700.9999999499537     59.66848353337821     324.7960382848899     6:20
1351000     2701.99999994993     62.84554120151046     289.73561180406614     6:20
1351500     2702.9999999499064     58.498448279112324     412.60594503599026     6:20
1352000     2703.9999999498827     43.49538451494874     288.98136334673706     6:20
1352500     2704.999999949859     42.83604494828984     368.824494138631     6:20
1353000     2705.9999999498355     45.32729455343298     386.04685004339365     6:20
1353500     2706.999999949812     45.42564035816787     213.9827173512832     6:20
1354000     2707.999999949788     58.49995332954228     204.8716525306526     6:20
1354500     2708.9999999497645     55.187823283182354     213.2774294114614     6:20
1355000     2709.999999949741     53.45961592641987     366.7813490819223     6:19
1355500     2710.999999949717     56.45186166109937     267.0333647314473     6:19
1356000     2711.9999999496936     33.7052202461266     336.6461713359936     6:19
1356500     2712.99999994967     50.07653900994745     380.78168576919467     6:19
1357000     2713.9999999496463     55.98404971011678     192.34374942835314     6:19
1357500     2714.9999999496226     39.50754201979561     382.81431527513956     6:19
1358000     2715.999999949599     41.58670481603468     249.55858397368112     6:19
1358500     2716.9999999495753     60.81229722995329     359.7814802774992     6:19
1359000     2717.9999999495517     73.73454294969423     330.52705677879777     6:19
1359500     2718.999999949528     67.1202540713964     382.2197626811179     6:19
1360000     2719.9999999495044     65.17889352528664     257.5054532659154     6:19
1360500     2720.9999999494808     47.75161613441804     268.92339148434087     6:19
1361000     2721.999999949457     66.81577813669793     168.32234580517172     6:19
1361500     2722.9999999494335     49.395607384246205     175.3135595538462     6:19
1362000     2723.99999994941     38.41037416270632     159.052674438401     6:19
1362500     2724.999999949386     49.562868588979825     232.46979257496707     6:19
1363000     2725.9999999493625     42.70706216231878     291.1464028443153     6:19
1363500     2726.999999949339     55.54711597727322     264.57106579320464     6:19
1364000     2727.999999949315     52.83834983206259     312.85529651090366     6:19
1364500     2728.9999999492916     51.33886624201051     301.49845179499954     6:19
1365000     2729.999999949268     63.087388704765715     237.58233139973208     6:18
1365500     2730.9999999492443     59.1978673881012     326.7624754372778     6:18
1366000     2731.9999999492206     83.48563121673016     417.150423969809     6:18
1366500     2732.999999949197     61.679103281188475     472.89540332147243     6:18
1367000     2733.9999999491733     54.011567055067076     416.4854380526637     6:18
1367500     2734.9999999491497     52.16033077326409     371.1044985202608     6:18
1368000     2735.999999949126     62.495841589237955     316.10205755114345     6:18
1368500     2736.9999999491024     50.8201095718083     271.10693677994203     6:18
1369000     2737.9999999490788     45.18374570147648     275.08866101878016     6:18
1369500     2738.999999949055     41.829302098143216     290.223648176417     6:18
1370000     2739.9999999490315     43.17708900328739     285.3471687751234     6:18
1370500     2740.999999949008     46.84008998355267     210.63100399987917     6:18
1371000     2741.999999948984     48.80040568902854     397.9688182068878     6:18
1371500     2742.9999999489605     57.81230992010609     290.6529669192092     6:18
1372000     2743.999999948937     71.30883822109502     179.52278886254558     6:18
1372500     2744.9999999489132     53.10221932046903     318.8986067947278     6:18
1373000     2745.9999999488896     59.496776381432085     301.96237913571974     6:18
1373500     2746.999999948866     57.25030210055206     314.1958504494638     6:18
1374000     2747.9999999488423     66.77344028837183     409.0035258398513     6:18
1374500     2748.9999999488186     54.99312791441298     227.97343526479543     6:17
1375000     2749.999999948795     52.83129049069095     366.28660872748117     6:17
1375500     2750.9999999487713     57.03690847459984     327.0787022395424     6:17
1376000     2751.9999999487477     64.35643310571112     268.9390301050288     6:17
1376500     2752.999999948724     38.675516931382276     316.6811338879057     6:17
1377000     2753.9999999487004     52.47395239284123     388.5934026197364     6:17
1377500     2754.9999999486768     84.92745115030067     392.1856624765237     6:17
1378000     2755.999999948653     80.45477517495016     394.0200582487613     6:17
1378500     2756.9999999486295     56.88666278494617     268.7259286862927     6:17
1379000     2757.999999948606     42.52470821202621     291.592121455899     6:17
1379500     2758.999999948582     46.72185939369007     343.9122117798511     6:17
1380000     2759.9999999485585     61.735736583106984     233.8892717539665     6:17
1380500     2760.999999948535     44.85029236589338     306.208830115104     6:17
1381000     2761.9999999485112     57.09152578940467     332.90046539695413     6:17
1381500     2762.9999999484876     63.09938301060123     288.2831070221294     6:17
1382000     2763.999999948464     65.06905457923068     215.26939956924866     6:17
1382500     2764.9999999484403     47.13936141170785     373.15677773077056     6:17
1383000     2765.9999999484166     56.416285591375015     379.19919947201316     6:17
1383500     2766.999999948393     80.70854277587881     286.9115334342915     6:17
1384000     2767.9999999483694     77.91874608101051     170.00416781108345     6:16
1384500     2768.9999999483457     73.75364595985019     268.7209316514644     6:16
1385000     2769.999999948322     69.02313213591373     202.98093670194314     6:16
1385500     2770.9999999482984     66.65606741354327     348.62145626847115     6:16
1386000     2771.9999999482748     51.21239436548274     379.8762000406832     6:16
1386500     2772.999999948251     52.475163551783965     319.55089867208784     6:16
1387000     2773.9999999482275     46.04267094327622     224.86253322810157     6:16
1387500     2774.999999948204     61.19413871373001     247.43592094345576     6:16
1388000     2775.99999994818     47.02847396322272     292.6608186131361     6:16
1388500     2776.9999999481565     48.60171949944839     227.80366715325937     6:16
1389000     2777.999999948133     38.9024107979788     305.3929919586658     6:16
1389500     2778.9999999481092     59.62865048194118     436.94750610227504     6:16
1390000     2779.9999999480856     70.83304294355833     265.82427164627984     6:16
1390500     2780.999999948062     50.233168902048476     304.02672472930027     6:16
1391000     2781.9999999480383     64.19905790000587     304.21059026833507     6:16
1391500     2782.9999999480146     61.783899388123984     474.3120879798024     6:16
1392000     2783.999999947991     45.504196474020375     255.2134518641117     6:16
1392500     2784.9999999479674     49.13638024421374     225.30804505881522     6:16
1393000     2785.9999999479437     41.046893983508824     319.0409040022816     6:16
1393500     2786.99999994792     55.13090309492287     286.8850933830798     6:15
1394000     2787.9999999478964     67.76183173501369     470.16307394828925     6:15
1394500     2788.9999999478728     63.04122214732007     289.4239474528945     6:15
1395000     2789.999999947849     44.88396633571904     310.5396517582576     6:15
1395500     2790.9999999478255     62.64725366665897     302.6246065699017     6:15
1396000     2791.999999947802     74.20198685576321     313.8374576419875     6:15
1396500     2792.999999947778     54.19330239955082     355.4989378260813     6:15
1397000     2793.9999999477545     52.104588996623704     264.1276625073624     6:15
1397500     2794.999999947731     78.77302024012005     427.59935050891534     6:15
1398000     2795.9999999477072     60.7053283548226     386.35384789912746     6:15
1398500     2796.9999999476836     55.57579383981533     260.05820413395645     6:15
1399000     2797.99999994766     62.22878720541024     378.30630921241067     6:15
1399500     2798.9999999476363     70.41650455043907     231.6793983468563     6:15
1400000     2799.9999999476127     56.643857196475324     342.4303117579267     6:15
1400500     2800.999999947589     55.36487667153375     252.2508014424626     6:15
1401000     2801.9999999475654     63.42650409015886     283.1095791751281     6:15
1401500     2802.9999999475417     51.075483504631904     269.9428674803925     6:15
1402000     2803.999999947518     49.41285929057864     375.6579804383805     6:15
1402500     2804.9999999474944     75.39920315072573     292.965463609906     6:15
1403000     2805.9999999474708     62.21801705251795     362.12100427296167     6:14
1403500     2806.999999947447     56.25981461231487     371.24705230271945     6:14
1404000     2807.9999999474235     61.489172245183454     165.38827707471694     6:14
1404500     2808.9999999474     47.286170416789446     216.28595544547508     6:14
1405000     2809.999999947376     65.90330768449877     427.6794102105302     6:14
1405500     2810.9999999473525     55.294642141043255     409.83515868349497     6:14
1406000     2811.999999947329     57.08321418084142     350.08649839398447     6:14
1406500     2812.9999999473052     52.943579681197605     402.7134826262009     6:14
1407000     2813.9999999472816     45.737995815298916     195.9884736945616     6:14
1407500     2814.999999947258     38.817931098726376     253.29802337219448     6:14
1408000     2815.9999999472343     63.235493863976615     218.62214011637104     6:14
1408500     2816.9999999472107     51.50216073871974     319.7710068090207     6:14
1409000     2817.999999947187     55.91301798465821     319.3745866168767     6:14
1409500     2818.9999999471634     53.713531590901255     420.93827886396264     6:14
1410000     2819.9999999471397     58.660844210981566     426.5297396698903     6:14
1410500     2820.999999947116     63.98671362081484     368.8476456522855     6:14
1411000     2821.9999999470924     69.37866868540499     261.30472898866645     6:14
1411500     2822.9999999470688     73.56245537200408     292.56161325046395     6:14
1412000     2823.999999947045     52.90638875445012     368.8027675675008     6:14
1412500     2824.9999999470215     49.64464780554084     290.30004695084483     6:13
1413000     2825.999999946998     47.99297130332707     237.1780110061565     6:13
1413500     2826.999999946974     45.584971290037686     226.09180859119226     6:13
1414000     2827.9999999469505     66.93308922909841     275.9777946381483     6:13
1414500     2828.999999946927     53.96382098101782     260.40588337703633     6:13
1415000     2829.9999999469032     44.24430620166072     380.55761745648846     6:13
1415500     2830.9999999468796     77.81540704858679     330.2779639362564     6:13
1416000     2831.999999946856     67.44178056865002     479.321838112027     6:13
1416500     2832.9999999468323     56.15749598633897     151.47503178903963     6:13
1417000     2833.9999999468087     65.89359667323464     239.9151982039968     6:13
1417500     2834.999999946785     55.65438545548017     282.43566758037394     6:13
1418000     2835.9999999467614     70.76682239781871     330.8382599781134     6:13
1418500     2836.9999999467377     42.16311894666603     232.06598886715895     6:13
1419000     2837.999999946714     47.09997011783486     312.0588931406138     6:13
1419500     2838.9999999466904     73.93779506250479     242.53210858896884     6:13
1420000     2839.999999946667     60.75455294586453     372.9560665016445     6:13
1420500     2840.999999946643     75.90445618232013     265.4406678477459     6:13
1421000     2841.9999999466195     44.6958720407539     332.0746828680186     6:13
1421500     2842.999999946596     35.010597991830934     272.72185192664807     6:13
1422000     2843.999999946572     49.208171176805706     264.99596226383073     6:12
1422500     2844.9999999465485     57.85548491060371     209.00288268077145     6:12
1423000     2845.999999946525     72.72164095992497     323.73477971706944     6:12
1423500     2846.9999999465012     56.05822047039305     285.01829080050624     6:12
1424000     2847.9999999464776     47.95478435247833     251.74909563881076     6:12
1424500     2848.999999946454     60.31226402880458     259.6702442776975     6:12
1425000     2849.9999999464303     52.82195629544873     390.30260398223186     6:12
1425500     2850.9999999464067     67.6973308030195     367.87228794604823     6:12
1426000     2851.999999946383     75.89467052552197     374.5622763626272     6:12
1426500     2852.9999999463594     53.430601863362824     302.9023402582725     6:12
1427000     2853.9999999463357     62.363978079807055     321.96148146768866     6:12
1427500     2854.999999946312     56.03942081813892     539.5332805763335     6:12
1428000     2855.9999999462884     66.25494107265405     324.7343247356829     6:12
1428500     2856.999999946265     55.685870437287406     254.6453116148934     6:12
1429000     2857.999999946241     52.87704520123833     255.32981706007797     6:12
1429500     2858.9999999462175     49.21655269317381     343.25892450617334     6:12
1430000     2859.999999946194     77.69330160529836     326.01665670315873     6:12
1430500     2860.99999994617     53.81207619613804     318.27988801249876     6:12
1431000     2861.9999999461465     67.00032455206929     250.11510225643292     6:12
1431500     2862.999999946123     43.41237247383441     288.45698062276995     6:12
1432000     2863.9999999460993     51.38881332824059     379.34812800499174     6:11
1432500     2864.9999999460756     64.52425227129237     278.0881920607261     6:11
1433000     2865.999999946052     43.8029685234564     449.05715610827036     6:11
1433500     2866.9999999460283     71.36220850906733     224.75539947321155     6:11
1434000     2867.9999999460047     64.1067265319137     262.66337998306824     6:11
1434500     2868.999999945981     46.51397902484683     359.7145144695189     6:11
1435000     2869.9999999459574     51.31920625861045     250.1657229303097     6:11
1435500     2870.9999999459337     64.17508166153561     306.04009791808613     6:11
1436000     2871.99999994591     57.66715347852636     291.2635913613964     6:11
1436500     2872.9999999458864     48.35081547362216     226.21722683190205     6:11
1437000     2873.999999945863     60.97000964718046     374.58708580451344     6:11
1437500     2874.999999945839     58.23566996144024     267.38940021762943     6:11
1438000     2875.9999999458155     32.74664715926684     233.61023309133563     6:11
1438500     2876.999999945792     71.32469151499947     163.87608246859904     6:11
1439000     2877.999999945768     49.46480780657134     237.8372206215169     6:11
1439500     2878.9999999457445     43.80200640118625     272.6992004846035     6:11
1440000     2879.999999945721     55.84363755470355     299.88133859041017     6:11
1440500     2880.9999999456973     50.50216560170401     396.004674098864     6:11
1441000     2881.9999999456736     60.126113292302364     274.6970369415654     6:11
1441500     2882.99999994565     50.561200625983304     317.7208941718391     6:10
1442000     2883.9999999456263     47.33580605111115     391.6547639027921     6:10
1442500     2884.9999999456027     65.24947047825839     352.6768632302664     6:10
1443000     2885.999999945579     66.19390066602409     331.97551097585034     6:10
1443500     2886.9999999455554     57.68934585746973     295.0920420049064     6:10
1444000     2887.9999999455317     64.65159781730188     193.4613465074385     6:10
1444500     2888.999999945508     56.60667922201503     231.4876114390813     6:10
1445000     2889.9999999454844     48.67490755949689     203.67594202827075     6:10
1445500     2890.999999945461     40.91655458424202     256.57341467460947     6:10
1446000     2891.999999945437     60.83852606990075     179.12147572835616     6:10
1446500     2892.9999999454135     49.84213955210981     266.9990864791585     6:10
1447000     2893.99999994539     39.52132446300374     269.336993427873     6:10
1447500     2894.999999945366     53.71067722392269     200.92762838242285     6:10
1448000     2895.9999999453426     57.5305750092611     170.2320068109794     6:10
1448500     2896.999999945319     52.38891868013337     262.08892940557337     6:10
1449000     2897.9999999452953     55.235343134800075     242.64736191998256     6:10
1449500     2898.9999999452716     58.184292964547126     269.1917514941032     6:10
1450000     2899.999999945248     48.93931224559094     318.3619688287974     6:10
1450500     2900.9999999452243     51.75752997108731     330.943974457699     6:10
1451000     2901.9999999452007     87.27814965339604     254.78175666710345     6:09
1451500     2902.999999945177     73.1812410814153     379.6204853907402     6:09
1452000     2903.9999999451534     57.158136112283216     344.40586412494497     6:09
1452500     2904.9999999451297     52.93226517294414     217.22054898420538     6:09
1453000     2905.999999945106     61.92835454608286     346.1084749466238     6:09
1453500     2906.9999999450824     54.14301271855561     279.26830448483935     6:09
1454000     2907.999999945059     63.18897834575063     404.21642111219523     6:09
1454500     2908.999999945035     53.50426065085463     432.53262155687776     6:09
1455000     2909.9999999450115     62.54138624753267     234.2011093912855     6:09
1455500     2910.999999944988     46.50869416287975     271.3336032465697     6:09
1456000     2911.999999944964     57.076686634112434     377.75493250281374     6:09
1456500     2912.9999999449406     47.35659683640921     389.0619232664135     6:09
1457000     2913.999999944917     67.73296120419587     311.66454221030403     6:09
1457500     2914.9999999448933     63.010008506964084     272.68054886465285     6:09
1458000     2915.9999999448696     67.8200116431114     351.01745725880295     6:09
1458500     2916.999999944846     64.50451967162013     412.9813263765621     6:09
1459000     2917.9999999448223     68.1523716798734     366.71082658485113     6:09
1459500     2918.9999999447987     45.970618138498764     323.2594946863941     6:09
1460000     2919.999999944775     36.22037850861108     240.15895666681183     6:09
1460500     2920.9999999447514     63.28452559197706     294.10814069824534     6:08
1461000     2921.9999999447277     61.253079617169476     347.9277062797916     6:08
1461500     2922.999999944704     38.43815887557702     323.94161101088395     6:08
1462000     2923.9999999446804     42.76093991065903     283.8791367793858     6:08
1462500     2924.999999944657     57.26217419442327     324.893621417972     6:08
1463000     2925.999999944633     71.31535355943294     360.2196689460189     6:08
1463500     2926.9999999446095     59.59873442402005     329.1810128541527     6:08
1464000     2927.999999944586     60.171922305217606     311.73160305320283     6:08
1464500     2928.999999944562     55.073986497173394     454.0132340835416     6:08
1465000     2929.9999999445386     65.06171701704903     446.73070982822486     6:08
1465500     2930.999999944515     71.86273143594843     268.20941216043764     6:08
1466000     2931.9999999444913     50.178798335454815     245.40924250279537     6:08
1466500     2932.9999999444676     52.41688585377676     344.7980141395426     6:08
1467000     2933.999999944444     62.565199231937186     300.3962389171784     6:08
1467500     2934.9999999444203     66.12000802016195     329.775756462548     6:08
1468000     2935.9999999443967     42.46369532140869     241.78880019108144     6:08
1468500     2936.999999944373     63.58299363294799     142.41638231036205     6:08
1469000     2937.9999999443494     60.98447893091941     152.57076403136028     6:08
1469500     2938.9999999443257     47.88260688128588     172.65237689536661     6:08
1470000     2939.999999944302     45.68682819126451     229.81052548525523     6:07
1470500     2940.9999999442784     45.41066130243695     299.4456152109896     6:07
1471000     2941.999999944255     50.654227708493806     299.5611062261752     6:07
1471500     2942.999999944231     51.31377963777669     309.9372993743161     6:07
1472000     2943.9999999442075     61.44372936291313     333.86087685208815     6:07
1472500     2944.999999944184     39.46075340711127     317.4279283526051     6:07
1473000     2945.99999994416     47.07403034576549     342.61815568533916     6:07
1473500     2946.9999999441366     55.05171686922546     292.30636437818475     6:07
1474000     2947.999999944113     58.40496550704637     226.61569511857167     6:07
1474500     2948.9999999440893     68.42688559017552     425.3940287028359     6:07
1475000     2949.9999999440656     62.82190572220395     283.9444002901306     6:07
1475500     2950.999999944042     78.74655549345744     213.95991420212104     6:07
1476000     2951.9999999440183     61.23393408686394     255.76659175722983     6:07
1476500     2952.9999999439947     62.525818272359004     223.97148219933024     6:07
1477000     2953.999999943971     55.93693893136685     208.95810132622748     6:07
1477500     2954.9999999439474     53.52976271196195     273.0293552790228     6:07
1478000     2955.9999999439237     70.12190368169746     307.99396200403686     6:07
1478500     2956.9999999439     74.05239021994572     367.40848402478383     6:07
1479000     2957.9999999438764     62.9983548145583     250.83830655496914     6:07
1479500     2958.999999943853     55.33533479591017     254.33096003272826     6:06
1480000     2959.999999943829     46.025681674783414     279.52091020450223     6:06
1480500     2960.9999999438055     51.4305529509989     343.8111710613699     6:06
1481000     2961.999999943782     53.158861873799594     333.1428501644129     6:06
1481500     2962.999999943758     62.19662961678188     353.1693227466634     6:06
1482000     2963.9999999437346     47.94137587778647     261.32162895328685     6:06
1482500     2964.999999943711     41.93074824731161     305.3277574621494     6:06
1483000     2965.9999999436873     61.45396283749852     279.7776497978069     6:06
1483500     2966.9999999436636     69.58402348240168     210.62719809842557     6:06
1484000     2967.99999994364     51.72898283340538     360.202878571869     6:06
1484500     2968.9999999436163     51.4184944671963     333.5817566323502     6:06
1485000     2969.9999999435927     37.30331316233071     445.69782441485916     6:06
1485500     2970.999999943569     62.35427430836279     305.06541163209494     6:06
1486000     2971.9999999435454     55.8322928570679     406.7951067285582     6:06
1486500     2972.9999999435217     61.24527631598494     372.66989945723043     6:06
1487000     2973.999999943498     59.61866979462553     251.87707444572698     6:06
1487500     2974.9999999434744     72.14297314403177     323.6320335528972     6:06
1488000     2975.999999943451     37.89394280147275     365.7283988038048     6:06
1488500     2976.999999943427     74.41597460559825     236.0593872399495     6:06
1489000     2977.9999999434035     55.96589557538704     394.82999009642106     6:05
1489500     2978.99999994338     71.76880110569749     447.47639564908394     6:05
1490000     2979.999999943356     49.74397907256321     430.0137048635858     6:05
1490500     2980.9999999433326     68.98545122869865     250.20691335025447     6:05
1491000     2981.999999943309     49.13030334327783     228.61645624850985     6:05
1491500     2982.9999999432853     75.47796297416778     243.41754514656827     6:05
1492000     2983.9999999432616     48.55377522917172     236.64198858749643     6:05
1492500     2984.999999943238     62.08246951375048     291.8538020899617     6:05
1493000     2985.9999999432143     57.80362812447163     262.58653480608734     6:05
1493500     2986.9999999431907     39.758041934703954     343.08355572823183     6:05
1494000     2987.999999943167     39.056901660831215     329.8196099914732     6:05
1494500     2988.9999999431434     43.69081550610531     327.9585737325025     6:05
1495000     2989.9999999431197     46.507220943851394     159.4220660603424     6:05
1495500     2990.999999943096     37.68568252109293     229.92768450373012     6:05
1496000     2991.9999999430725     47.356705086356044     290.6122044712433     6:05
1496500     2992.999999943049     52.91496802602393     437.4472287543509     6:05
1497000     2993.999999943025     60.810370572592205     390.48883793481184     6:05
1497500     2994.9999999430015     55.38491405932524     320.23580854849166     6:05
1498000     2995.999999942978     51.458671378770134     263.67125346042087     6:05
1498500     2996.999999942954     68.82015005068763     317.8250307424006     6:04
1499000     2997.9999999429306     53.045947750018854     322.7557906791269     6:04
1499500     2998.999999942907     41.03413755268656     322.6380899809916     6:04
1500000     2999.9999999428833     44.82225183565873     237.04294701184477     6:04
1500500     3000.9999999428596     44.35382990463239     222.48536208452094     6:04
1501000     3001.999999942836     48.89575523672255     197.11667147802282     6:04
1501500     3002.9999999428123     77.54830789686923     211.06261141552602     6:04
1502000     3003.9999999427887     56.949719782088266     356.5292500309808     6:04
1502500     3004.999999942765     62.28644717113792     307.42197327655896     6:04
1503000     3005.9999999427414     67.31772466651961     353.20283330862424     6:04
1503500     3006.9999999427177     57.18030197971626     384.4136486186701     6:04
1504000     3007.999999942694     47.59837962434108     257.6739200481341     6:04
1504500     3008.9999999426705     66.40588487162444     334.8257317951347     6:04
1505000     3009.999999942647     45.136101855399716     249.8720759306175     6:04
1505500     3010.999999942623     46.929667147572104     208.80811641376985     6:04
1506000     3011.9999999425995     40.01982630936976     307.6483896105061     6:04
1506500     3012.999999942576     45.14140970540035     383.86348420975634     6:04
1507000     3013.999999942552     49.71080301465821     346.9641684809966     6:04
1507500     3014.9999999425286     53.147590136501265     474.99926600355286     6:04
1508000     3015.999999942505     48.798209987730104     457.5889002235537     6:03
1508500     3016.9999999424813     51.56145463722197     344.8091980831916     6:03
1509000     3017.9999999424576     39.50422041868586     332.72166102436427     6:03
1509500     3018.999999942434     59.2471872159216     192.4507583590918     6:03
1510000     3019.9999999424103     44.86006403423835     336.67668224329924     6:03
1510500     3020.9999999423867     36.19107721667143     298.34841295479316     6:03
1511000     3021.999999942363     71.39254201937666     148.9419438490767     6:03
1511500     3022.9999999423394     68.04094495612372     331.2991479452013     6:03
1512000     3023.9999999423158     46.20479631790931     361.21279401636855     6:03
1512500     3024.999999942292     65.39453930761391     237.11372196660977     6:03
1513000     3025.9999999422685     42.17794531115311     295.73173603990625     6:03
1513500     3026.999999942245     57.04987778198614     319.8106436357054     6:03
1514000     3027.999999942221     57.1695650432394     449.19050278963573     6:03
1514500     3028.9999999421975     47.70057312503724     385.8321319654118     6:03
1515000     3029.999999942174     51.836775384298335     320.0710645000634     6:03
1515500     3030.99999994215     59.09901264728825     348.83350716869927     6:03
1516000     3031.9999999421266     60.219801335583384     338.6216195133534     6:03
1516500     3032.999999942103     55.29110546089515     288.8120987943309     6:03
1517000     3033.9999999420793     59.22409541118833     289.1886609510309     6:03
1517500     3034.9999999420556     40.10741921659934     327.975881179922     6:02
1518000     3035.999999942032     55.34805003588997     346.07252965980115     6:02
1518500     3036.9999999420083     54.89098038873658     344.32554256870753     6:02
1519000     3037.9999999419847     66.92331451650756     224.06259714542048     6:02
1519500     3038.999999941961     67.84832899914471     313.6262045603846     6:02
1520000     3039.9999999419374     49.69605410130259     333.77308309061686     6:02
1520500     3040.9999999419138     50.848691620462546     397.419094581745     6:02
1521000     3041.99999994189     45.83007530393337     385.20450741350027     6:02
1521500     3042.9999999418665     41.659792487935704     275.96174066352233     6:02
1522000     3043.999999941843     80.81035241744979     341.0743061684979     6:02
1522500     3044.999999941819     53.878704074111056     431.74689033668494     6:02
1523000     3045.9999999417955     67.65924201121442     295.97999320969967     6:02
1523500     3046.999999941772     46.021415392548874     358.81463744808383     6:02
1524000     3047.9999999417482     45.08330394499575     231.86433610452323     6:02
1524500     3048.9999999417246     61.81404273410834     293.9083908621175     6:02
1525000     3049.999999941701     56.45527718273814     340.5364873864394     6:02
1525500     3050.9999999416773     38.05956381884016     339.08292370625924     6:02
1526000     3051.9999999416536     48.5452515342638     273.28894650113614     6:02
1526500     3052.99999994163     59.85949628863847     308.7207606278167     6:02
1527000     3053.9999999416063     61.54007484582917     271.9657742651077     6:02
1527500     3054.9999999415827     41.17391333632753     367.97466947063504     6:02
1528000     3055.999999941559     64.82419338945323     390.6449766261643     6:02
1528500     3056.9999999415354     89.89791910372156     219.39904003996358     6:02
1529000     3057.9999999415118     55.35968758028349     277.9077492318909     6:02
1529500     3058.999999941488     61.256829118075814     276.68186688664247     6:01
1530000     3059.9999999414645     51.27253363285689     390.5181358148676     6:01
1530500     3060.999999941441     56.11077421901081     365.31430889810696     6:01
1531000     3061.999999941417     64.32835052455789     358.9950237015955     6:01
1531500     3062.9999999413935     72.40995111129678     493.9210740056795     6:01
1532000     3063.99999994137     47.066632651135876     333.6614864242658     6:01
1532500     3064.9999999413462     41.854325213108325     339.50543902420486     6:01
1533000     3065.9999999413226     63.44973020479955     195.53424630931582     6:01
1533500     3066.999999941299     56.505707992618625     352.56339541258916     6:01
1534000     3067.9999999412753     56.96563244636195     317.2445128973943     6:01
1534500     3068.9999999412516     42.73549889433474     326.97170977764796     6:01
1535000     3069.999999941228     52.904324406872945     335.96689191522813     6:01
1535500     3070.9999999412044     41.45590626816198     334.38142756663984     6:01
1536000     3071.9999999411807     41.68381186409863     314.0852635170124     6:01
1536500     3072.999999941157     44.33159200192398     290.91789191557655     6:01
1537000     3073.9999999411334     51.96772203047141     237.01511510111038     6:01
1537500     3074.9999999411098     52.41475099103769     383.2527185230114     6:01
1538000     3075.999999941086     58.71773539292917     324.4830105071707     6:01
1538500     3076.9999999410625     53.60314857718578     175.67644816203412     6:01
1539000     3077.999999941039     63.7788475245564     184.55622371147408     6:00
1539500     3078.999999941015     50.08189873732073     191.82620030596763     6:00
1540000     3079.9999999409915     57.26785390336033     321.8914007231439     6:00
1540500     3080.999999940968     61.38870036599468     365.6319866055443     6:00
1541000     3081.9999999409442     33.35520502320031     368.2108705261664     6:00
1541500     3082.9999999409206     46.103552616348395     277.7799565713517     6:00
1542000     3083.999999940897     62.55532849897406     269.9447295254167     6:00
1542500     3084.9999999408733     39.575792549052096     274.71368548990415     6:00
1543000     3085.9999999408496     57.67439615593668     261.7162811665697     6:00
1543500     3086.999999940826     63.01873458949569     208.77517698163783     6:00
1544000     3087.9999999408024     56.30429951615946     140.4566306126148     6:00
1544500     3088.9999999407787     44.76218297299505     279.77643391272824     6:00
1545000     3089.999999940755     51.99929147570373     201.66540024552157     6:00
1545500     3090.9999999407314     49.266645277262796     261.61009490303593     6:00
1546000     3091.9999999407078     67.54412566599882     296.9266724581736     6:00
1546500     3092.999999940684     52.752396216066074     286.45508256132956     6:00
1547000     3093.9999999406605     43.65910786821411     284.667499188064     6:00
1547500     3094.999999940637     61.487094570743636     294.75480822312693     6:00
1548000     3095.999999940613     43.951897573557574     373.49464614430445     6:00
1548500     3096.9999999405895     42.4547620035367     423.03307399418526     5:59
1549000     3097.999999940566     49.011807585072575     334.07475656902534     5:59
1549500     3098.9999999405422     46.417884035111456     326.7088900808209     5:59
1550000     3099.9999999405186     55.74359062190467     205.70486086143154     5:59
1550500     3100.999999940495     52.54677117730051     249.81640237315557     5:59
1551000     3101.9999999404713     81.71536132474881     188.60701169529074     5:59
1551500     3102.9999999404477     48.99982476970911     308.59810852323903     5:59
1552000     3103.999999940424     51.35529354213003     320.13195853581897     5:59
1552500     3104.9999999404004     65.0763209105209     283.34088893549847     5:59
1553000     3105.9999999403767     57.37477759497318     395.75605723013854     5:59
1553500     3106.999999940353     49.67012942692958     445.4711877253549     5:59
1554000     3107.9999999403294     54.64849605278431     296.89463348431633     5:59
1554500     3108.9999999403058     62.512953972722926     206.37549530150602     5:59
1555000     3109.999999940282     53.38269145773057     383.76543307087275     5:59
1555500     3110.9999999402585     46.060952114439885     319.5800852421321     5:59
1556000     3111.999999940235     40.274159431162786     228.76553899526107     5:59
1556500     3112.999999940211     51.4101667715816     235.73823005323786     5:59
1557000     3113.9999999401875     46.64174491616046     245.82324061890574     5:59
1557500     3114.999999940164     52.25625960985525     319.0849152446088     5:59
1558000     3115.9999999401402     53.264667764622686     234.5994224590987     5:58
1558500     3116.9999999401166     72.97801927182923     302.9918531733257     5:58
1559000     3117.999999940093     44.41086340955525     243.7631374480254     5:58
1559500     3118.9999999400693     68.90382007729272     192.39290224383518     5:58
1560000     3119.9999999400457     50.59953533229594     244.50104517908866     5:58
1560500     3120.999999940022     43.530428506329656     286.4249965744228     5:58
1561000     3121.9999999399984     47.381803976630124     251.28813278691953     5:58
1561500     3122.9999999399747     62.600950926971564     270.32461964802445     5:58
1562000     3123.999999939951     60.79690555943631     305.429141095873     5:58
1562500     3124.9999999399274     63.76913467975595     162.70769715725672     5:58
1563000     3125.999999939904     44.52633503922772     230.47007716819692     5:58
1563500     3126.99999993988     46.18680360017834     361.0390965354852     5:58
1564000     3127.9999999398565     50.43512779000122     321.42836550940075     5:58
1564500     3128.999999939833     51.343991114117955     253.06102459491336     5:58
1565000     3129.999999939809     52.04846187315627     221.0160662503054     5:58
1565500     3130.9999999397855     57.663582509889295     167.61940719441085     5:58
1566000     3131.999999939762     57.43664977565459     361.4938447237095     5:58
1566500     3132.9999999397382     52.99054078910598     276.0148153404962     5:58
1567000     3133.9999999397146     73.09779628328448     344.47175025487553     5:58
1567500     3134.999999939691     50.18614545426391     288.54668961394447     5:57
1568000     3135.9999999396673     60.66547107815734     213.6619691731607     5:57
1568500     3136.9999999396437     68.5563447178306     296.21493551271965     5:57
1569000     3137.99999993962     49.195447228896     297.42396470845915     5:57
1569500     3138.9999999395964     66.63544332494047     349.91901276737707     5:57
1570000     3139.9999999395727     45.30512101774133     245.52009012736264     5:57
1570500     3140.999999939549     47.15047754408198     340.8687427334969     5:57
1571000     3141.9999999395254     54.6599635467345     357.4973737489716     5:57
1571500     3142.999999939502     48.75315619776933     368.85831911020244     5:57
1572000     3143.999999939478     51.020198656192406     294.1010721734451     5:57
1572500     3144.9999999394545     37.47602358030508     312.4709087469487     5:57
1573000     3145.999999939431     63.340135367589596     180.0023406316851     5:57
1573500     3146.999999939407     52.90314655010917     210.97520085741817     5:57
1574000     3147.9999999393835     30.007853704713966     228.21536161713254     5:57
1574500     3148.99999993936     45.037728754893635     227.46561709806167     5:57
1575000     3149.9999999393362     45.35084637072816     372.1099451438904     5:57
1575500     3150.9999999393126     60.7569338450362     256.71672893016733     5:57
1576000     3151.999999939289     65.05260975965467     220.0899386662423     5:57
1576500     3152.9999999392653     62.37468786670206     272.439230043134     5:57
1577000     3153.9999999392417     57.11798716072997     321.4189579243484     5:57
1577500     3154.999999939218     49.51675153782145     348.2690202903747     5:56
1578000     3155.9999999391944     59.01413481675729     343.1933771500552     5:56
1578500     3156.9999999391707     43.72244080283491     270.3053998287305     5:56
1579000     3157.999999939147     52.33631217237985     272.71458529133986     5:56
1579500     3158.9999999391234     46.18795251197736     204.35885665576362     5:56
1580000     3159.9999999391     45.26535000874952     274.2926921353502     5:56
1580500     3160.999999939076     82.07459184086719     193.78539029503372     5:56
1581000     3161.9999999390525     74.69922349882842     227.80988850133951     5:56
1581500     3162.999999939029     69.41169008237347     423.69485095704096     5:56
1582000     3163.999999939005     63.001318173393145     360.93096656083526     5:56
1582500     3164.9999999389815     39.10464269775002     394.96516055696674     5:56
1583000     3165.999999938958     47.60385471280654     345.3100064801486     5:56
1583500     3166.9999999389343     56.42771140765467     406.63815641532767     5:56
1584000     3167.9999999389106     61.624117491694335     358.0524272733463     5:56
1584500     3168.999999938887     55.37861524888291     411.44666066224346     5:56
1585000     3169.9999999388633     66.29835456214033     218.2512767852316     5:56
1585500     3170.9999999388397     72.42452894586171     220.08019627927516     5:56
1586000     3171.999999938816     50.832091872023796     486.88156653393617     5:56
1586500     3172.9999999387924     68.85307176846607     301.1689599199965     5:56
1587000     3173.9999999387687     57.13506919157703     250.11751511163837     5:55
1587500     3174.999999938745     63.73015745528545     176.47808034191522     5:55
1588000     3175.9999999387214     43.849702881743895     316.3338561455595     5:55
1588500     3176.999999938698     49.20048799078711     202.71105690848913     5:55
1589000     3177.999999938674     48.124008955476654     244.52305235026108     5:55
1589500     3178.9999999386505     49.86322061310756     231.11064080660768     5:55
1590000     3179.999999938627     60.941598501362876     212.26445710729215     5:55
1590500     3180.999999938603     53.81749446644466     291.1328271885505     5:55
1591000     3181.9999999385795     66.0814017830458     214.4474674560839     5:55
1591500     3182.999999938556     43.597919713604654     368.8446288506573     5:55
1592000     3183.9999999385323     58.14596975493703     371.8283922094584     5:55
1592500     3184.9999999385086     47.0453771239786     415.05158682818865     5:55
1593000     3185.999999938485     66.202449347705     254.58410903049815     5:55
1593500     3186.9999999384613     54.79187428470601     214.95678985798293     5:55
1594000     3187.9999999384377     44.57270324300458     317.1746950731032     5:55
1594500     3188.999999938414     81.32950649235437     331.5410419411034     5:55
1595000     3189.9999999383904     55.53870408597271     297.196132925792     5:55
1595500     3190.9999999383667     60.91557674023426     295.3991355252498     5:55
1596000     3191.999999938343     44.55208148081812     235.54079806161587     5:55
1596500     3192.9999999383194     50.77393171034777     275.143112055188     5:54
1597000     3193.999999938296     52.50824467640456     291.13235007644687     5:54
1597500     3194.999999938272     57.085781558159795     249.31850164751506     5:54
1598000     3195.9999999382485     73.8879538034206     320.4593450144062     5:54
1598500     3196.999999938225     43.60892678268095     282.1884915417636     5:54
1599000     3197.999999938201     47.673176410616236     245.82701087015545     5:54
1599500     3198.9999999381776     48.352847653011224     351.15536028810124     5:54
1600000     3199.999999938154     73.19483577814373     237.7436387878809     5:54
1600500     3200.9999999381303     53.088750796210604     344.96475847441053     5:54
1601000     3201.9999999381066     51.590063996007586     368.77824839656176     5:54
1601500     3202.999999938083     50.62985276109907     268.07392636996366     5:54
1602000     3203.9999999380593     74.83942783057824     387.6046289086474     5:54
1602500     3204.9999999380357     58.84785086354822     399.23744020594114     5:54
1603000     3205.999999938012     52.21421774820283     292.55857067993827     5:54
1603500     3206.9999999379884     53.55561809666057     246.32288273106778     5:54
1604000     3207.9999999379647     48.472975071941846     317.65910810598194     5:54
1604500     3208.999999937941     59.17410019121013     338.07583136071764     5:54
1605000     3209.9999999379174     66.34201009022507     301.43841995167486     5:54
1605500     3210.999999937894     78.69804717668421     255.97394976343156     5:54
1606000     3211.99999993787     71.63434839573239     430.1823276154465     5:53
1606500     3212.9999999378465     68.23266881496903     272.411605058583     5:53
1607000     3213.999999937823     41.7956061450671     324.97783630585053     5:53
1607500     3214.999999937799     53.2830402929946     280.47957266838375     5:53
1608000     3215.9999999377756     50.847740749604554     381.6617594898739     5:53
1608500     3216.999999937752     59.870633762377736     346.31221886496894     5:53
1609000     3217.9999999377283     65.79499569004554     208.6332359854962     5:53
1609500     3218.9999999377046     39.81095604550882     349.09074034295173     5:53
1610000     3219.999999937681     54.262981589094636     195.8635002337393     5:53
1610500     3220.9999999376573     37.57846510776017     277.43196480773446     5:53
1611000     3221.9999999376337     48.39358232386331     206.6502304977283     5:53
1611500     3222.99999993761     55.672365592492895     240.62672454199625     5:53
1612000     3223.9999999375864     55.619782279065305     242.05667824496243     5:53
1612500     3224.9999999375627     42.54704325910092     318.008357217415     5:53
1613000     3225.999999937539     73.64379173263211     234.52898773127947     5:53
1613500     3226.9999999375154     55.137140225096516     407.86840765431197     5:53
1614000     3227.999999937492     49.024053835917755     337.3831685337245     5:53
1614500     3228.999999937468     38.23282862195674     252.21880499697357     5:53
1615000     3229.9999999374445     59.164722278255056     341.4016253185751     5:53
1615500     3230.999999937421     44.76999913476226     205.79056329766118     5:52
1616000     3231.999999937397     69.66913554109891     279.87067474232055     5:52
1616500     3232.9999999373736     76.26506163174645     310.7693473781467     5:52
1617000     3233.99999993735     52.852308600776894     332.78666607113087     5:52
1617500     3234.9999999373263     70.32361187099565     195.68223171033813     5:52
1618000     3235.9999999373026     47.06073822756224     211.15096377355127     5:52
1618500     3236.999999937279     56.14219763883551     311.9563488166585     5:52
1619000     3237.9999999372553     53.62236124427869     175.75910805195704     5:52
1619500     3238.9999999372317     57.55922341003799     262.04821537116555     5:52
1620000     3239.999999937208     57.15237623742627     344.7351878239862     5:52
1620500     3240.9999999371844     61.19094091470811     346.29268066416665     5:52
1621000     3241.9999999371607     56.6941578686409     251.77756329536848     5:52
1621500     3242.999999937137     88.22764654945007     268.4594135745814     5:52
1622000     3243.9999999371134     63.78063935941327     460.3591509511107     5:52
1622500     3244.99999993709     74.30511675922031     329.3691786263745     5:52
1623000     3245.999999937066     55.01982661451774     265.8592989887902     5:52
1623500     3246.9999999370425     56.51515149895357     273.05031953641833     5:52
1624000     3247.999999937019     40.76924076786901     188.2774185368959     5:52
1624500     3248.999999936995     46.25196861570436     334.7900697724321     5:52
1625000     3249.9999999369716     52.90622074452756     288.6346971313257     5:51
1625500     3250.999999936948     51.2211216862479     399.5550343097754     5:51
1626000     3251.9999999369243     65.14801077677544     449.6877033956472     5:51
1626500     3252.9999999369006     83.94931885812258     336.6609483939417     5:51
1627000     3253.999999936877     98.19540658333989     459.0442473342459     5:51
1627500     3254.9999999368533     82.96987505154374     418.413095097329     5:51
1628000     3255.9999999368297     93.85499962162106     335.9051017805977     5:51
1628500     3256.999999936806     73.34370338597631     266.5249098985724     5:51
1629000     3257.9999999367824     79.74468858690022     411.73214458868824     5:51
1629500     3258.9999999367587     62.10779673613109     441.58246911646677     5:51
1630000     3259.999999936735     48.12100976854032     254.49809719796784     5:51
1630500     3260.9999999367114     53.258483837333245     250.92767134730022     5:51
1631000     3261.999999936688     65.03627053161796     382.8938373174295     5:51
1631500     3262.999999936664     66.42474990144694     367.6210965125987     5:51
1632000     3263.9999999366405     68.8637025222805     237.02330946516182     5:51
1632500     3264.999999936617     52.5040474803215     287.1211488830913     5:51
1633000     3265.999999936593     31.613666708882022     286.8617933107632     5:51
1633500     3266.9999999365696     65.58692491158826     366.9285174829597     5:51
1634000     3267.999999936546     72.65347025038318     216.8012449455627     5:51
1634500     3268.9999999365223     38.49591753323267     312.00270202550445     5:50
1635000     3269.9999999364986     67.82453756232326     525.8918312946785     5:50
1635500     3270.999999936475     42.77361778608309     468.4125323962425     5:50
1636000     3271.9999999364513     44.71688205840144     409.10306803882486     5:50
1636500     3272.9999999364277     60.67983834051654     307.58006270099156     5:50
1637000     3273.999999936404     52.56031732007119     271.4970645657869     5:50
1637500     3274.9999999363804     61.67454266516455     267.06108731811895     5:50
1638000     3275.9999999363567     73.31066033734993     338.9677958048691     5:50
1638500     3276.999999936333     49.736116309599595     323.69582494272294     5:50
1639000     3277.9999999363095     60.66702029688429     410.9712826310362     5:50
1639500     3278.999999936286     48.70169251056376     310.12683063169095     5:50
1640000     3279.999999936262     45.41248914537158     275.6236954036646     5:50
1640500     3280.9999999362385     49.181169283137194     217.2663435117312     5:50
1641000     3281.999999936215     53.28544915356434     286.68257799207316     5:50
1641500     3282.999999936191     56.18878859072316     228.68192087290484     5:50
1642000     3283.9999999361676     58.09197087067042     295.5830194706399     5:50
1642500     3284.999999936144     56.55132056012286     259.6986109899279     5:50
1643000     3285.9999999361203     33.597001842130396     315.17121435573654     5:50
1643500     3286.9999999360966     42.545061372428506     263.0249610134655     5:50
1644000     3287.999999936073     60.79704283493368     236.3198304825605     5:49
1644500     3288.9999999360493     56.985351643242666     340.975479153302     5:49
1645000     3289.9999999360257     57.09547275674572     305.16192351530054     5:49
1645500     3290.999999936002     38.47469448458122     297.3892138003423     5:49
1646000     3291.9999999359784     71.43791158779203     303.1382741794637     5:49
1646500     3292.9999999359547     46.05614311569326     363.0344972019542     5:49
1647000     3293.999999935931     31.053495942690404     495.26522687107206     5:49
1647500     3294.9999999359075     50.91263392656998     287.2012596381231     5:49
1648000     3295.999999935884     52.49703803513938     390.7003265693243     5:49
1648500     3296.99999993586     47.79852878427528     337.4991025123808     5:49
1649000     3297.9999999358365     36.978037211139906     196.88441802866168     5:49
1649500     3298.999999935813     46.84321325338573     222.91861157713703     5:49
1650000     3299.999999935789     61.49699874323062     378.2120739047249     5:49
1650500     3300.9999999357656     63.25614909836361     245.01492964457833     5:49
1651000     3301.999999935742     52.59490527002458     275.80725326593983     5:49
1651500     3302.9999999357183     54.10942294180876     388.9508422201987     5:49
1652000     3303.9999999356946     67.16653605590585     375.3623084489823     5:49
1652500     3304.999999935671     67.44585294621123     295.48646534969276     5:49
1653000     3305.9999999356473     52.96201479043458     239.11798197515193     5:49
1653500     3306.9999999356237     52.00218968237476     171.38919569383575     5:48
1654000     3307.9999999356     54.1843588350668     288.2521056823314     5:48
1654500     3308.9999999355764     49.11252209245907     230.13892920559758     5:48
1655000     3309.9999999355528     56.515611344877016     304.50183741836497     5:48
1655500     3310.999999935529     52.812542471099164     383.8794471697992     5:48
1656000     3311.9999999355055     75.81449450793599     322.7236767235908     5:48
1656500     3312.999999935482     63.967141665324164     437.7377364532768     5:48
1657000     3313.999999935458     55.94579777174681     348.80810978907556     5:48
1657500     3314.9999999354345     62.86010353552854     313.7352498152691     5:48
1658000     3315.999999935411     53.9955237847675     328.0777961034028     5:48
1658500     3316.999999935387     67.7788633289262     177.1013078093047     5:48
1659000     3317.9999999353636     55.278120907462096     204.80407451760854     5:48
1659500     3318.99999993534     77.28450906586056     287.287865899053     5:48
1660000     3319.9999999353163     49.081307918943594     466.55326111299075     5:48
1660500     3320.9999999352926     49.971120266179526     394.9750722824023     5:48
1661000     3321.999999935269     77.10725770914684     414.4555462983137     5:48
1661500     3322.9999999352453     73.63868310437334     411.14696392951504     5:48
1662000     3323.9999999352217     45.71689910520439     396.29207838941636     5:48
1662500     3324.999999935198     64.00190164533791     365.1627540688585     5:48
1663000     3325.9999999351744     60.78136861568481     205.50434943813568     5:47
1663500     3326.9999999351508     59.52153352950842     297.5644801808232     5:47
1664000     3327.999999935127     63.88000787623366     277.3429875176195     5:47
1664500     3328.9999999351035     69.13939795468599     346.6185270636336     5:47
1665000     3329.99999993508     62.098975559561154     352.02910890698183     5:47
1665500     3330.999999935056     63.347710113012795     304.40518244996605     5:47
1666000     3331.9999999350325     41.10658983340602     344.85971572991656     5:47
1666500     3332.999999935009     77.42310009772712     239.48239019749934     5:47
1667000     3333.999999934985     69.56359048754194     276.03024781000516     5:47
1667500     3334.9999999349616     50.56579358788025     248.81057468953415     5:47
1668000     3335.999999934938     53.382963990798146     377.4510683775019     5:47
1668500     3336.9999999349143     71.5184043748165     228.6526910963635     5:47
1669000     3337.9999999348906     50.01517200116035     407.3813305436972     5:47
1669500     3338.999999934867     51.14448451061156     238.18539916120233     5:47
1670000     3339.9999999348433     51.22105372030239     190.0961290913041     5:47
1670500     3340.9999999348197     42.630210484893325     177.32027458267876     5:47
1671000     3341.999999934796     59.56073025299264     290.17342653294725     5:47
1671500     3342.9999999347724     47.215406558921075     455.32150414684384     5:47
1672000     3343.9999999347488     71.2593241465865     275.37355017776093     5:47
1672500     3344.999999934725     35.44624842700085     347.9835881439136     5:47
1673000     3345.9999999347015     54.17171909712306     349.0941322467252     5:46
1673500     3346.999999934678     59.89767202128121     387.67344368345204     5:46
1674000     3347.999999934654     55.21895689494994     244.72366050379767     5:46
1674500     3348.9999999346305     53.59932727474637     358.2632816636066     5:46
1675000     3349.999999934607     67.75306941410543     297.5283420147725     5:46
1675500     3350.9999999345832     70.74952283054171     272.89180884863896     5:46
1676000     3351.9999999345596     50.34141068611774     330.3996884574041     5:46
1676500     3352.999999934536     63.57212876934261     179.79945028384654     5:46
1677000     3353.9999999345123     46.561984940324294     313.02055719666157     5:46
1677500     3354.9999999344886     52.26314451935741     317.8729762947283     5:46
1678000     3355.999999934465     50.85990275763237     505.1033018916925     5:46
1678500     3356.9999999344413     44.400361484425105     344.02200588276827     5:46
1679000     3357.9999999344177     54.555409440349365     272.2168829668341     5:46
1679500     3358.999999934394     46.597251663415875     267.91361457188367     5:46
1680000     3359.9999999343704     67.65418959317293     254.3076704714093     5:46
1680500     3360.9999999343468     61.548214565943056     332.2204848393663     5:46
1681000     3361.999999934323     51.890264694126984     231.5911154607127     5:46
1681500     3362.9999999342995     47.38113739817959     337.14646192100486     5:46
1682000     3363.999999934276     68.4119232003672     264.4901561054787     5:46
1682500     3364.999999934252     71.46098075708636     301.56864937146247     5:45
1683000     3365.9999999342285     57.533982330696574     354.2382556505612     5:45
1683500     3366.999999934205     54.222043380905404     248.61094304158223     5:45
1684000     3367.9999999341812     44.13114672133054     290.0320444118769     5:45
1684500     3368.9999999341576     50.68535980744474     225.1247244447718     5:45
1685000     3369.999999934134     56.32937482274923     148.58070214952627     5:45
1685500     3370.9999999341103     59.75469803586333     240.91440231223768     5:45
1686000     3371.9999999340866     47.45829334673732     270.2225904234994     5:45
1686500     3372.999999934063     72.08414936062513     264.64268356528976     5:45
1687000     3373.9999999340394     50.55700400468919     349.92985614501583     5:45
1687500     3374.9999999340157     67.74760524058314     363.1723407981001     5:45
1688000     3375.999999933992     54.484241364675086     417.63522934868166     5:45
1688500     3376.9999999339684     82.14788146955101     238.8181373861092     5:45
1689000     3377.9999999339448     50.2598381206771     336.96747136570957     5:45
1689500     3378.999999933921     64.27119836003413     346.401111195223     5:45
1690000     3379.9999999338975     45.19850794272969     454.32348734539323     5:45
1690500     3380.999999933874     68.61581789989543     405.54506565452004     5:45
1691000     3381.99999993385     54.98278647494834     306.86718407713334     5:45
1691500     3382.9999999338265     47.88568105998314     378.9414135258493     5:45
1692000     3383.999999933803     57.84771695694832     273.6570442047401     5:44
1692500     3384.9999999337792     44.617397731455185     333.57387682322275     5:44
1693000     3385.9999999337556     41.46545635503497     273.2079697513079     5:44
1693500     3386.999999933732     42.04638437568127     363.6319350890394     5:44
1694000     3387.9999999337083     54.64317889113255     290.83047025310833     5:44
1694500     3388.9999999336846     58.0265191348027     328.5240260241608     5:44
1695000     3389.999999933661     66.77971294689002     341.0949549990895     5:44
1695500     3390.9999999336374     75.66596372353041     360.6515189501624     5:44
1696000     3391.9999999336137     75.93109160688334     354.17726541738045     5:44
1696500     3392.99999993359     51.688192745434435     312.6378660142844     5:44
1697000     3393.9999999335664     58.87145376767211     282.10216181210274     5:44
1697500     3394.9999999335428     76.80110118520622     230.93931755180267     5:44
1698000     3395.999999933519     54.02479544079705     251.43969178181692     5:44
1698500     3396.9999999334955     51.123654285847124     455.6843804033986     5:44
1699000     3397.999999933472     57.70963383448003     350.9635131903336     5:44
1699500     3398.999999933448     57.27821711406085     312.67871930730115     5:44
1700000     3399.9999999334245     66.59046521852036     276.9483728920517     5:44
1700500     3400.999999933401     68.24032635310772     346.37733599675164     5:44
1701000     3401.9999999333772     58.709340034909474     328.03147031033865     5:44
1701500     3402.9999999333536     83.18901884371024     251.50916317912674     5:43
1702000     3403.99999993333     75.83283858439592     298.3617910813032     5:43
1702500     3404.9999999333063     64.55216858390821     265.64621384514726     5:43
1703000     3405.9999999332827     53.58002463516863     372.8621824647177     5:43
1703500     3406.999999933259     65.94803043056419     196.78699243944936     5:43
1704000     3407.9999999332354     58.12038704961344     227.8507895055666     5:43
1704500     3408.9999999332117     63.06433464834703     325.1919648960861     5:43
1705000     3409.999999933188     68.84000055885434     424.2790658638159     5:43
1705500     3410.9999999331644     52.260923071377135     314.8311463827483     5:43
1706000     3411.9999999331408     58.22735941995637     385.21075976175774     5:43
1706500     3412.999999933117     70.29418153603109     298.99071996567426     5:43
1707000     3413.9999999330935     58.24778733215027     396.776585294707     5:43
1707500     3414.99999993307     47.45190567020114     349.10780594055063     5:43
1708000     3415.999999933046     68.98696863046376     176.5584717454271     5:43
1708500     3416.9999999330225     54.6149512198312     295.09520373236336     5:43
1709000     3417.999999932999     63.55698404718078     294.84235577537765     5:43
1709500     3418.9999999329752     71.02907667894436     217.7679228927851     5:43
1710000     3419.9999999329516     82.78377430054485     233.00132263199762     5:43
1710500     3420.999999932928     54.61384364923134     358.93781461816434     5:43
1711000     3421.9999999329043     46.33186300686327     300.2844351551116     5:42
1711500     3422.9999999328807     39.9031519364238     293.5889993292537     5:42
1712000     3423.999999932857     46.01400809144076     276.7898355634949     5:42
1712500     3424.9999999328334     49.843547830700004     342.3850874399119     5:42
1713000     3425.9999999328097     73.79078653320886     304.3178756819049     5:42
1713500     3426.999999932786     57.247567924864654     350.8466474444343     5:42
1714000     3427.9999999327624     65.51485930337088     337.2215760408201     5:42
1714500     3428.999999932739     79.81891422311134     244.77221705024462     5:42
1715000     3429.999999932715     76.06437720490038     242.32148020937615     5:42
1715500     3430.9999999326915     63.089713415438666     336.5111691967231     5:42
1716000     3431.999999932668     57.81041128254185     278.857553685738     5:42
1716500     3432.999999932644     40.2285872718827     342.5051188670017     5:42
1717000     3433.9999999326205     49.57211896851311     387.2912405601161     5:42
1717500     3434.999999932597     68.72915139457092     342.3843057510664     5:42
1718000     3435.9999999325732     58.29714190416746     326.71788948072634     5:42
1718500     3436.9999999325496     52.70645467042783     379.4478919036707     5:42
1719000     3437.999999932526     50.25962885682884     436.5895356116672     5:42
1719500     3438.9999999325023     54.08831119099949     245.6820142252885     5:42
1720000     3439.9999999324787     42.6413431108013     234.6936942888683     5:42
1720500     3440.999999932455     52.79837507881541     308.59999740279164     5:42
1721000     3441.9999999324314     55.88548934500267     283.2310247915557     5:42
1721500     3442.9999999324077     36.93053058748234     243.77687982661863     5:42
1722000     3443.999999932384     50.66610044668249     270.6524393540893     5:42
1722500     3444.9999999323604     58.703803187950314     254.92355782338282     5:42
1723000     3445.999999932337     56.898347156754596     287.25099176941825     5:42
1723500     3446.999999932313     69.6495042798768     335.4929336512714     5:42
1724000     3447.9999999322895     65.65537517084738     201.79198708393022     5:42
1724500     3448.999999932266     36.415411548945144     343.43430737950797     5:42
1725000     3449.999999932242     85.99541073085248     261.27771681465146     5:42
1725500     3450.9999999322185     83.33331145245285     353.70308205550566     5:41
1726000     3451.999999932195     69.92609083233492     424.09911506591965     5:41
1726500     3452.9999999321712     60.80853376175702     335.19892316693205     5:41
1727000     3453.9999999321476     67.31170287916024     281.963419065502     5:41
1727500     3454.999999932124     72.31999013418954     277.48969236913086     5:41
1728000     3455.9999999321003     60.67696490046524     340.7096527299044     5:41
1728500     3456.9999999320767     59.13059176505641     386.3351154849647     5:41
1729000     3457.999999932053     69.58078436247752     386.3141079968533     5:41
1729500     3458.9999999320294     80.2591465649187     353.71278656413114     5:41
1730000     3459.9999999320057     44.12964924106683     453.89172714488825     5:41
1730500     3460.999999931982     52.53927257396532     314.89208343124983     5:41
1731000     3461.9999999319584     73.80666615163256     306.29108114175114     5:41
1731500     3462.999999931935     66.09180739072002     261.87374521086326     5:41
1732000     3463.999999931911     34.05657971728539     418.4687057341186     5:41
1732500     3464.9999999318875     60.99639856861063     282.17162260153947     5:41
1733000     3465.999999931864     70.24104289757332     287.8362962582546     5:41
1733500     3466.99999993184     52.33526377410806     319.57649910287284     5:41
1734000     3467.9999999318165     48.600857685224355     219.65306774744639     5:41
1734500     3468.999999931793     75.2881775166627     297.1282173014422     5:41
1735000     3469.9999999317693     38.5979098891014     252.04756457076726     5:40
1735500     3470.9999999317456     34.588940450886014     236.75560724041136     5:40
1736000     3471.999999931722     40.18040987743956     333.2592145611559     5:40
1736500     3472.9999999316983     56.48525749234034     195.1538986434663     5:40
1737000     3473.9999999316747     58.24054316140672     313.70904885292464     5:40
1737500     3474.999999931651     54.40105450662992     280.6255282843601     5:40
1738000     3475.9999999316274     52.164206676417905     343.39516021031113     5:40
1738500     3476.9999999316037     50.841458404367984     301.14484187893936     5:40
1739000     3477.99999993158     65.59392091286912     258.7195643594685     5:40
1739500     3478.9999999315564     25.689627118343935     244.8427495860451     5:40
1740000     3479.999999931533     42.25920690134632     361.39208940270396     5:40
1740500     3480.999999931509     67.57572251888467     261.43864028497967     5:40
1741000     3481.9999999314855     49.114507900173635     317.4948263476976     5:40
1741500     3482.999999931462     78.52784227752744     299.81724785512256     5:40
1742000     3483.999999931438     51.88125769165936     479.4861183203025     5:40
1742500     3484.9999999314145     81.29352351056156     380.227507224824     5:40
1743000     3485.999999931391     55.13038439254291     273.73910966626346     5:40
1743500     3486.9999999313673     41.72561697316718     423.4495189446017     5:40
1744000     3487.9999999313436     64.33328600021338     218.62486331241388     5:40
1744500     3488.99999993132     47.58704371421351     246.00165811897054     5:39
1745000     3489.9999999312963     62.954603443590315     242.49790938713215     5:39
1745500     3490.9999999312727     50.28717197722182     267.9593151301221     5:39
1746000     3491.999999931249     53.67727591234501     287.474040515356     5:39
1746500     3492.9999999312254     61.58472965962079     317.38101365304794     5:39
1747000     3493.9999999312017     43.61163878231065     278.81813388451326     5:39
1747500     3494.999999931178     54.89464474503973     248.22862095506594     5:39
1748000     3495.9999999311544     67.89576526452277     412.05825444122434     5:39
1748500     3496.999999931131     67.62960673843838     389.9778720875763     5:39
1749000     3497.999999931107     43.62002723147134     310.55526402879485     5:39
1749500     3498.9999999310835     45.73070936839446     162.08889525580227     5:39
1750000     3499.99999993106     46.80976034419655     200.22226139214894     5:39
1750500     3500.999999931036     44.52135090689217     454.94551888406806     5:39
1751000     3501.9999999310126     52.93198548957872     479.80520818269105     5:39
1751500     3502.999999930989     53.40729545785035     358.77054773655794     5:39
1752000     3503.9999999309653     50.93948897007289     375.5361337571591     5:39
1752500     3504.9999999309416     57.17385079166769     239.64266909421934     5:39
1753000     3505.999999930918     64.8728037500037     351.9660562416935     5:39
1753500     3506.9999999308943     68.44808460481482     427.69521044386113     5:39
1754000     3507.9999999308707     64.68051427298894     260.42746138950446     5:38
1754500     3508.999999930847     50.598356848552896     281.1335898024856     5:38
1755000     3509.9999999308234     63.71330312204009     270.7043328758706     5:38
1755500     3510.9999999307997     73.54862407682975     257.2327404921969     5:38
1756000     3511.999999930776     63.5488528186458     325.5512822354123     5:38
1756500     3512.9999999307524     66.63516500899942     287.8657859292023     5:38
1757000     3513.999999930729     57.06826503597864     372.599438718325     5:38
1757500     3514.999999930705     57.90166174320831     169.8974158427519     5:38
1758000     3515.9999999306815     45.71816568755111     301.78548069278     5:38
1758500     3516.999999930658     44.63247394776829     369.23448669277093     5:38
1759000     3517.999999930634     45.76771525101975     281.3049533575211     5:38
1759500     3518.9999999306106     55.05933178893446     353.98211639506496     5:38
1760000     3519.999999930587     49.432748869605234     276.7133973607166     5:38
1760500     3520.9999999305633     53.29503483195083     268.29849640116424     5:38
1761000     3521.9999999305396     43.12978398335105     290.08583354606174     5:38
1761500     3522.999999930516     51.494763741606164     246.76196614220453     5:38
1762000     3523.9999999304923     44.82259264825444     394.59247206617033     5:38
1762500     3524.9999999304687     69.51676089467077     418.3198004028352     5:38
1763000     3525.999999930445     57.168703849115104     523.6347152642606     5:38
1763500     3526.9999999304214     57.64248074252902     394.907193470763     5:37
1764000     3527.9999999303977     62.19419469330563     285.33817291117566     5:37
1764500     3528.999999930374     49.79171435969852     320.6221407016917     5:37
1765000     3529.9999999303504     50.2991855659854     297.27722701613504     5:37
1765500     3530.999999930327     55.58189220467733     254.81860531846746     5:37
1766000     3531.999999930303     56.09736864018504     274.8072069216322     5:37
1766500     3532.9999999302795     57.15539520387091     266.570297839398     5:37
1767000     3533.999999930256     56.15869231603165     343.07121978893207     5:37
1767500     3534.999999930232     51.135646300773885     282.9847580268956     5:37
1768000     3535.9999999302086     65.38286930182136     278.87358252115763     5:37
1768500     3536.999999930185     65.41270169384978     309.25275941721543     5:37
1769000     3537.9999999301613     44.49168671042662     324.68582994210374     5:37
1769500     3538.9999999301376     55.41591163774444     353.3232769896343     5:37
1770000     3539.999999930114     46.0680997313973     309.9713139797846     5:37
1770500     3540.9999999300903     36.336192089733515     298.6351791260711     5:37
1771000     3541.9999999300667     80.18441283115357     221.9703545891711     5:37
1771500     3542.999999930043     67.70979496337037     275.87455155082165     5:37
1772000     3543.9999999300194     54.20628831932089     336.2533827661815     5:37
1772500     3544.9999999299957     77.75944009541143     413.5804317341212     5:37
1773000     3545.999999929972     67.39344363834306     382.093783579388     5:36
1773500     3546.9999999299484     61.424040929892556     358.735868516351     5:36
1774000     3547.999999929925     61.01867834887702     348.6774174010152     5:36
1774500     3548.999999929901     58.250926243899414     274.0953588599178     5:36
1775000     3549.9999999298775     58.40951791496326     283.20766344545115     5:36
1775500     3550.999999929854     53.85529413757661     275.0487272685224     5:36
1776000     3551.99999992983     55.32153212804434     294.43008189881573     5:36
1776500     3552.9999999298066     49.592390390323885     356.3649025910708     5:36
1777000     3553.999999929783     39.95937870053052     365.71030729408864     5:36
1777500     3554.9999999297593     50.41666673305713     336.0696009276253     5:36
1778000     3555.9999999297356     32.941933177481076     412.76223310793335     5:36
1778500     3556.999999929712     60.07546157912077     320.628344418421     5:36
1779000     3557.9999999296883     46.244991311135664     351.72077513735786     5:36
1779500     3558.9999999296647     64.74469978954374     269.689378885368     5:36
1780000     3559.999999929641     57.96036116779527     332.0162514088466     5:36
1780500     3560.9999999296174     49.36250248555325     278.5615411303296     5:36
1781000     3561.9999999295937     46.579638478750155     363.66459377581583     5:36
1781500     3562.99999992957     55.072848032930665     292.4348234940979     5:36
1782000     3563.9999999295464     45.592443181697206     339.7210515541771     5:36
1782500     3564.999999929523     53.01319563016892     418.93526479613973     5:35
1783000     3565.999999929499     70.01661473990237     326.28076029170336     5:35
1783500     3566.9999999294755     47.938201172259426     236.44198392022372     5:35
1784000     3567.999999929452     65.76880922499254     253.43363868528422     5:35
1784500     3568.999999929428     57.670993057082626     342.5386783026796     5:35
1785000     3569.9999999294046     48.86219234919912     356.9556764572317     5:35
1785500     3570.999999929381     51.10727224390445     371.1407904762535     5:35
1786000     3571.9999999293573     65.1205992416057     319.26913399191363     5:35
1786500     3572.9999999293336     40.79109200974477     284.9968619279536     5:35
1787000     3573.99999992931     53.31905751507969     201.860217372189     5:35
1787500     3574.9999999292863     54.32621644257625     338.31333611901755     5:35
1788000     3575.9999999292627     62.33575827700946     224.48417185017422     5:35
1788500     3576.999999929239     55.4896279919173     457.53490537412983     5:35
1789000     3577.9999999292154     61.09811701191211     507.8523142040361     5:35
1789500     3578.9999999291917     59.28396404506725     401.72755734702724     5:35
1790000     3579.999999929168     47.206569606889786     324.5514480485679     5:35
1790500     3580.9999999291445     63.99664778276775     259.0470569410063     5:35
1791000     3581.999999929121     53.814855228975716     380.0377402207884     5:35
1791500     3582.999999929097     74.59278841701183     281.2203239391468     5:35
1792000     3583.9999999290735     45.907509975617984     308.24074216069556     5:34
1792500     3584.99999992905     67.85791460619811     264.19012021143567     5:34
1793000     3585.999999929026     63.933445292013744     297.45609442443697     5:34
1793500     3586.9999999290026     75.89457671497877     365.1546648632209     5:34
1794000     3587.999999928979     58.87903277051015     383.90110776867715     5:34
1794500     3588.9999999289553     68.41688816602971     157.22653372274937     5:34
1795000     3589.9999999289316     58.23458624852992     230.9206267699093     5:34
1795500     3590.999999928908     75.01802526432817     217.32196247981847     5:34
1796000     3591.9999999288843     74.31803445961259     279.31268462927625     5:34
1796500     3592.9999999288607     50.57041247187357     260.302223385763     5:34
1797000     3593.999999928837     52.883371952518075     299.94676000830805     5:34
1797500     3594.9999999288134     55.646469746220816     298.9377110187639     5:34
1798000     3595.9999999287897     66.59640884432002     317.6702885681657     5:34
1798500     3596.999999928766     66.03717479361     336.60082248445406     5:34
1799000     3597.9999999287425     50.6653224400863     376.9900561190781     5:34
1799500     3598.999999928719     63.86554028217819     178.8878379999845     5:34
1800000     3599.999999928695     46.015005781399054     209.90293640321707     5:34
1800500     3600.9999999286715     44.45880300328986     275.40150753022834     5:34
1801000     3601.999999928648     52.60767121651992     296.79765388593586     5:34
1801500     3602.999999928624     53.15241656845291     368.53550186399684     5:33
1802000     3603.9999999286006     43.46407402968862     323.28168524299036     5:33
1802500     3604.999999928577     42.44547573738362     248.85274132443695     5:33
1803000     3605.9999999285533     52.416034756439046     226.99016345548452     5:33
1803500     3606.9999999285296     57.04438379699633     348.61337917227786     5:33
1804000     3607.999999928506     63.60054082104881     301.1029041367519     5:33
1804500     3608.9999999284823     41.35864146792403     392.1412430974874     5:33
1805000     3609.9999999284587     62.26941020318344     316.309385186859     5:33
1805500     3610.999999928435     58.9148573518944     291.673128891059     5:33
1806000     3611.9999999284114     55.059963999140166     227.45071555502665     5:33
1806500     3612.9999999283878     68.22789208152659     339.8769479582553     5:33
1807000     3613.999999928364     50.16176364567656     369.9592840129177     5:33
1807500     3614.9999999283405     62.733111479484194     319.50964450802854     5:33
1808000     3615.999999928317     64.19952363916838     260.29520320186424     5:33
1808500     3616.999999928293     55.56646260923901     470.03646079605824     5:33
1809000     3617.9999999282695     53.506149427912135     304.1722658147809     5:33
1809500     3618.999999928246     79.1745167009339     358.79447096087586     5:33
1810000     3619.999999928222     64.43928090061542     481.7665876561539     5:33
1810500     3620.9999999281986     65.57450795142847     270.5793081920991     5:33
1811000     3621.999999928175     59.367620380464245     299.2889342117993     5:32
1811500     3622.9999999281513     67.2439593071959     359.36455918373474     5:32
1812000     3623.9999999281276     92.92718781143788     410.5167679128972     5:32
1812500     3624.999999928104     61.04970141756888     254.39014184150406     5:32
1813000     3625.9999999280803     58.78853279004039     294.66312737848784     5:32
1813500     3626.9999999280567     51.29021080676068     356.1603795026445     5:32
1814000     3627.999999928033     53.96904344837043     338.85437833826103     5:32
1814500     3628.9999999280094     73.16584414448295     246.0968746791431     5:32
1815000     3629.9999999279858     78.92631204058301     318.6340682349455     5:32
1815500     3630.999999927962     79.92107099528079     388.66399796722425     5:32
1816000     3631.9999999279385     65.52693489450377     369.31141256708827     5:32
1816500     3632.999999927915     83.36004984256249     289.16593520543637     5:32
1817000     3633.999999927891     54.20561919314173     355.2444300760094     5:32
1817500     3634.9999999278675     62.46089912823453     347.59587701563964     5:32
1818000     3635.999999927844     73.91021401149357     322.07539830355887     5:32
1818500     3636.99999992782     62.039766304574584     202.05241624325757     5:32
1819000     3637.9999999277966     54.32784573982934     271.0369513609424     5:32
1819500     3638.999999927773     37.32246003675681     233.06157942035875     5:32
1820000     3639.9999999277493     51.0017145992648     320.02534291982977     5:32
1820500     3640.9999999277256     54.87558005636788     264.17739318552424     5:31
1821000     3641.999999927702     51.157574671921054     353.15515992816563     5:31
1821500     3642.9999999276783     65.13766183453123     351.6788882790551     5:31
1822000     3643.9999999276547     79.80723523961859     319.0446126891168     5:31
1822500     3644.999999927631     74.08936297400385     378.909619162766     5:31
1823000     3645.9999999276074     45.981817177942105     366.7828719656317     5:31
1823500     3646.9999999275838     51.12713811579721     248.35488390216912     5:31
1824000     3647.99999992756     58.8232332348835     332.55067160271847     5:31
1824500     3648.9999999275365     61.88149730127469     379.6472426125159     5:31
1825000     3649.999999927513     50.291604894712634     288.886320678184     5:31
1825500     3650.999999927489     51.185128152008474     266.42169248326763     5:31
1826000     3651.9999999274655     49.66847518071751     288.59866838621326     5:31
1826500     3652.999999927442     63.2880256783007     230.89549838948025     5:31
1827000     3653.9999999274182     57.1329407310447     210.11375572452673     5:31
1827500     3654.9999999273946     66.02195514170239     255.94992133226197     5:31
1828000     3655.999999927371     66.93319495029965     349.1578740362672     5:31
1828500     3656.9999999273473     56.47217733112501     441.32289242568663     5:31
1829000     3657.9999999273236     66.20760730462433     388.07880878300233     5:31
1829500     3658.9999999273     48.809731582031816     387.35630140720184     5:31
1830000     3659.9999999272763     63.50145324544502     213.26414273547437     5:30
1830500     3660.9999999272527     60.91501435705641     270.5951332982285     5:30
1831000     3661.999999927229     51.28005144091253     315.9182235935392     5:30
1831500     3662.9999999272054     68.7464221540335     289.70665812285387     5:30
1832000     3663.9999999271818     47.40450003371467     288.3592559060656     5:30
1832500     3664.999999927158     60.69822512635301     245.19058468978199     5:30
1833000     3665.9999999271345     53.35698962440091     334.89455499811254     5:30
1833500     3666.999999927111     71.8526003712509     234.46069346882666     5:30
1834000     3667.999999927087     57.77505884284409     300.49623049762823     5:30
1834500     3668.9999999270635     50.51651035126139     322.9794246018488     5:30
1835000     3669.99999992704     66.49207347091101     400.5331623662314     5:30
1835500     3670.9999999270162     55.62201499670488     403.95024177115425     5:30
1836000     3671.9999999269926     54.84918460277362     473.33114316973723     5:30
1836500     3672.999999926969     61.08587451016808     223.95036875358153     5:30
1837000     3673.9999999269453     64.02665011148599     463.1085896127676     5:30
1837500     3674.9999999269216     45.86461478247435     303.73813933199307     5:30
1838000     3675.999999926898     57.809284770549084     395.8755041101353     5:30
1838500     3676.9999999268744     51.293952627118756     462.68271227715695     5:30
1839000     3677.9999999268507     42.547614850752325     402.3595711365411     5:30
1839500     3678.999999926827     52.17024695586895     304.6250169134588     5:29
1840000     3679.9999999268034     52.15579434563023     169.2982631614847     5:29
1840500     3680.9999999267798     39.69233636069765     233.9666890779695     5:29
1841000     3681.999999926756     65.3035814574531     347.6738083613323     5:29
1841500     3682.9999999267325     47.57666188129116     366.51530187913704     5:29
1842000     3683.999999926709     60.32174020419512     360.1876851912274     5:29
1842500     3684.999999926685     73.57929662901245     346.3982035723442     5:29
1843000     3685.9999999266615     62.56487712486995     285.23271084084604     5:29
1843500     3686.999999926638     39.847171610234284     218.65053078108224     5:29
1844000     3687.9999999266142     68.79089750813114     205.55586759741865     5:29
1844500     3688.9999999265906     51.56403050178858     366.8437143182793     5:29
1845000     3689.999999926567     53.648039736027954     204.365587024333     5:29
1845500     3690.9999999265433     39.07717353509929     276.68530732506844     5:29
1846000     3691.9999999265196     41.39684512814597     328.5351184688489     5:29
1846500     3692.999999926496     60.62114971334569     275.52485133837126     5:29
1847000     3693.9999999264724     67.02004517428549     398.40790820556225     5:29
1847500     3694.9999999264487     53.985724689980486     314.11627415686354     5:29
1848000     3695.999999926425     39.99706162607657     345.16440678495775     5:29
1848500     3696.9999999264014     60.126145502046086     317.00776124965154     5:29
1849000     3697.9999999263778     55.87210608414392     282.6437841706016     5:28
1849500     3698.999999926354     51.90279159196808     307.2408840940272     5:28
1850000     3699.9999999263305     60.11120235971396     295.8702398913907     5:28
1850500     3700.999999926307     54.1498243753702     282.32321618100957     5:28
1851000     3701.999999926283     87.21776885142668     308.92732373376924     5:28
1851500     3702.9999999262595     61.13617813538309     294.54754370183485     5:28
1852000     3703.999999926236     71.6173327984655     351.11760410654705     5:28
1852500     3704.9999999262122     65.71747272182546     287.7586586165366     5:28
1853000     3705.9999999261886     48.069133463842434     342.84663590452726     5:28
1853500     3706.999999926165     39.008154530711124     228.28650348805846     5:28
1854000     3707.9999999261413     41.87882430606396     292.5839215592961     5:28
1854500     3708.9999999261177     50.20476463285064     353.6322313440574     5:28
1855000     3709.999999926094     44.653195491068686     280.70259918138186     5:28
1855500     3710.9999999260704     60.10697240308389     291.60540425686395     5:28
1856000     3711.9999999260467     47.804474850361146     332.8839942277548     5:28
1856500     3712.999999926023     65.17896070577564     304.199047933574     5:28
1857000     3713.9999999259994     70.51798136657328     234.05864819763764     5:28
1857500     3714.9999999259758     44.4984296871807     466.7564427898392     5:28
1858000     3715.999999925952     63.906281107478264     277.0548245461657     5:28
1858500     3716.9999999259285     69.67652914523285     345.1616504816943     5:27
1859000     3717.999999925905     53.22870982886997     318.7829923116486     5:27
1859500     3718.999999925881     40.27115374652942     215.61495505799525     5:27
1860000     3719.9999999258575     50.630404543345605     271.51596953953026     5:27
1860500     3720.999999925834     52.534679672337234     282.1437352295504     5:27
1861000     3721.9999999258102     47.02538138222286     392.24481120229774     5:27
1861500     3722.9999999257866     91.29677874147416     278.6322863442995     5:27
1862000     3723.999999925763     66.25687443808971     346.98370237083674     5:27
1862500     3724.9999999257393     40.29772588527993     296.87210584922985     5:27
1863000     3725.9999999257157     65.23868350756646     320.40405561695377     5:27
1863500     3726.999999925692     56.01450344892902     374.67101665326754     5:27
1864000     3727.9999999256684     64.56249303017819     289.14153927685254     5:27
1864500     3728.9999999256447     48.00249722918403     401.56470082189384     5:27
1865000     3729.999999925621     53.403310215363945     388.3948875594203     5:27
1865500     3730.9999999255974     64.48858513815009     274.2658045099967     5:27
1866000     3731.999999925574     56.42797404958429     293.17910239128565     5:27
1866500     3732.99999992555     71.87692795819078     441.04725502742957     5:27
1867000     3733.9999999255265     67.54949845930042     299.7861688211302     5:27
1867500     3734.999999925503     78.31684191934363     397.9809463481242     5:27
1868000     3735.999999925479     72.60950785466565     376.6402891593709     5:26
1868500     3736.9999999254555     59.28551851705066     382.9994824341184     5:26
1869000     3737.999999925432     50.58486236305663     197.0994207512402     5:26
1869500     3738.9999999254082     73.6645507347115     326.7259564534242     5:26
1870000     3739.9999999253846     57.86966374101843     269.4768736630103     5:26
1870500     3740.999999925361     58.70482083495682     391.70563969844045     5:26
1871000     3741.9999999253373     69.14727671267445     338.98551315697665     5:26
1871500     3742.9999999253137     49.823794292870616     289.7921417898636     5:26
1872000     3743.99999992529     57.9870900319151     301.73509804213955     5:26
1872500     3744.9999999252664     52.951402805583655     275.10946543151147     5:26
1873000     3745.9999999252427     49.09497925564898     205.64105857310605     5:26
1873500     3746.999999925219     62.91685861471143     217.81131413156643     5:26
1874000     3747.9999999251954     53.501531003302205     312.60219004150196     5:26
1874500     3748.999999925172     53.62588742663917     231.8474877019165     5:26
1875000     3749.999999925148     35.26614923602705     198.2958348123332     5:26
1875500     3750.9999999251245     68.99583093377385     420.9316401275579     5:26
1876000     3751.999999925101     62.793789615648336     249.25707469933675     5:26
1876500     3752.999999925077     56.7251395648525     228.42539443003793     5:26
1877000     3753.9999999250535     59.603809499800036     227.96468178348388     5:26
1877500     3754.99999992503     56.896772290905744     325.4855482969771     5:26
1878000     3755.9999999250063     59.95201452713036     277.15965033785636     5:25
1878500     3756.9999999249826     63.06268951557212     386.3069849311162     5:25
1879000     3757.999999924959     59.3783487369173     252.77483144253753     5:25
1879500     3758.9999999249353     61.26761895948249     241.11292241008258     5:25
1880000     3759.9999999249117     55.81072612377807     229.30086182710767     5:25
1880500     3760.999999924888     68.92021995848546     441.3718271742965     5:25
1881000     3761.9999999248644     59.97769950547399     380.5308923973967     5:25
1881500     3762.9999999248407     57.365713875667495     292.3480049303913     5:25
1882000     3763.999999924817     59.83438224960673     229.6923915112045     5:25
1882500     3764.9999999247934     44.072500652234     306.26425407270096     5:25
1883000     3765.99999992477     52.2282296308432     303.84974277963295     5:25
1883500     3766.999999924746     55.507178060195315     305.2156398475065     5:25
1884000     3767.9999999247225     60.96425324953344     193.21079445264562     5:25
1884500     3768.999999924699     73.58716336526669     405.9567540636711     5:25
1885000     3769.999999924675     57.00879199501372     367.87861721349555     5:25
1885500     3770.9999999246515     53.09417632248886     346.8130981263938     5:25
1886000     3771.999999924628     61.40479571087877     322.3682264626306     5:25
1886500     3772.9999999246043     93.69070762470295     275.39559454914615     5:25
1887000     3773.9999999245806     66.72404198219402     225.78593061686308     5:25
1887500     3774.999999924557     48.99488396884374     265.70105170564227     5:24
1888000     3775.9999999245333     47.50230366459863     279.90400191280287     5:24
1888500     3776.9999999245097     52.450859668888825     236.35021036567935     5:24
1889000     3777.999999924486     52.35918225149686     227.44345986665604     5:24
1889500     3778.9999999244624     43.27562882302635     474.46664730748375     5:24
1890000     3779.9999999244387     43.9081826385077     299.8949289712591     5:24
1890500     3780.999999924415     49.49688633880743     238.97759801135257     5:24
1891000     3781.9999999243914     72.77229962547261     330.3225752257653     5:24
1891500     3782.999999924368     66.13495079352083     232.2109165366315     5:24
1892000     3783.999999924344     62.3552492340599     297.10755762078855     5:24
1892500     3784.9999999243205     62.87889302782861     461.6406775489659     5:24
1893000     3785.999999924297     66.46603628076275     317.5190178204246     5:24
1893500     3786.999999924273     42.59532830909001     264.5111763569444     5:24
1894000     3787.9999999242496     58.71069499414273     458.5264177571314     5:24
1894500     3788.999999924226     58.08069429732933     363.20929746570687     5:24
1895000     3789.9999999242023     50.34198577946512     493.9078795552199     5:24
1895500     3790.9999999241786     72.83811134502986     210.58096617777323     5:24
1896000     3791.999999924155     50.30859561833421     284.4380054568296     5:24
1896500     3792.9999999241313     63.76673521452301     243.54636057076917     5:24
1897000     3793.9999999241077     70.12330917150666     163.42283472528396     5:23
1897500     3794.999999924084     53.51688181650701     223.98262652087757     5:23
1898000     3795.9999999240604     44.10140800209075     259.3778239647083     5:23
1898500     3796.9999999240367     54.383525638848994     224.97410204273086     5:23
1899000     3797.999999924013     37.469382532801944     280.8543841869468     5:23
1899500     3798.9999999239894     64.11196374814978     259.25410622903627     5:23
1900000     3799.999999923966     76.89666389720293     224.3622854499757     5:23
1900500     3800.999999923942     54.76313036267055     247.48403176547862     5:23
1901000     3801.9999999239185     62.47130170091708     346.0787119549236     5:23
1901500     3802.999999923895     54.60598683374218     377.44346616527446     5:23
1902000     3803.999999923871     43.8392305986099     341.8331465270883     5:23
1902500     3804.9999999238476     56.52186555590657     280.7208492763799     5:23
1903000     3805.999999923824     70.65143069444281     232.10774135906826     5:23
1903500     3806.9999999238003     52.309042808896265     325.28197245771815     5:23
1904000     3807.9999999237766     46.74293056832664     325.57565980607865     5:23
1904500     3808.999999923753     65.66715213398498     295.0183051285145     5:23
1905000     3809.9999999237293     72.15562317484824     258.49340963795504     5:23
1905500     3810.9999999237057     42.514689771171675     251.64452506576717     5:23
1906000     3811.999999923682     58.32974345255968     361.21876310050595     5:23
1906500     3812.9999999236584     65.90057147304793     337.17476867937677     5:22
1907000     3813.9999999236347     47.2542649564798     426.56444761369903     5:22
1907500     3814.999999923611     54.82021755951922     248.10539772671422     5:22
1908000     3815.9999999235874     79.97737980089875     161.88963454434676     5:22
1908500     3816.999999923564     54.894350756238566     336.8718050123397     5:22
1909000     3817.99999992354     52.883204655206725     276.9209971683012     5:22
1909500     3818.9999999235165     40.60486242137637     173.93379290977694     5:22
1910000     3819.999999923493     48.3202244826561     191.1874811781057     5:22
1910500     3820.999999923469     34.466244963919394     184.00463479294868     5:22
1911000     3821.9999999234456     44.09717141243283     192.09553701506576     5:22
1911500     3822.999999923422     42.6980242375688     300.9501321872614     5:22
1912000     3823.9999999233983     34.90568042361582     296.47282090163975     5:22
1912500     3824.9999999233746     62.30458951645306     164.10768008256878     5:22
1913000     3825.999999923351     40.25635533351817     260.95707655589615     5:22
1913500     3826.9999999233273     37.23929695875421     294.3538911162024     5:22
1914000     3827.9999999233037     43.62331757419912     177.47872305213355     5:22
1914500     3828.99999992328     44.04732465225055     242.9676861706806     5:22
1915000     3829.9999999232564     35.56627816022694     360.90915408530753     5:22
1915500     3830.9999999232327     54.22008802344334     230.23301183741017     5:22
1916000     3831.999999923209     49.947325426528835     199.68164445658766     5:21
1916500     3832.9999999231854     48.40010886892941     247.6589845597911     5:21
1917000     3833.999999923162     49.902184254553106     395.32833412459684     5:21
1917500     3834.999999923138     44.01971186754048     229.82721317131782     5:21
1918000     3835.9999999231145     59.5623737528594     243.5749313029164     5:21
1918500     3836.999999923091     58.49490763822911     339.4220331440781     5:21
1919000     3837.999999923067     57.09639994896594     265.3816437039343     5:21
1919500     3838.9999999230436     61.5173495275443     284.8437989400798     5:21
1920000     3839.99999992302     53.94480238382232     255.7037963449752     5:21
1920500     3840.9999999229963     51.572220933824894     234.78518796993706     5:21
1921000     3841.9999999229726     54.45450973003432     384.32398830746143     5:21
1921500     3842.999999922949     60.622370313734734     286.39578735971776     5:21
1922000     3843.9999999229253     40.95852943978201     330.4526398602355     5:21
1922500     3844.9999999229017     55.69025888781948     362.02642815707685     5:21
1923000     3845.999999922878     47.82036009778233     320.1407732424807     5:21
1923500     3846.9999999228544     52.32277425282001     238.05487020220164     5:21
1924000     3847.9999999228307     37.19585287685078     341.15962970021684     5:21
1924500     3848.999999922807     44.04363415184139     259.8092343475876     5:21
1925000     3849.9999999227834     63.68251995369042     327.25954816755797     5:21
1925500     3850.99999992276     63.15231740567316     288.93770211578664     5:20
1926000     3851.999999922736     65.95556201721575     270.9401835809608     5:20
1926500     3852.9999999227125     68.88187065189828     353.88579477544744     5:20
1927000     3853.999999922689     68.75142194344562     458.7110102503238     5:20
1927500     3854.999999922665     51.538965025870766     305.6017590682388     5:20
1928000     3855.9999999226416     82.03077175432145     221.3458135861445     5:20
1928500     3856.999999922618     53.18851101196884     264.43150183253243     5:20
1929000     3857.9999999225943     46.62222462323217     279.04567622724386     5:20
1929500     3858.9999999225706     69.72275836091688     314.07784963086203     5:20
1930000     3859.999999922547     54.171708694636095     405.4461146386149     5:20
1930500     3860.9999999225233     95.804945535184     378.8110157363488     5:20
1931000     3861.9999999224997     65.58561821687516     304.05719102541326     5:20
1931500     3862.999999922476     74.1171300550916     205.77066304869456     5:20
1932000     3863.9999999224524     44.072137958429835     301.6551172941012     5:20
1932500     3864.9999999224287     67.37237284190724     205.4359950159638     5:20
1933000     3865.999999922405     51.493766660213     313.3866568904013     5:20
1933500     3866.9999999223814     41.5549000755812     385.4731512686359     5:20
1934000     3867.999999922358     77.5718446588549     201.23321451914546     5:20
1934500     3868.999999922334     45.7813291033205     238.188485810105     5:20
1935000     3869.9999999223105     68.47008686270175     228.03747155602173     5:19
1935500     3870.999999922287     57.16971673304465     201.76362178850476     5:19
1936000     3871.999999922263     60.655937479074225     188.89150143636218     5:19
1936500     3872.9999999222396     61.69018390061012     262.90393322130245     5:19
1937000     3873.999999922216     38.93704285985285     346.5263641177998     5:19
1937500     3874.9999999221923     47.33113993425877     247.70121106378627     5:19
1938000     3875.9999999221686     46.61777432512457     397.99386228136603     5:19
1938500     3876.999999922145     68.43956002838564     275.4241473184465     5:19
1939000     3877.9999999221213     55.36001135250223     369.48842890757726     5:19
1939500     3878.9999999220977     44.94448913339295     281.1536235217468     5:19
1940000     3879.999999922074     63.36399091968053     303.4720292085354     5:19
1940500     3880.9999999220504     33.97990406781042     391.22576698059044     5:19
1941000     3881.9999999220267     45.39674418796977     393.55012089398207     5:19
1941500     3882.999999922003     69.22864854288815     184.7509887675312     5:19
1942000     3883.9999999219795     61.9822459949026     260.0522974376758     5:19
1942500     3884.999999921956     55.972745074140335     357.6839376596885     5:19
1943000     3885.999999921932     48.624993738528076     356.5410118857473     5:19
1943500     3886.9999999219085     54.26022445906574     251.9407421254702     5:19
1944000     3887.999999921885     62.91647834764848     303.0643701443033     5:19
1944500     3888.999999921861     48.73303394950932     261.3442372857099     5:18
1945000     3889.9999999218376     53.384193242653225     245.45743273855365     5:18
1945500     3890.999999921814     53.91466602718816     246.68457439334782     5:18
1946000     3891.9999999217903     43.85465415866696     271.57575628770326     5:18
1946500     3892.9999999217666     59.52107784299625     389.9227040751931     5:18
1947000     3893.999999921743     37.8549625403146     460.4803227366754     5:18
1947500     3894.9999999217193     39.657805278342096     300.3268979385831     5:18
1948000     3895.9999999216957     57.74432450381744     189.95934511996822     5:18
1948500     3896.999999921672     64.89019231455683     278.01672124885647     5:18
1949000     3897.9999999216484     54.05227921173008     182.16959741694401     5:18
1949500     3898.9999999216247     43.87595005855002     276.2766229057536     5:18
1950000     3899.999999921601     35.26577708212682     279.29821597465445     5:18
1950500     3900.9999999215775     44.16051924236268     212.59701407638713     5:18
1951000     3901.999999921554     50.690389871197965     236.09575131979224     5:18
1951500     3902.99999992153     46.3514175179929     289.59428800207934     5:18
1952000     3903.9999999215065     47.177551851724104     308.5097868868739     5:18
1952500     3904.999999921483     60.49049497290258     196.574409595554     5:18
1953000     3905.999999921459     66.23576978816936     304.4553637932053     5:18
1953500     3906.9999999214356     70.6968564373355     292.44314035728735     5:18
1954000     3907.999999921412     52.70946713779625     465.5529498624806     5:17
1954500     3908.9999999213883     74.73148606219951     567.8398505253139     5:17
1955000     3909.9999999213646     70.02041605105461     322.72179433470035     5:17
1955500     3910.999999921341     62.34800452381961     258.68045221078444     5:17
1956000     3911.9999999213173     51.10502960666258     232.9629327874445     5:17
1956500     3912.9999999212937     54.6406175189029     474.8314617532482     5:17
1957000     3913.99999992127     72.55395314909998     263.3946142962784     5:17
1957500     3914.9999999212464     47.399560626314496     257.03314057098896     5:17
1958000     3915.9999999212228     56.86206547215403     237.29153094288188     5:17
1958500     3916.999999921199     56.01537943093177     320.11839033947194     5:17
1959000     3917.9999999211755     55.321358273461954     277.200008596792     5:17
1959500     3918.999999921152     76.31039871175443     276.57527665204833     5:17
1960000     3919.999999921128     47.78113114702586     629.0242639728327     5:17
1960500     3920.9999999211045     69.76744222575462     269.9232729464556     5:17
1961000     3921.999999921081     58.31099255128362     315.71789415097163     5:17
1961500     3922.999999921057     44.23025838568617     267.9600944757902     5:17
1962000     3923.9999999210336     42.24531411873767     330.5062455605588     5:17
1962500     3924.99999992101     44.69249228575461     381.7643784080058     5:17
1963000     3925.9999999209863     56.173746521574174     368.6152726827096     5:17
1963500     3926.9999999209626     52.27405115626573     358.4396493253858     5:16
1964000     3927.999999920939     40.08520864429016     370.94300605136596     5:16
1964500     3928.9999999209153     50.32596119737025     377.31731714382283     5:16
1965000     3929.9999999208917     49.51155671843509     392.12613477358224     5:16
1965500     3930.999999920868     65.33720769222742     345.666720095209     5:17
1966000     3931.9999999208444     57.53862243839518     369.971997379376     5:16
1966500     3932.9999999208208     60.81003725372949     382.07464484493283     5:16
1967000     3933.999999920797     39.18991886513277     296.361450445762     5:16
1967500     3934.9999999207735     43.68319552875835     267.1773584237033     5:16
1968000     3935.99999992075     78.99389370720479     246.9335773111561     5:16
1968500     3936.999999920726     54.22114535317388     278.8835818220941     5:16
1969000     3937.9999999207025     47.99245875475293     308.8466196038595     5:16
1969500     3938.999999920679     41.13704814451518     279.8300046409765     5:16
1970000     3939.9999999206552     49.125802962151795     286.9689671721325     5:16
1970500     3940.9999999206316     62.94405159128888     199.72136449937324     5:16
1971000     3941.999999920608     45.73532142246262     378.2882033166748     5:16
1971500     3942.9999999205843     53.04959420906249     252.94443806252502     5:16
1972000     3943.9999999205606     45.83744436716114     305.55487808137445     5:16
1972500     3944.999999920537     48.24623199798435     269.19887175044926     5:16
1973000     3945.9999999205133     49.21924101426572     285.3048514018585     5:16
1973500     3946.9999999204897     60.93613264803531     305.70367098857736     5:16
1974000     3947.999999920466     51.6910691737022     240.78026173570703     5:16
1974500     3948.9999999204424     52.15126558356127     276.413132840366     5:16
1975000     3949.9999999204188     33.88310137728172     377.54826894902106     5:16
1975500     3950.999999920395     62.75798968606813     238.07762985424006     5:15
1976000     3951.9999999203715     73.37752133579778     260.03657366337586     5:15
1976500     3952.999999920348     67.30382998063317     274.8920657413184     5:15
1977000     3953.999999920324     63.76866048431839     231.4310974377503     5:15
1977500     3954.9999999203005     68.86439704650178     392.7898586444473     5:15
1978000     3955.999999920277     68.16696463121627     347.64203167803765     5:15
1978500     3956.9999999202532     55.92068174528407     428.9541235506701     5:15
1979000     3957.9999999202296     58.237284919395904     314.3420882154913     5:15
1979500     3958.999999920206     43.20355503569914     212.93969681745432     5:15
1980000     3959.9999999201823     42.470328318531585     231.55724079198203     5:15
1980500     3960.9999999201586     56.41728744331368     368.2292812166142     5:15
1981000     3961.999999920135     71.9674887820953     558.3938850737471     5:15
1981500     3962.9999999201113     64.68865387823996     394.093889433505     5:15
1982000     3963.9999999200877     53.55715729386435     447.17629668905516     5:15
1982500     3964.999999920064     36.56753946055261     241.6184774669985     5:15
1983000     3965.9999999200404     47.07690662937057     259.200588491716     5:15
1983500     3966.9999999200168     51.02002170120551     372.7836258841993     5:15
1984000     3967.999999919993     50.31228248429346     344.80248509167467     5:15
1984500     3968.9999999199695     56.8742772131331     238.14516151233147     5:15
1985000     3969.999999919946     59.672238681344936     232.97314482709757     5:14
1985500     3970.999999919922     57.15810104872514     257.6133047233475     5:14
1986000     3971.9999999198985     52.16932777622327     193.52404930666344     5:14
1986500     3972.999999919875     50.652423408228685     209.47355207567477     5:14
1987000     3973.9999999198512     61.37001469973751     233.02149512548996     5:14
1987500     3974.9999999198276     42.6813813171031     423.420332471433     5:14
1988000     3975.999999919804     58.150326127385085     312.08504372767015     5:14
1988500     3976.9999999197803     68.69529390149506     253.10426858285257     5:14
1989000     3977.9999999197566     78.63176874568956     305.8169993054569     5:14
1989500     3978.999999919733     56.45766967303092     261.33220563252536     5:14
1990000     3979.9999999197094     56.05445588148865     323.4744372734724     5:14
1990500     3980.9999999196857     74.7314155319554     413.00168283673156     5:14
1991000     3981.999999919662     51.787479240383334     214.16609362033242     5:14
1991500     3982.9999999196384     50.589239220050274     135.0879876255229     5:14
1992000     3983.9999999196148     46.26673938555086     248.6050174908969     5:14
1992500     3984.999999919591     43.8248292213284     294.5920166530525     5:14
1993000     3985.9999999195675     67.17063692723349     358.2224504097784     5:14
1993500     3986.999999919544     50.18415217121594     297.49371294128787     5:14
1994000     3987.99999991952     66.42300744284364     245.48538785077386     5:14
1994500     3988.9999999194965     74.93529352523024     329.5481990314498     5:13
1995000     3989.999999919473     53.07241996714879     300.1906575844187     5:13
1995500     3990.9999999194492     46.6475301850482     190.08869297221412     5:13
1996000     3991.9999999194256     42.97693673680703     316.4944575531083     5:13
1996500     3992.999999919402     44.567383667927004     328.3931645882586     5:13
1997000     3993.9999999193783     52.59840592888344     288.2625482858031     5:13
1997500     3994.9999999193547     46.707334937395046     315.5565573126544     5:13
1998000     3995.999999919331     44.91067614818962     280.05706524579574     5:13
1998500     3996.9999999193074     45.82395956345459     405.7729946518057     5:13
1999000     3997.9999999192837     49.305279744307086     382.7717537754785     5:13
1999500     3998.99999991926     69.05666289138043     332.2474780499916     5:13
2000000     3999.9999999192364     62.0677081284465     394.9065168434558     5:13
2000500     4000.9999999192128     50.79770980266977     312.16024841401895     5:13
2001000     4001.999999919189     48.470807177824724     405.814665671374     5:13
2001500     4002.9999999191655     90.23910638188471     341.21177257967423     5:13
2002000     4003.999999919142     77.09311210106148     433.51880384689633     5:13
2002500     4004.999999919118     62.487865558458736     315.2313611903438     5:13
2003000     4005.9999999190945     89.89653459320624     318.0332246393204     5:13
2003500     4006.999999919071     72.43431736735681     437.81198362164946     5:13
2004000     4007.9999999190472     57.96028298520656     267.61893676785877     5:12
2004500     4008.9999999190236     49.616247185456075     231.1952339935247     5:12
2005000     4009.999999919     41.94715474551316     217.19426722764888     5:12
2005500     4010.9999999189763     49.934035717443294     325.5044336049829     5:12
2006000     4011.9999999189527     56.783249880773155     285.3395931067978     5:12
2006500     4012.999999918929     41.08885504787372     346.88256719869037     5:12
2007000     4013.9999999189054     55.43484780583725     247.9071471790437     5:12
2007500     4014.9999999188817     63.95933408646357     322.5615153774332     5:12
2008000     4015.999999918858     47.226294135748674     266.8137909600705     5:12
2008500     4016.9999999188344     73.42615923195063     366.13475145275294     5:12
2009000     4017.9999999188108     67.07056912616281     292.87544751717047     5:12
2009500     4018.999999918787     48.550386706713596     377.28637286372617     5:12
2010000     4019.9999999187635     40.27541720647531     441.93705195371615     5:12
2010500     4020.99999991874     53.43294161747548     393.0482255533087     5:12
2011000     4021.999999918716     40.13407332801967     253.70370399542423     5:12
2011500     4022.9999999186925     54.42749450193509     276.8399790283925     5:12
2012000     4023.999999918669     43.9332483506152     333.61028110642036     5:12
2012500     4024.9999999186452     40.77078142498516     235.7703363556052     5:12
2013000     4025.9999999186216     40.248631342122565     272.38517159490885     5:12
2013500     4026.999999918598     57.59392043887527     176.2659105753823     5:12
2014000     4027.9999999185743     39.46386807900393     283.1507293917179     5:11
2014500     4028.9999999185507     61.18005961404259     335.7410870113402     5:11
2015000     4029.999999918527     51.63533006061806     347.86979816658135     5:11
2015500     4030.9999999185034     54.11153964239867     306.74371565069964     5:11
2016000     4031.9999999184797     56.22891454823258     386.53877151296354     5:11
2016500     4032.999999918456     72.83970772292759     260.8587476263613     5:11
2017000     4033.9999999184324     49.68674999238567     366.1365397754804     5:11
2017500     4034.999999918409     49.020035241815265     303.65160945743753     5:11
2018000     4035.999999918385     51.33193780931356     431.3585283015634     5:11
2018500     4036.9999999183615     50.08976639349078     399.2438536582449     5:11
2019000     4037.999999918338     47.1032848924483     382.05255624985716     5:11
2019500     4038.999999918314     41.914230271863346     328.4597419252672     5:11
2020000     4039.9999999182905     74.50591646466512     325.46404211773233     5:11
2020500     4040.999999918267     70.46161664308858     277.98607132513075     5:11
2021000     4041.9999999182432     62.708812751887024     364.4677645816839     5:11
2021500     4042.9999999182196     51.38070372239065     356.0028975605923     5:11
2022000     4043.999999918196     33.76290256052232     347.61094639557206     5:11
2022500     4044.9999999181723     59.13355983744549     289.1563620600622     5:11
2023000     4045.9999999181487     51.46108244627072     278.5277953060858     5:11
2023500     4046.999999918125     42.557169337095274     209.0301451085614     5:10
2024000     4047.9999999181014     52.22901721826628     252.9992171195588     5:10
2024500     4048.9999999180777     47.98361773550141     396.0530000814923     5:10
2025000     4049.999999918054     85.48041169645654     286.0963217720613     5:10
2025500     4050.9999999180304     55.38002779229214     540.1569263523652     5:10
2026000     4051.999999918007     66.9680231364776     344.60838063002046     5:10
2026500     4052.999999917983     82.70354648632116     274.1248472941884     5:10
2027000     4053.9999999179595     54.5503282095184     373.5680379984106     5:10
2027500     4054.999999917936     78.17262974171439     288.13892001470526     5:10
2028000     4055.999999917912     56.84198846971225     251.4176417432118     5:10
2028500     4056.9999999178885     50.09683230308309     299.62721616285444     5:10
2029000     4057.999999917865     37.68428685182897     220.29800800541847     5:10
2029500     4058.9999999178413     60.39531793123348     227.0951694357057     5:10
2030000     4059.9999999178176     58.537562724693714     272.6165133242121     5:10
2030500     4060.999999917794     62.24117614883761     197.72171889143976     5:10
2031000     4061.9999999177703     42.537433605743274     219.1245965360345     5:10
2031500     4062.9999999177467     41.39796902387519     334.8764864479027     5:10
2032000     4063.999999917723     63.64283466231035     373.73550434678276     5:10
2032500     4064.9999999176994     58.8342342792854     307.3499383099004     5:10
2033000     4065.9999999176757     62.43277586540938     272.5563297737698     5:09
2033500     4066.999999917652     73.10898365426016     335.00732598992965     5:09
2034000     4067.9999999176284     75.63198547119413     411.7651878714141     5:09
2034500     4068.999999917605     79.74062174717159     317.44773422056323     5:09
2035000     4069.999999917581     72.24891173968018     254.20351123196815     5:09
2035500     4070.9999999175575     69.34715935405171     287.08731044581776     5:09
2036000     4071.999999917534     58.8955062437509     331.72686921010745     5:09
2036500     4072.99999991751     56.95916092918742     316.4848957906117     5:09
2037000     4073.9999999174865     41.59086937847411     256.5827072199414     5:09
2037500     4074.999999917463     59.42142633236989     295.9928104267519     5:09
2038000     4075.9999999174393     45.91989405689009     197.19880925714727     5:09
2038500     4076.9999999174156     47.982224381954666     170.60014621950938     5:09
2039000     4077.999999917392     66.59344897641967     204.3667259054557     5:09
2039500     4078.9999999173683     50.088116852442965     332.1171042856285     5:09
2040000     4079.9999999173447     54.95563851021518     208.68816180899435     5:09
2040500     4080.999999917321     56.949526190498034     280.4628112115867     5:09
2041000     4081.9999999172974     66.68528201663764     387.1267042128757     5:09
2041500     4082.9999999172737     44.29542515882497     222.0853279013959     5:09
2042000     4083.99999991725     41.006692813162886     223.40749081524572     5:09
2042500     4084.9999999172264     46.20102850000137     235.82464643808186     5:08
2043000     4085.999999917203     50.67662929963831     256.39845873184146     5:08
2043500     4086.999999917179     47.04900518762969     329.1893454596197     5:08
2044000     4087.9999999171555     66.1327915046632     296.812150731344     5:08
2044500     4088.999999917132     73.32922862500101     244.42172681765106     5:08
2045000     4089.999999917108     33.82494606231063     366.41502831816825     5:08
2045500     4090.9999999170846     47.02714448407909     237.83970901543563     5:08
2046000     4091.999999917061     50.813456342770394     283.496252620905     5:08
2046500     4092.9999999170373     105.25894549684381     339.3200320982298     5:08
2047000     4093.9999999170136     66.17503221771562     313.0842528734398     5:08
2047500     4094.99999991699     44.52497914759056     382.32151921306786     5:08
2048000     4095.9999999169663     45.960615198341486     256.90093789304126     5:08
2048500     4096.99999991717     60.731563381056105     331.4800555829448     5:08
2049000     4097.999999917373     53.32788850086439     444.18254572704075     5:08
2049500     4098.999999917577     45.60687062287104     264.8488785320276     5:08
2050000     4099.999999917781     63.41604207294603     212.15098778804375     5:08
2050500     4100.9999999179845     45.739869846914814     243.52011746755875     5:08
2051000     4101.999999918188     39.260359970603474     287.12697047419766     5:08
2051500     4102.999999918392     45.0886824379665     264.94391383803855     5:08
2052000     4103.999999918596     41.80973544858824     217.69107052279435     5:07
2052500     4104.999999918799     59.78515637529625     302.2941693832424     5:07
2053000     4105.999999919003     62.81186474157619     240.4492220799771     5:07
2053500     4106.999999919207     51.87007163210336     301.23447026965295     5:07
2054000     4107.999999919411     36.94796847027658     272.37490239867896     5:07
2054500     4108.999999919614     72.16618335188093     325.4011197985019     5:07
2055000     4109.999999919818     63.19693641920304     340.60317598502184     5:07
2055500     4110.999999920022     83.64048708020005     210.14837536626794     5:07
2056000     4111.9999999202255     53.54404493272392     289.33525110188623     5:07
2056500     4112.999999920429     46.58817611777687     301.83883858543606     5:07
2057000     4113.999999920633     58.17691834232215     392.168563166232     5:07
2057500     4114.999999920837     47.22699376372708     271.4415847109953     5:07
2058000     4115.99999992104     45.21878244718397     252.52362155429498     5:07
2058500     4116.999999921244     57.1984369822888     202.438843237625     5:07
2059000     4117.999999921448     58.29045059021104     261.21966055450025     5:07
2059500     4118.999999921652     39.72250144637184     274.26294756211473     5:07
2060000     4119.999999921855     55.6800181627288     316.68118583742154     5:07
2060500     4120.999999922059     68.17816670499832     306.6709435579504     5:07
2061000     4121.999999922263     65.30243136732679     319.49848231294146     5:07
2061500     4122.9999999224665     44.19649790221138     327.02237852601843     5:06
2062000     4123.99999992267     40.465682840412455     314.05882424080505     5:06
2062500     4124.999999922874     64.95352272649762     204.666016874926     5:06
2063000     4125.999999923078     42.555369515939844     197.25589114297603     5:06
2063500     4126.999999923281     62.23126203381787     273.1231919922415     5:06
2064000     4127.999999923485     62.42749043163906     204.92890598308753     5:06
2064500     4128.999999923689     46.645816569074725     456.8972910150861     5:06
2065000     4129.999999923893     56.37468023851312     343.71669734294574     5:06
2065500     4130.999999924096     50.75116407601894     349.49285265202417     5:06
2066000     4131.9999999243     57.68225236452719     363.0528490647218     5:06
2066500     4132.999999924504     52.40934287656245     374.03608729707946     5:06
2067000     4133.9999999247075     50.80273675528048     271.87694538834154     5:06
2067500     4134.999999924911     61.38702698051242     230.18139111718907     5:06
2068000     4135.999999925115     42.41460181289983     457.5331875768057     5:06
2068500     4136.999999925319     70.73884871676938     217.3796960474992     5:06
2069000     4137.999999925522     59.18490455942214     315.6994134921549     5:06
2069500     4138.999999925726     52.74923529893056     286.2327578148449     5:06
2070000     4139.99999992593     60.97512972532678     205.81584251332785     5:06
2070500     4140.999999926134     54.63730507212159     329.58429350662567     5:06
2071000     4141.999999926337     55.034528630696116     235.07232861366913     5:05
2071500     4142.999999926541     58.840346530701765     259.61509108727404     5:05
2072000     4143.999999926745     62.31154941498818     346.74209919534786     5:05
2072500     4144.9999999269485     65.32406497216226     253.89877600167438     5:05
2073000     4145.999999927152     48.09001279202931     291.9939331359084     5:05
2073500     4146.999999927356     41.25609599347115     293.7690446776907     5:05
2074000     4147.99999992756     48.772342911014164     456.484518229421     5:05
2074500     4148.999999927763     67.3185159426526     272.77593502970166     5:05
2075000     4149.999999927967     81.06273813299936     322.5696321804941     5:05
2075500     4150.999999928171     55.094690487273056     348.7026467015527     5:05
2076000     4151.999999928375     53.96689531446509     298.2265148326526     5:05
2076500     4152.999999928578     64.10378315219663     256.5552513316701     5:05
2077000     4153.999999928782     77.52204930623469     215.83816345484607     5:05
2077500     4154.999999928986     51.99479023722262     216.89867709809383     5:05
2078000     4155.9999999291895     50.287604469957785     196.79697527154158     5:05
2078500     4156.999999929393     50.32417276540974     261.8357586108038     5:05
2079000     4157.999999929597     44.43785518350285     335.7087278153391     5:05
2079500     4158.999999929801     76.7161810360671     334.1381757024252     5:05
2080000     4159.999999930004     58.344399100627186     222.89398259624377     5:05
2080500     4160.999999930208     61.36509769129765     277.414913450842     5:04
2081000     4161.999999930412     63.68664175605994     293.34199054628743     5:04
2081500     4162.999999930616     53.503481226922815     298.25839037745016     5:04
2082000     4163.999999930819     65.12360081525014     259.7677862871069     5:04
2082500     4164.999999931023     53.64951427423233     310.1841733065112     5:04
2083000     4165.999999931227     47.08184019802667     205.0498542888585     5:04
2083500     4166.9999999314305     54.63084244940137     325.79162883808976     5:04
2084000     4167.999999931634     83.64158935291562     340.91741485247985     5:04
2084500     4168.999999931838     74.95766966636847     306.18370970268927     5:04
2085000     4169.999999932042     61.068588211652354     246.06479056127768     5:04
2085500     4170.999999932245     43.1229021121373     343.195142610152     5:04
2086000     4171.999999932449     48.60210046543767     360.20157753317835     5:04
2086500     4172.999999932653     63.651968026398606     296.8749452717187     5:04
2087000     4173.999999932857     72.31458991754249     226.6372611669088     5:04
2087500     4174.99999993306     57.588335177525835     301.1954961686334     5:04
2088000     4175.999999933264     53.84487203185142     238.16796582400033     5:04
2088500     4176.999999933468     61.3112365292215     376.890675653842     5:04
2089000     4177.9999999336715     62.54648866571239     285.01104208717555     5:04
2089500     4178.999999933875     43.93848075042166     204.63697354749786     5:04
2090000     4179.999999934079     55.72775576862125     280.62966099549527     5:03
2090500     4180.999999934283     52.270168266744065     208.86032826862166     5:03
2091000     4181.999999934486     68.22837492417278     245.75423039767082     5:03
2091500     4182.99999993469     82.86948436671713     324.82552061600063     5:03
2092000     4183.999999934894     83.10602811001581     298.32117077399397     5:03
2092500     4184.999999935098     48.29500076692062     501.7209580885491     5:03
2093000     4185.999999935301     53.147725390857715     315.12079072673663     5:03
2093500     4186.999999935505     53.81630867174715     225.108617237029     5:03
2094000     4187.999999935709     38.48102940186317     201.2806981688315     5:03
2094500     4188.9999999359125     49.9351521378573     248.2908950799643     5:03
2095000     4189.999999936116     45.76911550814464     353.3815797980705     5:03
2095500     4190.99999993632     64.72136334651867     199.04272926471378     5:03
2096000     4191.999999936524     67.19265085993561     193.4976366712335     5:03
2096500     4192.999999936727     53.12341199735312     248.5629167434803     5:03
2097000     4193.999999936931     52.216847505566534     244.63761321481456     5:03
2097500     4194.999999937135     55.611328286860214     329.4238009387618     5:03
2098000     4195.9999999373385     58.60609854576836     272.7505090717895     5:03
2098500     4196.999999937542     55.413997928912465     324.92443147698856     5:03
2099000     4197.999999937746     60.12648246287358     364.5374704178346     5:03
2099500     4198.99999993795     59.626614127589164     333.6989247571272     5:02
2100000     4199.999999938153     73.05901227615283     284.3213330684815     5:02
2100500     4200.999999938357     72.25730191761522     290.0613564599825     5:02
2101000     4201.999999938561     66.2830239762817     220.46229187074616     5:02
2101500     4202.999999938765     67.09438765412489     345.31733744082464     5:02
2102000     4203.999999938968     59.68026928573238     226.80080483034698     5:02
2102500     4204.999999939172     53.150191241059304     449.03459321048217     5:02
2103000     4205.999999939376     65.09182093042415     253.38043930525345     5:02
2103500     4206.9999999395795     46.020018013086315     273.15873054705054     5:02
2104000     4207.999999939783     68.62559886701246     307.47983719029764     5:02
2104500     4208.999999939987     61.35679560631621     405.2080003393291     5:02
2105000     4209.999999940191     69.34334958688817     225.34555488583553     5:02
2105500     4210.999999940394     53.914882204049434     141.9429956046058     5:02
2106000     4211.999999940598     53.28788231531905     284.74698480514564     5:02
2106500     4212.999999940802     47.48344213467368     267.6967823786861     5:02
2107000     4213.999999941006     71.59185080197045     322.22587868603756     5:02
2107500     4214.999999941209     69.5155209321178     278.88785461528033     5:02
2108000     4215.999999941413     47.61939389293053     308.61404736126894     5:02
2108500     4216.999999941617     48.1463887682699     355.6406528357743     5:02
2109000     4217.9999999418205     59.387885111040134     267.5616249963403     5:01
2109500     4218.999999942024     74.18614532837552     345.65055485900933     5:01
2110000     4219.999999942228     47.16623381918521     349.98666682773097     5:01
2110500     4220.999999942432     46.64349583845018     243.62778137391822     5:01
2111000     4221.999999942635     57.947227443203246     302.72392881292984     5:01
2111500     4222.999999942839     52.78009143904512     139.29911554976803     5:01
2112000     4223.999999943043     50.389850837048414     291.3084297272039     5:01
2112500     4224.999999943247     63.1246059265664     259.3006897231836     5:01
2113000     4225.99999994345     46.3451998346506     197.3838978137235     5:01
2113500     4226.999999943654     34.96074214992501     226.6529850623032     5:01
2114000     4227.999999943858     41.08668604287686     271.48548512768866     5:01
2114500     4228.9999999440615     53.456799471637794     257.75475853232786     5:01
2115000     4229.999999944265     55.71971648148565     274.39502042682005     5:01
2115500     4230.999999944469     65.52475064238496     312.55179673455046     5:01
2116000     4231.999999944673     43.14384801048999     284.8783967848214     5:01
2116500     4232.999999944876     50.205810238656625     254.68025588661612     5:01
2117000     4233.99999994508     52.967006025949104     488.4483328349644     5:01
2117500     4234.999999945284     60.57743344160923     385.0252303366445     5:01
2118000     4235.999999945488     71.38119846568674     321.172289998019     5:01
2118500     4236.999999945691     44.92156673385222     256.93422268652336     5:01
2119000     4237.999999945895     45.88598322250516     386.1424266900006     5:01
2119500     4238.999999946099     63.76816911123683     249.116559614475     5:00
2120000     4239.9999999463025     55.93169477987823     372.9176654195271     5:00
2120500     4240.999999946506     64.92626385584174     259.95531338301987     5:00
2121000     4241.99999994671     48.428217114499546     191.75229302547626     5:00
2121500     4242.999999946914     42.73323046073716     243.27703083671096     5:00
2122000     4243.999999947117     49.13743855396859     299.3467891645492     5:00
2122500     4244.999999947321     40.002360152898234     295.7324551471439     5:00
2123000     4245.999999947525     64.38913158771192     304.7860101341858     5:00
2123500     4246.999999947729     52.82416958661503     460.6668242595356     5:00
2124000     4247.999999947932     58.62597469477049     257.00106856256775     5:00
2124500     4248.999999948136     32.780097042650596     361.1144414976363     5:00
2125000     4249.99999994834     67.16662848750957     305.62499815739415     5:00
2125500     4250.9999999485435     52.06618744269679     304.60389533016354     5:00
2126000     4251.999999948747     74.27925273166579     309.7031307679084     5:00
2126500     4252.999999948951     68.89161938810298     380.50274811143834     5:00
2127000     4253.999999949155     49.95938988229511     260.46593202826966     5:00
2127500     4254.999999949358     59.48567781653577     309.252055035062     5:00
2128000     4255.999999949562     52.082454807602744     232.55688626524713     5:00
2128500     4256.999999949766     38.73859261065974     308.384745540507     5:00
2129000     4257.99999994997     43.17695803158921     497.2839116253912     4:59
2129500     4258.999999950173     45.08563506666593     346.69905428667226     4:59
2130000     4259.999999950377     43.92253601368776     264.647942357865     4:59
2130500     4260.999999950581     53.83308290987503     321.4444852625278     4:59
2131000     4261.9999999507845     58.69219599053406     305.83842469048955     4:59
2131500     4262.999999950988     51.05704521153348     443.8890152202023     4:59
2132000     4263.999999951192     53.73350915967313     356.04697349157067     4:59
2132500     4264.999999951396     74.75845758764711     356.5673271612455     4:59
2133000     4265.999999951599     64.27881584705847     300.22189685057737     4:59
2133500     4266.999999951803     44.44299206429207     300.7055538181947     4:59
2134000     4267.999999952007     41.31770202826573     386.8854420393371     4:59
2134500     4268.999999952211     47.40430840899825     364.18125222435754     4:59
2135000     4269.999999952414     42.247333714119975     206.6054736042617     4:59
2135500     4270.999999952618     45.29385901613483     348.7533813979565     4:59
2136000     4271.999999952822     51.37767708286685     244.1930351191285     4:59
2136500     4272.9999999530255     47.560137983482605     267.8864082350394     4:59
2137000     4273.999999953229     64.20303482133181     294.2360216850709     4:59
2137500     4274.999999953433     62.4205677963584     186.19385559434812     4:59
2138000     4275.999999953637     50.93892499754264     383.2468700489387     4:59
2138500     4276.99999995384     52.74540098629626     351.24817719236256     4:58
2139000     4277.999999954044     39.57010787283082     412.57472320743125     4:58
2139500     4278.999999954248     55.765134092454275     256.89937713099016     4:58
2140000     4279.999999954452     44.33029713231292     413.56791773755316     4:58
2140500     4280.999999954655     74.03688651456588     307.17503530962273     4:58
2141000     4281.999999954859     60.66756430512646     237.4123463838305     4:58
2141500     4282.999999955063     63.09864140163421     288.6440403425724     4:58
2142000     4283.9999999552665     58.004380894116196     384.1216440955588     4:58
2142500     4284.99999995547     55.20483166846907     467.7595206608593     4:58
2143000     4285.999999955674     47.45911013885126     456.31029703929255     4:58
2143500     4286.999999955878     47.6210335191098     298.6224783534348     4:58
2144000     4287.999999956081     61.98163473377343     228.05537880843406     4:58
2144500     4288.999999956285     48.68986271760866     303.95023595748273     4:58
2145000     4289.999999956489     50.69824439593515     252.9653848823208     4:58
2145500     4290.999999956693     57.806655523963684     371.37133530724924     4:58
2146000     4291.999999956896     65.1144745875589     181.84904797902064     4:58
2146500     4292.9999999571     43.57045651208426     239.16493268819633     4:58
2147000     4293.999999957304     51.00578851931505     166.56111001540162     4:58
2147500     4294.9999999575075     64.67523106503842     216.802226688482     4:58
2148000     4295.999999957711     53.71516487122204     336.3469914343459     4:57
2148500     4296.999999957915     49.51005417069007     257.3405989731067     4:57
2149000     4297.999999958119     75.13797059330312     334.1225932332303     4:57
2149500     4298.999999958322     54.77424229301852     298.3836456250403     4:57
2150000     4299.999999958526     50.971201887891596     295.59177140194254     4:57
2150500     4300.99999995873     45.409719625290734     240.67118741815634     4:57
2151000     4301.999999958934     45.07584666481358     281.8727787611888     4:57
2151500     4302.999999959137     42.552713713305366     396.208418695338     4:57
2152000     4303.999999959341     60.94921606124831     317.8822796416845     4:57
2152500     4304.999999959545     73.25512156238386     241.43707324516504     4:57
2153000     4305.9999999597485     47.02065296177602     309.0276252796637     4:57
2153500     4306.999999959952     67.72368303728064     286.763232461152     4:57
2154000     4307.999999960156     56.658893489962395     454.6428415811687     4:57
2154500     4308.99999996036     39.488471552515136     503.0491831597249     4:57
2155000     4309.999999960563     65.31694659968264     296.3790460919001     4:57
2155500     4310.999999960767     43.642961043526896     339.5044506029271     4:57
2156000     4311.999999960971     42.97857703668848     273.83492249547106     4:57
2156500     4312.999999961175     54.047925443512554     293.48614170975657     4:57
2157000     4313.999999961378     78.33728810748363     314.5928652637584     4:57
2157500     4314.999999961582     57.11733813790016     449.0534200056534     4:56
2158000     4315.999999961786     51.50767007578668     302.4368343303993     4:56
2158500     4316.9999999619895     57.80175862381043     314.17195221903876     4:56
2159000     4317.999999962193     63.75402115758544     299.43566066655916     4:56
2159500     4318.999999962397     73.94840795104625     225.07599420045645     4:56
2160000     4319.999999962601     72.04187667475941     357.2688987610634     4:56
2160500     4320.999999962804     38.315351748917635     201.23828823097475     4:56
2161000     4321.999999963008     46.97220210736333     275.5924802595189     4:56
2161500     4322.999999963212     61.26328793232278     286.5680045336976     4:56
2162000     4323.999999963416     57.004521029190016     250.25495645626506     4:56
2162500     4324.999999963619     49.286228164489955     226.42614647203484     4:56
2163000     4325.999999963823     65.94138170610682     244.3079346121811     4:56
2163500     4326.999999964027     66.67825559934778     248.41093512897848     4:56
2164000     4327.9999999642305     44.60418180541143     425.6010587368495     4:56
2164500     4328.999999964434     64.4474411598797     420.11710247699483     4:56
2165000     4329.999999964638     63.857547067631515     347.5618612961023     4:56
2165500     4330.999999964842     47.56144252217672     417.6127735952562     4:56
2166000     4331.999999965045     58.56316547561721     425.21597240327435     4:56
2166500     4332.999999965249     54.91815142599671     395.30392565062874     4:56
2167000     4333.999999965453     65.63312784117966     432.42816287509913     4:55
2167500     4334.999999965657     65.66155873943637     148.20258162844513     4:55
2168000     4335.99999996586     60.726662782153426     290.0932723292294     4:55
2168500     4336.999999966064     53.32412270044557     303.03372646905086     4:55
2169000     4337.999999966268     47.78794644319129     274.45682470528135     4:55
2169500     4338.9999999664715     51.46820366875471     370.8564675064483     4:55
2170000     4339.999999966675     55.827046162674264     247.96733964203696     4:55
2170500     4340.999999966879     60.449768919472376     272.62200294701375     4:55
2171000     4341.999999967083     38.14288928770446     416.5088472068541     4:55
2171500     4342.999999967286     52.80501576431794     278.3654085305139     4:55
2172000     4343.99999996749     52.494575450615855     406.22674308431226     4:55
2172500     4344.999999967694     55.62524351926169     320.87958535527866     4:55
2173000     4345.999999967898     62.682181622625365     437.64415466807856     4:55
2173500     4346.999999968101     41.531563394762486     209.57756149707157     4:55
2174000     4347.999999968305     55.311876923417     307.2817780263388     4:55
2174500     4348.999999968509     38.24387610114849     430.6873913195524     4:55
2175000     4349.9999999687125     45.68286727544154     308.86281477460534     4:55
2175500     4350.999999968916     78.50699302042398     258.74093474340543     4:55
2176000     4351.99999996912     52.55848115659808     303.51791281313325     4:55
2176500     4352.999999969324     83.74359901214092     303.46375472840083     4:54
2177000     4353.999999969527     49.65437126898303     445.7099791968729     4:54
2177500     4354.999999969731     55.267345040407804     391.70240468462674     4:54
2178000     4355.999999969935     51.62254696299959     259.4018515239979     4:54
2178500     4356.999999970139     59.51333217319791     248.78459101905742     4:54
2179000     4357.999999970342     50.9491569523592     241.9098680897239     4:54
2179500     4358.999999970546     62.69414918812572     283.0113197538032     4:54
2180000     4359.99999997075     56.00155966506503     487.8478287639373     4:54
2180500     4360.9999999709535     61.05526876731642     469.29640325113763     4:54
2181000     4361.999999971157     52.2034080921307     347.10901070623044     4:54
2181500     4362.999999971361     53.2869859578617     382.34448385377857     4:54
2182000     4363.999999971565     57.4767180601761     349.5201357143072     4:54
2182500     4364.999999971768     58.716775271927816     238.8966164661844     4:54
2183000     4365.999999971972     52.22997503555098     283.1522251018344     4:54
2183500     4366.999999972176     44.233789009883026     227.4125347194813     4:54
2184000     4367.99999997238     39.656092888355886     315.5185697922771     4:54
2184500     4368.999999972583     66.02487113965344     261.6348759603849     4:54
2185000     4369.999999972787     52.550324374911554     325.2266016848004     4:54
2185500     4370.999999972991     38.171196673519034     264.20326477098496     4:54
2186000     4371.9999999731945     54.528348303104224     256.87083216774033     4:53
2186500     4372.999999973398     39.04776585509018     241.6312839308642     4:53
2187000     4373.999999973602     38.69002429348029     176.8035977035629     4:53
2187500     4374.999999973806     46.981597956547205     276.61818099429513     4:53
2188000     4375.999999974009     46.17172772354729     326.95396837618415     4:53
2188500     4376.999999974213     66.4537452549244     324.0225914177643     4:53
2189000     4377.999999974417     42.3127519074971     247.68119366805593     4:53
2189500     4378.999999974621     54.251226100868166     305.4360608440411     4:53
2190000     4379.999999974824     57.813478412603615     263.0761291310982     4:53
2190500     4380.999999975028     63.33742340708142     284.2184558074658     4:53
2191000     4381.999999975232     45.427983652778096     268.9563592041346     4:53
2191500     4382.9999999754355     42.21004809833374     310.299146182796     4:53
2192000     4383.999999975639     66.2429819772558     185.3374450839999     4:53
2192500     4384.999999975843     58.096764695340255     355.582625904697     4:53
2193000     4385.999999976047     51.2947686996248     424.37532432057213     4:53
2193500     4386.99999997625     47.12284056897016     326.58604083449086     4:53
2194000     4387.999999976454     68.0771399509918     225.1144909471835     4:53
2194500     4388.999999976658     64.71946100802256     331.57558815117466     4:53
2195000     4389.999999976862     52.09103184898811     333.519040415861     4:53
2195500     4390.999999977065     61.27891164580518     313.7101937282223     4:52
2196000     4391.999999977269     49.63390961807289     352.26482272691425     4:52
2196500     4392.999999977473     51.68606805239773     343.32458462543633     4:52
2197000     4393.999999977676     48.790655001966115     300.9093788698164     4:52
2197500     4394.99999997788     59.46428211503229     311.4014223930106     4:52
2198000     4395.999999978084     54.69236341792879     255.86315319228126     4:52
2198500     4396.999999978288     74.9643419731205     318.0228624425585     4:52
2199000     4397.999999978491     55.37773751987339     247.6571732775573     4:52
2199500     4398.999999978695     50.71833015273961     419.4555777780819     4:52
2200000     4399.999999978899     57.456782201238866     320.70944320722845     4:52
2200500     4400.9999999791025     44.63812539305593     281.5519180136725     4:52
2201000     4401.999999979306     65.01036094380407     195.21137684718659     4:52
2201500     4402.99999997951     58.686163310601216     208.3799293711999     4:52
2202000     4403.999999979714     59.4342940558131     196.55626274567763     4:52
2202500     4404.999999979917     51.489122101350176     236.69526239217163     4:52
2203000     4405.999999980121     50.46382840154979     294.42557573393344     4:52
2203500     4406.999999980325     56.24864647512288     268.65373774999216     4:52
2204000     4407.999999980529     57.23603180901881     263.08016210885046     4:52
2204500     4408.999999980732     69.10109610283297     258.4159639294147     4:52
2205000     4409.999999980936     44.5427961763973     267.6619104730022     4:51
2205500     4410.99999998114     50.49672466516364     240.87743590863775     4:51
2206000     4411.9999999813435     42.88384013961024     251.0439115495829     4:51
2206500     4412.999999981547     56.969494005224306     250.24049293604756     4:51
2207000     4413.999999981751     54.94847934874821     275.5337695081246     4:51
2207500     4414.999999981955     79.69074697550593     278.2139367236152     4:51
2208000     4415.999999982158     54.02036311820069     266.3158724093281     4:51
2208500     4416.999999982362     58.196173620104105     201.75902077791406     4:51
2209000     4417.999999982566     48.73829231164734     277.9698150259103     4:51
2209500     4418.99999998277     43.28692662882753     305.1661268244957     4:51
2210000     4419.999999982973     38.49635032331628     265.74994499151506     4:51
2210500     4420.999999983177     45.618319444002     370.4572673734057     4:51
2211000     4421.999999983381     52.67722336032858     397.15156247046747     4:51
2211500     4422.9999999835845     53.58055381960713     275.96636942593193     4:51
2212000     4423.999999983788     54.603015672008155     251.61414101699947     4:51
2212500     4424.999999983992     51.991038789555034     293.83443335165134     4:51
2213000     4425.999999984196     46.094454110769504     331.26779552839554     4:51
2213500     4426.999999984399     51.06408682873001     282.8665497008571     4:51
2214000     4427.999999984603     69.31271777638023     229.91144477022942     4:51
2214500     4428.999999984807     70.12514775729147     207.9285080832523     4:51
2215000     4429.999999985011     62.7476677935195     385.4922479591007     4:50
2215500     4430.999999985214     51.40823852670468     278.981383506426     4:50
2216000     4431.999999985418     54.79115142946995     403.24951531366975     4:50
2216500     4432.999999985622     56.21035672432885     233.676353333152     4:50
2217000     4433.9999999858255     58.06623833180214     304.6169464048032     4:50
2217500     4434.999999986029     41.616393514126514     416.67630590205755     4:50
2218000     4435.999999986233     56.489870583500135     305.2936867657352     4:50
2218500     4436.999999986437     63.88399661708229     299.2608690731686     4:50
2219000     4437.99999998664     62.50274257852044     240.71725416598903     4:50
2219500     4438.999999986844     60.032700303029     245.92645827639942     4:50
2220000     4439.999999987048     55.129484055310684     240.75206610570498     4:50
2220500     4440.999999987252     68.65315787655715     313.621790425765     4:50
2221000     4441.999999987455     62.62153534060178     266.87707753138415     4:50
2221500     4442.999999987659     63.24208457200325     292.6374287856187     4:50
2222000     4443.999999987863     60.60148436477181     335.1030721687561     4:50
2222500     4444.9999999880665     87.95430541691547     285.93040611068255     4:50
2223000     4445.99999998827     105.56509332460058     287.7583844344998     4:50
2223500     4446.999999988474     97.82489966905439     396.9265550461404     4:50
2224000     4447.999999988678     73.87368561698628     488.547145803205     4:50
2224500     4448.999999988881     56.44332164772527     281.74330283946045     4:49
2225000     4449.999999989085     56.93813446921814     273.0510562750068     4:49
2225500     4450.999999989289     65.50068251448903     417.0467848552175     4:49
2226000     4451.999999989493     77.94655024949867     306.64635663921183     4:49
2226500     4452.999999989696     75.02424496539203     249.96136927722745     4:49
2227000     4453.9999999899     77.13665974995769     339.05834613601155     4:49
2227500     4454.999999990104     49.11641544513935     279.32961043545066     4:49
2228000     4455.9999999903075     47.974407495441255     263.8186595214111     4:49
2228500     4456.999999990511     56.86850830450004     344.4666722320841     4:49
2229000     4457.999999990715     58.22895012775939     314.62658703864594     4:49
2229500     4458.999999990919     43.95703944076644     286.32001280292235     4:49
2230000     4459.999999991122     46.90468637945946     293.55613497567606     4:49
2230500     4460.999999991326     52.001629075615426     265.89234537153396     4:49
2231000     4461.99999999153     66.6576615104346     295.49405864936915     4:49
2231500     4462.999999991734     40.42092497439103     288.04743214616974     4:49
2232000     4463.999999991937     46.34298949186814     314.57470628021895     4:49
2232500     4464.999999992141     53.11736896685812     255.6443442534036     4:49
2233000     4465.999999992345     50.72535674256807     218.18188635166598     4:49
2233500     4466.9999999925485     50.11300383829291     354.91736917194044     4:49
2234000     4467.999999992752     45.37625283656945     275.5109167586787     4:48
2234500     4468.999999992956     41.40666355403232     192.783405858392     4:48
2235000     4469.99999999316     48.53146249352375     313.36689447112917     4:48
2235500     4470.999999993363     50.236857354895676     214.62952679885151     4:48
2236000     4471.999999993567     44.283429084901115     199.01594887757125     4:48
2236500     4472.999999993771     46.49990955842179     218.60358115788785     4:48
2237000     4473.999999993975     55.886660268393086     299.28926639807406     4:48
2237500     4474.999999994178     48.37004714561459     293.86122951739975     4:48
2238000     4475.999999994382     61.875569655650736     305.760414681847     4:48
2238500     4476.999999994586     51.92482311579471     280.7811972246374     4:48
2239000     4477.9999999947895     44.31047106900286     227.97845244973894     4:48
2239500     4478.999999994993     43.824958581021576     268.4929145943002     4:48
2240000     4479.999999995197     50.13003927988427     489.8320322390253     4:48
2240500     4480.999999995401     38.197178916938924     291.70613477982107     4:48
2241000     4481.999999995604     48.56580342562927     284.1999603266894     4:48
2241500     4482.999999995808     63.8011933814264     558.5762608120742     4:48
2242000     4483.999999996012     68.69500720634704     373.70391206610515     4:48
2242500     4484.999999996216     57.920742096269976     365.5676871034377     4:48
2243000     4485.999999996419     61.388028521155604     329.4872464828596     4:48
2243500     4486.999999996623     54.03699323902555     407.82441569022006     4:47
2244000     4487.999999996827     36.624898945336554     388.8035795592473     4:47
2244500     4488.9999999970305     40.9882987382631     272.5723943078311     4:47
2245000     4489.999999997234     58.8647662620246     324.2683273043883     4:47
2245500     4490.999999997438     50.37002140842378     337.8164591742321     4:47
2246000     4491.999999997642     60.74922923792843     345.18001111169957     4:47
2246500     4492.999999997845     59.005815514565654     213.23155496160348     4:47
2247000     4493.999999998049     63.89699088732635     233.7552956721266     4:47
2247500     4494.999999998253     61.90331960862767     343.3020812092384     4:47
2248000     4495.999999998457     54.83614110922531     287.29383537069265     4:47
2248500     4496.99999999866     69.25076135913486     403.5564352814581     4:47
2249000     4497.999999998864     38.70012413989838     244.68375978810377     4:47
2249500     4498.999999999068     36.76186150560835     471.1509637668233     4:47
2250000     4499.9999999992715     49.854960687549976     371.8340067048492     4:47
2250500     4500.999999999475     42.825175315018384     338.3464356864404     4:47
2251000     4501.999999999679     52.50216587089466     247.80648262833884     4:47
2251500     4502.999999999883     37.65674593659037     298.55612189268936     4:47
2252000     4504.000000000086     72.87442011040747     300.3767116390948     4:47
2252500     4505.00000000029     46.265411230109464     363.5781459064168     4:47
2253000     4506.000000000494     35.12263239355747     280.1303839588586     4:46
2253500     4507.000000000698     39.984817339010704     291.086704349772     4:46
2254000     4508.000000000901     46.993025657123894     279.2952070199461     4:46
2254500     4509.000000001105     38.98369350636557     246.17071477643776     4:46
2255000     4510.000000001309     48.17035235359231     252.9405919092787     4:46
2255500     4511.0000000015125     50.7384415917694     275.2749398247416     4:46
2256000     4512.000000001716     34.83253419554404     338.7003974545128     4:46
2256500     4513.00000000192     51.36640892974225     286.27084196858726     4:46
2257000     4514.000000002124     38.504180708398906     167.35414140800856     4:46
2257500     4515.000000002327     48.75092685660178     290.5830234473245     4:46
2258000     4516.000000002531     48.44873882746782     232.23272496760484     4:46
2258500     4517.000000002735     63.113055410202094     200.24810805637335     4:46
2259000     4518.000000002939     37.335608121204416     257.6573068593726     4:46
2259500     4519.000000003142     36.842666977497515     313.75604027792065     4:46
2260000     4520.000000003346     44.51056104834589     250.45728039695803     4:46
2260500     4521.00000000355     78.49331482865631     357.0468964164225     4:46
2261000     4522.0000000037535     74.53956846654654     315.28760476356575     4:46
2261500     4523.000000003957     52.229472486767406     412.0865190466209     4:46
2262000     4524.000000004161     70.6683939069942     267.7624656512065     4:46
2262500     4525.000000004365     71.57532938043408     321.06684855007296     4:45
2263000     4526.000000004568     54.14116745739665     412.0487586994178     4:45
2263500     4527.000000004772     63.12970942501721     295.06280065173627     4:45
2264000     4528.000000004976     54.20900928823875     531.1069751359335     4:45
2264500     4529.00000000518     67.81527130401605     351.3640869036926     4:45
2265000     4530.000000005383     42.63249801060431     203.28337825818178     4:45
2265500     4531.000000005587     45.41336877924999     244.52746900364514     4:45
2266000     4532.000000005791     52.00288743931941     230.63890200246334     4:45
2266500     4533.0000000059945     46.949683709989074     286.78244365852163     4:45
2267000     4534.000000006198     50.372571903103164     252.22501559186722     4:45
2267500     4535.000000006402     46.012078293291324     228.11260898651713     4:45
2268000     4536.000000006606     33.92709117630062     280.4509810111168     4:45
2268500     4537.000000006809     51.02935550542168     218.75720459506056     4:45
2269000     4538.000000007013     38.96337530120451     360.9651875596716     4:45
2269500     4539.000000007217     39.34500109670074     323.65836374723074     4:45
2270000     4540.000000007421     47.55954009186155     393.86775902775554     4:45
2270500     4541.000000007624     63.73645281410944     356.39910276166296     4:45
2271000     4542.000000007828     73.49934099000592     292.37279979250667     4:45
2271500     4543.000000008032     44.644664334688     358.16825032949333     4:45
2272000     4544.0000000082355     46.58895281770401     187.27495677018058     4:44
2272500     4545.000000008439     47.3886872679779     344.16362903021707     4:44
2273000     4546.000000008643     52.311244820711124     211.50603447609075     4:44
2273500     4547.000000008847     37.085883291424466     268.10568072344313     4:44
2274000     4548.00000000905     48.09029517514733     299.8326692808183     4:44
2274500     4549.000000009254     62.226993976401445     348.0703343415813     4:44
2275000     4550.000000009458     60.786711682626105     298.1102379145349     4:44
2275500     4551.000000009662     73.88914577222369     345.0986973560377     4:44
2276000     4552.000000009865     44.7568769856947     309.476495737398     4:44
2276500     4553.000000010069     62.40912568019968     256.77152595761635     4:44
2277000     4554.000000010273     64.31992103700338     294.2282195459189     4:44
2277500     4555.0000000104765     44.87032153215557     312.81747048207495     4:44
2278000     4556.00000001068     52.83301649174069     302.563593958468     4:44
2278500     4557.000000010884     40.773260514768765     278.27783196403476     4:44
2279000     4558.000000011088     43.996568945434376     324.59815136566624     4:44
2279500     4559.000000011291     48.436132701792246     248.44905740325137     4:44
2280000     4560.000000011495     39.99798668678585     292.8627181117532     4:44
2280500     4561.000000011699     45.272764766064824     279.2402589150705     4:44
2281000     4562.000000011903     50.79195438538335     286.6129348344059     4:44
2281500     4563.000000012106     46.629656106471145     191.74197989618253     4:43
2282000     4564.00000001231     68.57929372956363     167.2117880913448     4:43
2282500     4565.000000012514     46.95116500687999     287.4275129789506     4:43
2283000     4566.0000000127175     43.33176507260367     318.8872204296087     4:43
2283500     4567.000000012921     57.755983116872414     398.13970862171743     4:43
2284000     4568.000000013125     81.08234338293437     322.3623513477806     4:43
2284500     4569.000000013329     89.46784191960359     295.48858300086624     4:43
2285000     4570.000000013532     73.34526903860461     310.2088300725243     4:43
2285500     4571.000000013736     60.340462192577945     201.87629435475898     4:43
2286000     4572.00000001394     53.76280695332315     332.7640808919653     4:43
2286500     4573.000000014144     56.27755260955564     282.277998547408     4:43
2287000     4574.000000014347     57.752443741498666     359.3590605272877     4:43
2287500     4575.000000014551     55.04312545457242     340.50841343213324     4:43
2288000     4576.000000014755     61.04725058261835     367.6577483128369     4:43
2288500     4577.0000000149585     39.894941728327126     307.5697342169226     4:43
2289000     4578.000000015162     50.52000722162069     298.9710126140999     4:43
2289500     4579.000000015366     62.51815216880135     308.3376221710065     4:43
2290000     4580.00000001557     65.16097201465186     288.8273801379755     4:43
2290500     4581.000000015773     52.73988349181258     278.0274987511184     4:43
2291000     4582.000000015977     42.90165654161319     275.31419912739227     4:42
2291500     4583.000000016181     57.072831532407406     300.5771935637844     4:42
2292000     4584.000000016385     83.77445581480998     245.49142891344795     4:42
2292500     4585.000000016588     66.02487636551473     339.00334823710125     4:42
2293000     4586.000000016792     62.82850252281031     334.1881092985445     4:42
2293500     4587.000000016996     58.38593926334664     437.6971289335406     4:42
2294000     4588.000000017199     67.17228412315177     314.24511631871735     4:42
2294500     4589.000000017403     48.77150893138668     373.59915258573125     4:42
2295000     4590.000000017607     67.70348862615725     244.13650707084216     4:42
2295500     4591.000000017811     66.90729419485768     259.5169727167559     4:42
2296000     4592.000000018014     69.63523272949232     367.3210964625106     4:42
2296500     4593.000000018218     62.3943683933453     206.8047485079859     4:42
2297000     4594.000000018422     66.75574208082122     295.7233412887714     4:42
2297500     4595.0000000186255     67.46226245021234     252.59162330101236     4:42
2298000     4596.000000018829     70.97717377304065     375.61149092563     4:42
2298500     4597.000000019033     63.813770016813294     238.46561790128524     4:42
2299000     4598.000000019237     45.516794319185976     419.5979389235013     4:42
2299500     4599.00000001944     73.06359880683857     308.77609139113065     4:42
2300000     4600.000000019644     59.68928651869072     341.81400983912914     4:42
2300500     4601.000000019848     58.122927667043484     411.11893356920825     4:41
2301000     4602.000000020052     61.257512912762195     303.74438344582836     4:41
2301500     4603.000000020255     71.67328168381545     240.49745738708688     4:41
2302000     4604.000000020459     51.99776468456838     398.28860596076765     4:41
2302500     4605.000000020663     54.373550093878066     227.56037068996153     4:41
2303000     4606.0000000208665     76.77139478349869     318.1396135180754     4:41
2303500     4607.00000002107     58.676377335003394     385.56936903765944     4:41
2304000     4608.000000021274     63.35183906237336     214.3201908395116     4:41
2304500     4609.000000021478     49.44324812410099     346.17285006010036     4:41
2305000     4610.000000021681     68.09435096358641     271.71317455172914     4:41
2305500     4611.000000021885     55.06756651230296     280.3936940397402     4:41
2306000     4612.000000022089     61.49457982054304     326.3597844905212     4:41
2306500     4613.000000022293     59.247961549258946     318.01160918445066     4:41
2307000     4614.000000022496     46.78809606195699     253.73573831925495     4:41
2307500     4615.0000000227     63.80670927076204     253.29664643150718     4:41
2308000     4616.000000022904     70.34197856516164     237.69990567526938     4:41
2308500     4617.0000000231075     52.49052629587942     271.8594831822245     4:41
2309000     4618.000000023311     44.78288533073572     251.95574805191467     4:41
2309500     4619.000000023515     56.137855619977415     251.36541496952464     4:41
2310000     4620.000000023719     46.44264890964081     254.78290502992095     4:40
2310500     4621.000000023922     44.63929648812183     279.87692994840677     4:40
2311000     4622.000000024126     50.8180072086609     257.9754582882692     4:40
2311500     4623.00000002433     46.13009009400315     161.24137935022893     4:40
2312000     4624.000000024534     52.802002476087125     205.3080677468423     4:40
2312500     4625.000000024737     52.68044489550459     186.78639647061465     4:40
2313000     4626.000000024941     64.5713983856478     260.54720868059434     4:40
2313500     4627.000000025145     46.85991994964314     262.43577435638196     4:40
2314000     4628.0000000253485     51.49401204220493     283.64841863802394     4:40
2314500     4629.000000025552     58.35349484476188     374.7223783282571     4:40
2315000     4630.000000025756     49.548207094661336     316.80466378187845     4:40
2315500     4631.00000002596     56.0382960293237     251.6371658174293     4:40
2316000     4632.000000026163     43.92669559445062     253.01019152138437     4:40
2316500     4633.000000026367     92.2793610420465     379.0588024784517     4:40
2317000     4634.000000026571     64.51478126694309     361.5699389213954     4:40
2317500     4635.000000026775     45.56563390332417     344.25839482843674     4:40
2318000     4636.000000026978     81.5255976309856     233.47373636812694     4:40
2318500     4637.000000027182     59.59057549245557     227.30181574564975     4:40
2319000     4638.000000027386     52.105216235616126     377.52444831591487     4:40
2319500     4639.0000000275895     64.11435223632566     422.3866203220892     4:39
2320000     4640.000000027793     69.01057394159255     201.71349837684681     4:39
2320500     4641.000000027997     49.27567291680219     337.44324610231064     4:39
2321000     4642.000000028201     44.64800717394269     259.9337581847448     4:39
2321500     4643.000000028404     45.4210690925899     305.1980391093471     4:39
2322000     4644.000000028608     52.53742707115015     275.7103126115321     4:39
2322500     4645.000000028812     54.73741870936516     253.37748515788982     4:39
2323000     4646.000000029016     51.94364999630096     247.9779524558571     4:39
2323500     4647.000000029219     60.777993933934454     387.89047447153536     4:39
2324000     4648.000000029423     78.61180748836057     320.22845026890934     4:39
2324500     4649.000000029627     62.79092022371327     342.64175331091997     4:39
2325000     4650.0000000298305     42.64532742415753     289.0915201517285     4:39
2325500     4651.000000030034     44.40002757348162     308.9589922433985     4:39
2326000     4652.000000030238     60.364575242362775     366.16431244681354     4:39
2326500     4653.000000030442     52.33549307553835     312.6442331600733     4:39
2327000     4654.000000030645     76.4383830948974     277.64751378734326     4:39
2327500     4655.000000030849     67.25868799328123     216.9369330606313     4:39
2328000     4656.000000031053     64.29157991477274     276.9467668891169     4:39
2328500     4657.000000031257     64.49110046756272     257.0773991366056     4:39
2329000     4658.00000003146     65.61004393500662     187.1859414806296     4:38
2329500     4659.000000031664     83.05182000311504     341.6646485509412     4:38
2330000     4660.000000031868     74.93409225191823     230.23135715450948     4:38
2330500     4661.0000000320715     58.022466970530786     198.62416592444785     4:38
2331000     4662.000000032275     45.36330450747289     190.73722176711547     4:38
2331500     4663.000000032479     62.29860673100046     302.1157462643954     4:38
2332000     4664.000000032683     53.37719869754051     322.25098766713694     4:38
2332500     4665.000000032886     41.923672179285916     307.38158542214154     4:38
2333000     4666.00000003309     55.213413711006865     188.9394544965453     4:38
2333500     4667.000000033294     60.42662721516314     274.83006238359354     4:38
2334000     4668.000000033498     73.45170153621496     293.7755387304555     4:38
2334500     4669.000000033701     40.13166757644359     264.60796685424344     4:38
2335000     4670.000000033905     45.47863152023689     410.0692784161857     4:38
2335500     4671.000000034109     43.234108673176536     429.8792975886549     4:38
2336000     4672.0000000343125     62.524293823999415     372.63225666851224     4:38
2336500     4673.000000034516     65.05352157224655     276.78236694265655     4:38
2337000     4674.00000003472     47.15089932540775     260.91423865817006     4:38
2337500     4675.000000034924     52.35851649433397     261.9502811610757     4:38
2338000     4676.000000035127     42.76193838046896     306.64426577412905     4:38
2338500     4677.000000035331     64.21403135915295     184.1604844091616     4:37
2339000     4678.000000035535     46.353804476237656     411.68570748561245     4:37
2339500     4679.000000035739     55.3972018351472     265.1720475333699     4:37
2340000     4680.000000035942     55.831948123387804     276.54457950149003     4:37
2340500     4681.000000036146     54.10559600191709     343.80223719777683     4:37
2341000     4682.00000003635     49.33582258935343     322.1940996292918     4:37
2341500     4683.0000000365535     52.91543724657208     212.11821992251794     4:37
2342000     4684.000000036757     39.88062709134164     265.68264912549483     4:37
2342500     4685.000000036961     38.36747974690064     270.27801533774243     4:37
2343000     4686.000000037165     42.24428994698832     192.29637723399205     4:37
2343500     4687.000000037368     54.9992078549264     195.44603230169116     4:37
2344000     4688.000000037572     57.29943215254207     463.2738711267697     4:37
2344500     4689.000000037776     69.7326690216135     261.943779261391     4:37
2345000     4690.00000003798     47.119902006643315     339.43566818455747     4:37
2345500     4691.000000038183     61.18036224922315     282.47170199270624     4:37
2346000     4692.000000038387     59.793351169793254     263.71374000262193     4:37
2346500     4693.000000038591     50.75459430915578     343.57034228484116     4:37
2347000     4694.0000000387945     46.94151870897173     277.5518360995335     4:37
2347500     4695.000000038998     41.03118679085566     177.11490175033026     4:37
2348000     4696.000000039202     54.64092710439763     298.4681384004456     4:36
2348500     4697.000000039406     57.90005730731514     301.89723846317753     4:36
2349000     4698.000000039609     59.8262574068836     279.31725298977796     4:36
2349500     4699.000000039813     52.854506332879964     251.28605989225207     4:36
2350000     4700.000000040017     49.99891667305752     283.51463780886314     4:36
2350500     4701.000000040221     47.879304272922525     213.49321060177326     4:36
2351000     4702.000000040424     53.01937341318222     264.87063842834834     4:36
2351500     4703.000000040628     45.42280424788163     239.08542546786612     4:36
2352000     4704.000000040832     66.00316565119994     278.0214072162807     4:36
2352500     4705.0000000410355     56.2280161073171     292.09057805346856     4:36
2353000     4706.000000041239     49.64809132426086     361.38647028150547     4:36
2353500     4707.000000041443     82.74184628977986     301.43199826494896     4:36
2354000     4708.000000041647     71.65505931341028     279.6791738596188     4:36
2354500     4709.00000004185     36.01656576873603     284.7374625194373     4:36
2355000     4710.000000042054     40.28074492411275     209.92344834865074     4:36
2355500     4711.000000042258     39.40212880191086     289.86155728997875     4:36
2356000     4712.000000042462     73.20314677947584     311.42262651427785     4:36
2356500     4713.000000042665     49.759341663970304     354.5370980377786     4:36
2357000     4714.000000042869     43.493924318462064     263.9839774606215     4:36
2357500     4715.000000043073     58.39570394393155     178.98248362407938     4:35
2358000     4716.0000000432765     58.695283073121914     310.96137448885787     4:35
2358500     4717.00000004348     48.082610197516885     326.86036624711954     4:35
2359000     4718.000000043684     68.80870008129176     300.35135058780384     4:35
2359500     4719.000000043888     53.35517843621125     315.9462523553994     4:35
2360000     4720.000000044091     51.75128820464937     358.5492045331867     4:35
2360500     4721.000000044295     60.5363235803477     421.3187424898503     4:35
2361000     4722.000000044499     82.76053807281511     277.03850503564627     4:35
2361500     4723.000000044703     66.60406789437172     294.6060431676458     4:35
2362000     4724.000000044906     48.540106620892686     279.1002854614314     4:35
2362500     4725.00000004511     57.234534589233874     258.1130929722828     4:35
2363000     4726.000000045314     71.0193738906051     283.02769482245293     4:35
2363500     4727.0000000455175     70.45022830182359     330.43533536752034     4:35
2364000     4728.000000045721     66.1824395091574     357.76364342646673     4:35
2364500     4729.000000045925     57.774284535601225     323.0743593510347     4:35
2365000     4730.000000046129     54.16986590414871     304.9034606996406     4:35
2365500     4731.000000046332     65.88585826131788     453.9120588049159     4:35
2366000     4732.000000046536     63.88434542059002     243.8863159743636     4:35
2366500     4733.00000004674     44.56638780843264     304.8345561211974     4:35
2367000     4734.000000046944     73.65178399894495     264.28128824532956     4:35
2367500     4735.000000047147     44.5193109091291     330.20103428379247     4:34
2368000     4736.000000047351     49.989488696122635     245.54702981424435     4:34
2368500     4737.000000047555     58.89798287444472     261.58306378379535     4:34
2369000     4738.0000000477585     55.22673928717933     329.2647736136528     4:34
2369500     4739.000000047962     62.48276976202561     220.73723089313413     4:34
2370000     4740.000000048166     44.5288190346883     300.7294990574823     4:34
2370500     4741.00000004837     69.0848162520129     287.70776409968744     4:34
2371000     4742.000000048573     55.09375865237092     262.905659834302     4:34
2371500     4743.000000048777     74.8941128159741     339.68357582735183     4:34
2372000     4744.000000048981     76.58769345675279     244.63074682085787     4:34
2372500     4745.000000049185     54.18286971201485     327.78811039355287     4:34
2373000     4746.000000049388     51.46047717154505     387.6006413170922     4:34
2373500     4747.000000049592     62.008555880013546     316.4409688300165     4:34
2374000     4748.000000049796     53.578634272983834     325.35323702153323     4:34
2374500     4749.0000000499995     80.81903289370126     261.1553331522341     4:34
2375000     4750.000000050203     52.863680735849414     386.60742804155063     4:34
2375500     4751.000000050407     43.87215328606891     345.54252527165227     4:34
2376000     4752.000000050611     50.38946736350778     266.2777005347715     4:34
2376500     4753.000000050814     51.872071457569234     257.116034173186     4:34
2377000     4754.000000051018     52.99351987560948     258.1392096528952     4:33
2377500     4755.000000051222     53.89465876220714     260.89256867447284     4:33
2378000     4756.000000051426     55.45089652252631     288.13838753822245     4:33
2378500     4757.000000051629     47.96648923673041     292.5920494606627     4:33
2379000     4758.000000051833     61.079902468355044     185.36502642611376     4:33
2379500     4759.000000052037     33.688365668791675     217.80881445164565     4:33
2380000     4760.0000000522405     49.76928147240716     464.2121155176293     4:33
2380500     4761.000000052444     58.769547949459536     291.0495314559287     4:33
2381000     4762.000000052648     46.223600265480684     288.6800253483722     4:33
2381500     4763.000000052852     72.7108834300974     307.03646771402373     4:33
2382000     4764.000000053055     55.12423029301385     404.88148884074593     4:33
2382500     4765.000000053259     55.09693350581841     268.2599141617608     4:33
2383000     4766.000000053463     67.43703558553551     343.26987822506817     4:33
2383500     4767.000000053667     72.97579742739975     333.89939805989263     4:33
2384000     4768.00000005387     36.57566271419688     247.7481797956837     4:33
2384500     4769.000000054074     58.76693413647553     212.6012769882669     4:33
2385000     4770.000000054278     53.23036090702607     271.37007892705066     4:33
2385500     4771.0000000544815     74.50979617481556     351.4518879308305     4:33
2386000     4772.000000054685     75.60473724698437     242.05583523389123     4:33
2386500     4773.000000054889     52.27615191203148     278.3551698500835     4:32
2387000     4774.000000055093     59.661230718862555     371.80579775445847     4:32
2387500     4775.000000055296     49.6981410278093     320.15354163425366     4:32
2388000     4776.0000000555     59.539445114398575     277.5341361608067     4:32
2388500     4777.000000055704     59.07723425104035     403.27758984922923     4:32
2389000     4778.000000055908     70.86429029975676     295.9383016525138     4:32
2389500     4779.000000056111     64.9414943753398     353.40823820678105     4:32
2390000     4780.000000056315     66.7425217538356     335.12559290145936     4:32
2390500     4781.000000056519     53.68304316818666     279.24466123087257     4:32
2391000     4782.0000000567225     64.65761656735339     337.5045142714559     4:32
2391500     4783.000000056926     51.067761847848885     349.45322076599274     4:32
2392000     4784.00000005713     62.057233217063356     237.17019249503588     4:32
2392500     4785.000000057334     46.70003690678931     313.1759288743013     4:32
2393000     4786.000000057537     52.15282918678162     343.78132476880273     4:32
2393500     4787.000000057741     55.04004836024245     336.04361057273536     4:32
2394000     4788.000000057945     68.41183705630425     254.44804184138664     4:32
2394500     4789.0000000581485     60.43862307923695     334.7156191653959     4:32
2395000     4790.000000058352     78.07821792397993     268.6030506194853     4:32
2395500     4791.000000058556     45.97534563436608     310.3739610419153     4:32
2396000     4792.00000005876     50.80780702634064     416.30518030457444     4:31
2396500     4793.000000058963     54.6271032887563     300.6789370175346     4:31
2397000     4794.000000059167     44.222090421139285     223.51970106713716     4:31
2397500     4795.000000059371     39.16504156438765     251.67823049290493     4:31
2398000     4796.000000059575     53.24006774065373     244.97301072046722     4:31
2398500     4797.000000059778     47.638935734584436     381.70337180285645     4:31
2399000     4798.000000059982     44.15840133800856     590.3040987743072     4:31
2399500     4799.000000060186     52.527510560677854     452.33148957807305     4:31
2400000     4800.0000000603895     63.638912827813215     333.6436903849895     4:31
2400500     4801.000000060593     69.34696877843544     245.870986849781     4:31
2401000     4802.000000060797     40.22278519698864     390.17512001564563     4:31
2401500     4803.000000061001     41.61675172411594     246.09788480054505     4:31
2402000     4804.000000061204     56.13822279618438     233.85886387381254     4:31
2402500     4805.000000061408     52.25595345012624     249.3778041147934     4:31
2403000     4806.000000061612     46.56516963033869     260.1413420563008     4:31
2403500     4807.000000061816     65.42550911550808     250.30383404829809     4:31
2404000     4808.000000062019     66.15197535337029     370.9129138402048     4:31
2404500     4809.000000062223     55.75450842852729     334.7795483122594     4:31
2405000     4810.000000062427     53.07957354630145     360.78286241006157     4:31
2405500     4811.0000000626305     55.8502949296917     280.3681795375717     4:30
2406000     4812.000000062834     83.4124348906513     246.16353070332048     4:30
2406500     4813.000000063038     61.61047750536227     430.9011416107494     4:30
2407000     4814.000000063242     57.84746511931036     297.25006214202796     4:30
2407500     4815.000000063445     70.8572756599188     383.10494329350354     4:30
2408000     4816.000000063649     65.11326615057277     287.7128312481979     4:30
2408500     4817.000000063853     58.61525161234448     236.69316668331118     4:30
2409000     4818.000000064057     49.80801754103487     211.61455594907343     4:30
2409500     4819.00000006426     41.141061060788104     244.53105630541106     4:30
2410000     4820.000000064464     57.62004273909736     224.39314564209144     4:30
2410500     4821.000000064668     43.9784662328733     185.44232062128756     4:30
2411000     4822.0000000648715     49.05138499257845     215.9081298377993     4:30
2411500     4823.000000065075     85.21298880317619     214.7843100301572     4:30
2412000     4824.000000065279     55.30062341533272     260.16909835566526     4:30
2412500     4825.000000065483     47.29163290425481     426.7583251928057     4:30
2413000     4826.000000065686     58.28720273710968     328.02861141586345     4:30
2413500     4827.00000006589     54.1193565340551     379.84372386745065     4:30
2414000     4828.000000066094     68.57271900061829     314.2948443812393     4:30
2414500     4829.000000066298     65.52382205123212     200.79504701793437     4:30
2415000     4830.000000066501     47.17474524287053     243.69736611562632     4:30
2415500     4831.000000066705     48.99317259760619     315.80137365651944     4:29
2416000     4832.000000066909     53.557909912391494     384.2142028749064     4:29
2416500     4833.0000000671125     56.47701121951337     224.39461475986838     4:29
2417000     4834.000000067316     51.26263991987531     276.4382345557988     4:29
2417500     4835.00000006752     44.87261668431711     371.3432292871347     4:29
2418000     4836.000000067724     45.181178305872834     300.03420908655806     4:29
2418500     4837.000000067927     62.76200968109737     200.5624075437093     4:29
2419000     4838.000000068131     48.36693254034816     253.1392956105174     4:29
2419500     4839.000000068335     57.42982826099461     260.4980498588279     4:29
2420000     4840.000000068539     57.76994426714401     312.5435138746805     4:29
2420500     4841.000000068742     57.282597423127584     224.9463462277442     4:29
2421000     4842.000000068946     70.83511309917492     353.20539455295955     4:29
2421500     4843.00000006915     51.53561935162003     328.0398323175363     4:29
2422000     4844.0000000693535     54.42470714070117     223.39932665214826     4:29
2422500     4845.000000069557     55.86654157375767     320.270919736794     4:29
2423000     4846.000000069761     51.44950267978288     324.6512487599574     4:29
2423500     4847.000000069965     67.37953550108642     296.8411223345338     4:29
2424000     4848.000000070168     99.34635343079816     220.67846254922296     4:29
2424500     4849.000000070372     72.06003630229372     371.42571359011595     4:29
2425000     4850.000000070576     58.74028194317867     333.09326576833763     4:28
2425500     4851.00000007078     58.87348168467679     359.9766232935304     4:28
2426000     4852.000000070983     52.46538125048028     258.4544324369177     4:28
2426500     4853.000000071187     71.30921283128396     202.3674763732249     4:28
2427000     4854.000000071391     63.285749277492016     175.89377974871272     4:28
2427500     4855.0000000715945     47.88141728079643     329.16667461824545     4:28
2428000     4856.000000071798     41.55531968264205     381.285078466869     4:28
2428500     4857.000000072002     62.988260130139054     291.14158996991523     4:28
2429000     4858.000000072206     51.68690187873955     282.7174442731168     4:28
2429500     4859.000000072409     54.57054182560279     238.6341191712012     4:28
2430000     4860.000000072613     46.537663498629854     224.12142468029518     4:28
2430500     4861.000000072817     62.961517682670035     331.06776901568537     4:28
2431000     4862.000000073021     66.10701675580003     298.94667975755647     4:28
2431500     4863.000000073224     47.041704589206745     283.40638659445733     4:28
2432000     4864.000000073428     63.611484864461204     352.4595583812407     4:28
2432500     4865.000000073632     97.02368674630947     275.2921432762539     4:28
2433000     4866.0000000738355     66.49129089163517     308.23026390702     4:28
2433500     4867.000000074039     60.0281391872694     250.39251557734653     4:28
2434000     4868.000000074243     50.62056999311443     272.1772515651804     4:28
2434500     4869.000000074447     72.64205346385415     247.62034690757073     4:27
2435000     4870.00000007465     54.379781537057056     245.33521417629922     4:27
2435500     4871.000000074854     71.92328547946914     259.3201796194128     4:27
2436000     4872.000000075058     89.15525414375526     270.2350358200658     4:27
2436500     4873.000000075262     66.06017212769103     323.07693672514984     4:27
2437000     4874.000000075465     66.99451877945796     296.50541715212154     4:27
2437500     4875.000000075669     52.77140425575044     264.4152467926942     4:27
2438000     4876.000000075873     50.69889257949359     293.8594903105781     4:27
2438500     4877.0000000760765     71.14697709741705     264.17069327220713     4:27
2439000     4878.00000007628     56.8475653927066     296.87455927107357     4:27
2439500     4879.000000076484     74.40023553122688     328.0311741617699     4:27
2440000     4880.000000076688     55.14414992876067     371.78697276359446     4:27
2440500     4881.000000076891     73.7979890118466     341.7611710904577     4:27
2441000     4882.000000077095     62.48906239703189     329.8251411496686     4:27
2441500     4883.000000077299     58.00097999867182     193.64002646759803     4:27
2442000     4884.000000077503     55.97663635517529     374.17747852445194     4:27
2442500     4885.000000077706     67.43882596270811     260.54786162182853     4:27
2443000     4886.00000007791     70.13360601555848     352.5641187823511     4:27
2443500     4887.000000078114     58.36875679418199     234.07381174060856     4:27
2444000     4888.0000000783175     60.2511225036485     428.61812754784467     4:26
2444500     4889.000000078521     54.524613582337     336.87084773655243     4:26
2445000     4890.000000078725     66.93039857299203     367.91911119508234     4:26
2445500     4891.000000078929     58.39357295915016     333.04569812754625     4:26
2446000     4892.000000079132     52.752464918258     313.9918233638742     4:26
2446500     4893.000000079336     39.107885628578686     315.6803080828903     4:26
2447000     4894.00000007954     64.5840384443963     252.40040645743505     4:26
2447500     4895.000000079744     54.55572222949985     271.30319856330897     4:26
2448000     4896.000000079947     56.18132116524674     309.8133237074815     4:26
2448500     4897.000000080151     48.26327841412598     231.95930107888196     4:26
2449000     4898.000000080355     50.8061398901562     365.56434044054805     4:26
2449500     4899.0000000805585     70.97637791796535     322.9072731423365     4:26
2450000     4900.000000080762     63.32855948482842     253.83459006193598     4:26
2450500     4901.000000080966     57.31315810226778     318.698770933108     4:26
2451000     4902.00000008117     68.04052653837772     324.51344202495983     4:26
2451500     4903.000000081373     75.38193255586526     373.55223846742734     4:26
2452000     4904.000000081577     61.63734979912738     371.69741009083486     4:26
2452500     4905.000000081781     55.31074871871277     419.1027746416357     4:26
2453000     4906.000000081985     76.35444811186778     266.1927119987185     4:26
2453500     4907.000000082188     71.39545954639414     259.8168403379616     4:25
2454000     4908.000000082392     55.53735371816913     345.1497138634283     4:25
2454500     4909.000000082596     61.5297767327196     164.96846505699722     4:25
2455000     4910.0000000827995     53.33457905744956     236.77768556667826     4:25
2455500     4911.000000083003     73.49752447585212     187.95743136468812     4:25
2456000     4912.000000083207     53.37675238984792     310.0412268389942     4:25
2456500     4913.000000083411     45.54291322251703     337.16884241423423     4:25
2457000     4914.000000083614     68.02488503809656     343.4076426254486     4:25
2457500     4915.000000083818     55.456612996276874     374.4808474219316     4:25
2458000     4916.000000084022     68.9608714016286     263.4833375786906     4:25
2458500     4917.000000084226     54.04699041427301     222.88970260399284     4:25
2459000     4918.000000084429     51.16890112075106     270.50755382548283     4:25
2459500     4919.000000084633     60.99034631724771     235.26016101289062     4:25
2460000     4920.000000084837     55.04627459968327     354.879046074644     4:25
2460500     4921.0000000850405     69.6955536479789     358.3658008967935     4:25
2461000     4922.000000085244     63.73639512811275     177.2004204136339     4:25
2461500     4923.000000085448     68.7557711916333     502.43298517628733     4:25
2462000     4924.000000085652     68.69588104550297     421.4444171601516     4:25
2462500     4925.000000085855     66.83646821233839     382.0150305836838     4:25
2463000     4926.000000086059     80.97094675605234     328.86526144445065     4:25
2463500     4927.000000086263     81.73188567208223     251.65759551551764     4:24
2464000     4928.000000086467     44.139655528604465     275.9193549445542     4:24
2464500     4929.00000008667     52.46639648601223     226.96526726153965     4:24
2465000     4930.000000086874     40.4888354023945     396.61272494508273     4:24
2465500     4931.000000087078     61.406032604719314     324.9803676640775     4:24
2466000     4932.0000000872815     57.31721818472403     343.76538738390616     4:24
2466500     4933.000000087485     46.242266976115786     285.96336763044087     4:24
2467000     4934.000000087689     50.762876843097104     376.9729890683459     4:24
2467500     4935.000000087893     37.62639096637656     227.46144243981163     4:24
2468000     4936.000000088096     47.41477724904206     238.62638443321592     4:24
2468500     4937.0000000883     83.2197302701639     240.47798016944586     4:24
2469000     4938.000000088504     54.96606759385986     273.01922122419074     4:24
2469500     4939.000000088708     69.185869213491     213.53974714760523     4:24
2470000     4940.000000088911     70.47139949205217     254.52925237614565     4:24
2470500     4941.000000089115     55.65020217673458     314.77445393664675     4:24
2471000     4942.000000089319     49.54848970490758     330.9186353971588     4:24
2471500     4943.0000000895225     66.41665110236744     307.66708475179945     4:24
2472000     4944.000000089726     71.0428979120627     362.39555295952357     4:24
2472500     4945.00000008993     63.710572249714744     288.96154628965246     4:24
2473000     4946.000000090134     58.00120728711221     439.93358751144257     4:23
2473500     4947.000000090337     58.126363480659904     360.75815297250693     4:23
2474000     4948.000000090541     67.5286022969795     251.49155827531854     4:23
2474500     4949.000000090745     48.1919812040324     172.61583606607556     4:23
2475000     4950.000000090949     52.5871759608911     185.22979948712015     4:23
2475500     4951.000000091152     51.72708595992782     250.38693326885857     4:23
2476000     4952.000000091356     65.26912718902992     223.6803898564357     4:23
2476500     4953.00000009156     53.67608493947324     272.28487730257154     4:23
2477000     4954.0000000917635     36.81616978260803     303.34492649569205     4:23
2477500     4955.000000091967     62.25371353388255     304.355457681213     4:23
2478000     4956.000000092171     86.09576483803056     298.38020857725866     4:23
2478500     4957.000000092375     82.45908607928789     375.79092062992106     4:23
2479000     4958.000000092578     75.06183133556004     192.525120324996     4:23
2479500     4959.000000092782     58.82480806405732     215.04610296720588     4:23
2480000     4960.000000092986     50.98968937598846     329.0037303238601     4:23
2480500     4961.00000009319     59.581453745048805     345.5592767744861     4:23
2481000     4962.000000093393     67.71358148724465     335.15750634881755     4:23
2481500     4963.000000093597     51.572272912919004     330.88020186173077     4:23
2482000     4964.000000093801     50.38865707648671     324.5225557380191     4:23
2482500     4965.0000000940045     48.48058895056573     299.94795777765813     4:22
2483000     4966.000000094208     67.55800622137792     283.1481793001807     4:22
2483500     4967.000000094412     52.932596095913425     409.9418539311896     4:22
2484000     4968.000000094616     73.50250521554955     316.5225284558345     4:22
2484500     4969.000000094819     59.16343547926937     362.1082898408723     4:22
2485000     4970.000000095023     58.34948671185458     265.6630788134737     4:22
2485500     4971.000000095227     50.53880958912288     324.09568629985955     4:22
2486000     4972.000000095431     46.11247023138321     308.7668669008754     4:22
2486500     4973.000000095634     82.57358359027836     280.0218075816557     4:22
2487000     4974.000000095838     72.39440523463469     248.88763459118053     4:22
2487500     4975.000000096042     61.31029205915803     287.122440355321     4:22
2488000     4976.0000000962455     74.5116529449985     271.26638372151336     4:22
2488500     4977.000000096449     62.628838996377226     381.14758434928433     4:22
2489000     4978.000000096653     74.3619077603542     443.53423233493385     4:22
2489500     4979.000000096857     54.90360783631985     358.0687110852242     4:22
2490000     4980.00000009706     52.42564997269335     296.6011108243978     4:22
2490500     4981.000000097264     48.62890979946104     267.15436065155313     4:22
2491000     4982.000000097468     63.21785514838666     257.29197151375416     4:22
2491500     4983.000000097672     86.88956167391257     312.29733497614785     4:22
2492000     4984.000000097875     57.02263458049663     339.33834971548896     4:21
2492500     4985.000000098079     61.46565905653671     256.5603243169327     4:21
2493000     4986.000000098283     59.76716375122538     218.10292566688335     4:21
2493500     4987.000000098486     48.7115200419459     301.18893759674967     4:21
2494000     4988.00000009869     34.5225030108777     302.6833552965132     4:21
2494500     4989.000000098894     39.134865942817214     315.38148536141034     4:21
2495000     4990.000000099098     56.356927675266945     273.646400536056     4:21
2495500     4991.000000099301     44.64482507638496     204.83692898987968     4:21
2496000     4992.000000099505     55.665114109925014     303.9004889073522     4:21
2496500     4993.000000099709     48.11896597460628     299.5954125723746     4:21
2497000     4994.0000000999125     53.81303635969692     203.94995637349547     4:21
2497500     4995.000000100116     63.760206799117384     238.46948866092228     4:21
2498000     4996.00000010032     69.49303662652568     318.74636298653894     4:21
2498500     4997.000000100524     55.958741060235525     498.7338862116077     4:21
2499000     4998.000000100727     50.97649320056206     355.4105200891666     4:21
2499500     4999.000000100931     78.40276038790631     224.61092261412975     4:21
2500000     5000.000000101135     55.32715984976903     357.8428871937277     4:21
2500500     5001.000000101339     61.26990929699434     323.039674221419     4:21
2501000     5002.000000101542     52.533932865305076     261.75759442471696     4:21
2501500     5003.000000101746     74.37707206595582     247.61103019178802     4:20
2502000     5004.00000010195     47.56875370705285     298.47845094848594     4:20
2502500     5005.0000001021535     64.20868098063846     260.9396622063028     4:20
2503000     5006.000000102357     48.86102406735432     319.17490197799674     4:20
2503500     5007.000000102561     56.667512993955654     302.6926028431503     4:20
2504000     5008.000000102765     52.69218811514372     424.208742736635     4:20
2504500     5009.000000102968     53.911014300992804     276.3822760873324     4:20
2505000     5010.000000103172     44.85109056501943     222.12544770115525     4:20
2505500     5011.000000103376     44.46874452716014     292.33597061312906     4:20
2506000     5012.00000010358     42.670118542161504     230.454428763078     4:20
2506500     5013.000000103783     67.8059280380075     185.82229398421518     4:20
2507000     5014.000000103987     49.20085372837667     377.1303325994503     4:20
2507500     5015.000000104191     45.380724303169586     320.11293237075756     4:20
2508000     5016.0000001043945     54.16563347704772     314.01522636646695     4:20
2508500     5017.000000104598     65.02715838546118     335.17466165317944     4:20
2509000     5018.000000104802     60.61008501226803     389.2228707134413     4:20
2509500     5019.000000105006     44.536347400147804     359.0599502791634     4:20
2510000     5020.000000105209     51.69047640348589     342.54711432280055     4:20
2510500     5021.000000105413     48.375395894893984     347.5907325362181     4:20
2511000     5022.000000105617     70.02325781489327     199.2847461835845     4:19
2511500     5023.000000105821     56.86746154563565     334.75280513743905     4:19
2512000     5024.000000106024     45.37418513931635     381.7799606471213     4:19
2512500     5025.000000106228     61.79543896261231     390.21458798823966     4:19
2513000     5026.000000106432     63.805050305017346     268.1819344509477     4:19
2513500     5027.0000001066355     61.48018501118736     336.12060338806054     4:19
2514000     5028.000000106839     62.869232426704286     203.6134044018654     4:19
2514500     5029.000000107043     43.943291911246604     216.93486646287485     4:19
2515000     5030.000000107247     41.55482927247476     318.27708908399154     4:19
2515500     5031.00000010745     44.813121537899065     380.40884804160737     4:19
2516000     5032.000000107654     72.40307421074391     242.05411046152716     4:19
2516500     5033.000000107858     79.11337870527638     291.6023977240444     4:19
2517000     5034.000000108062     48.33497034443127     320.1826856759297     4:19
2517500     5035.000000108265     44.24060359281083     470.92802463557484     4:19
2518000     5036.000000108469     52.35999704889292     209.2844638786463     4:19
2518500     5037.000000108673     49.6936737340763     395.9221907162005     4:19
2519000     5038.0000001088765     67.35888484456513     387.7674811712564     4:19
2519500     5039.00000010908     70.72787572624526     299.3082945006466     4:19
2520000     5040.000000109284     46.5534878571446     377.8112801688184     4:19
2520500     5041.000000109488     63.55469745223172     243.55785039897998     4:18
2521000     5042.000000109691     51.88849084528357     307.39132470909095     4:18
2521500     5043.000000109895     57.511488616100166     309.7278966157953     4:18
2522000     5044.000000110099     62.026599975173156     204.59321647029614     4:18
2522500     5045.000000110303     70.88087367235534     331.57945154826956     4:18
2523000     5046.000000110506     58.96074302244864     341.7682564231666     4:18
2523500     5047.00000011071     61.28960821908021     476.70798395703366     4:18
2524000     5048.000000110914     67.299348090965     316.4175984987043     4:18
2524500     5049.0000001111175     65.98014771182443     334.00279636607564     4:18
2525000     5050.000000111321     56.028020214717856     358.0936131401401     4:18
2525500     5051.000000111525     60.456010883646854     308.50063776579964     4:18
2526000     5052.000000111729     59.62506128203228     355.35962922936955     4:18
2526500     5053.000000111932     63.612270845446346     341.56473378069626     4:18
2527000     5054.000000112136     54.491389445068705     347.42432784704266     4:18
2527500     5055.00000011234     58.55563380704882     342.03279522513776     4:18
2528000     5056.000000112544     72.0444032021955     392.9012372439263     4:18
2528500     5057.000000112747     67.30481520191722     312.99413070802734     4:18
2529000     5058.000000112951     60.047904092337774     157.82714026389377     4:18
2529500     5059.000000113155     46.77558529460231     227.25888563450565     4:18
2530000     5060.0000001133585     68.0413849374034     251.43824407353736     4:17
2530500     5061.000000113562     64.94557003230193     177.3152971893691     4:17
2531000     5062.000000113766     41.50597611008601     246.73822591580816     4:17
2531500     5063.00000011397     62.39538985258588     336.23185333680374     4:17
2532000     5064.000000114173     74.1093423167531     587.8860578204279     4:17
2532500     5065.000000114377     55.430339150725956     333.51623354355837     4:17
2533000     5066.000000114581     58.265621355622784     291.24928322956754     4:17
2533500     5067.000000114785     54.58880780093551     326.6910872602558     4:17
2534000     5068.000000114988     69.63457112123615     382.07159345873174     4:17
2534500     5069.000000115192     49.999395924637724     342.78354744372166     4:17
2535000     5070.000000115396     61.44813003700773     292.49495463486545     4:17
2535500     5071.0000001155995     68.28437369426047     438.02538564522973     4:17
2536000     5072.000000115803     71.76869635969439     324.25150176441235     4:17
2536500     5073.000000116007     55.82046758373298     254.6400194971275     4:17
2537000     5074.000000116211     82.27450358769175     390.32187136742283     4:17
2537500     5075.000000116414     62.62221443060599     375.132368073006     4:17
2538000     5076.000000116618     55.80362174927143     294.61787661344675     4:17
2538500     5077.000000116822     68.41356262044633     229.0160977465766     4:17
2539000     5078.000000117026     67.0377369904071     210.16938086843055     4:17
2539500     5079.000000117229     44.41231122262178     348.59585583768614     4:16
2540000     5080.000000117433     53.8398020396171     276.5137492439205     4:16
2540500     5081.000000117637     48.125572927965095     302.66947961715755     4:16
2541000     5082.0000001178405     46.893890120544086     210.49467088737177     4:16
2541500     5083.000000118044     47.25043336933578     242.36827662388185     4:16
2542000     5084.000000118248     56.704580405327874     200.57014521218008     4:16
2542500     5085.000000118452     62.650810824419466     294.08187792929743     4:16
2543000     5086.000000118655     49.14781389373462     438.3420953721312     4:16
2543500     5087.000000118859     59.27890941018097     155.68768937828295     4:16
2544000     5088.000000119063     71.53282368054926     260.84129021558414     4:16
2544500     5089.000000119267     69.40194791066585     327.822465468156     4:16
2545000     5090.00000011947     73.17789914494671     376.54098551644915     4:16
2545500     5091.000000119674     49.58405461294586     329.64699136519744     4:16
2546000     5092.000000119878     47.74950805346555     378.6436839481211     4:16
2546500     5093.0000001200815     60.057134849737565     341.14656118797745     4:16
2547000     5094.000000120285     59.54440120846283     353.9423325112892     4:16
2547500     5095.000000120489     64.10381021623738     209.42027612762797     4:16
2548000     5096.000000120693     48.21140326393248     303.2405858083382     4:16
2548500     5097.000000120896     50.832029590192235     364.66916294911476     4:16
2549000     5098.0000001211     83.66913275299532     201.13786247851058     4:15
2549500     5099.000000121304     51.84195053173363     318.9314576826034     4:15
2550000     5100.000000121508     55.54661540820149     375.1565697176662     4:15
2550500     5101.000000121711     46.397975445149484     327.2660394109317     4:15
2551000     5102.000000121915     53.08617032024688     231.50411966318     4:15
2551500     5103.000000122119     49.2093826970991     367.8875921523236     4:15
2552000     5104.0000001223225     70.75291723551277     319.5411341974944     4:15
2552500     5105.000000122526     69.3147678033792     366.28270929268007     4:15
2553000     5106.00000012273     46.52829084827721     482.83056234810175     4:15
2553500     5107.000000122934     63.68756099646811     249.70920346945545     4:15
2554000     5108.000000123137     50.99164069264458     332.1929014628658     4:15
2554500     5109.000000123341     63.424662288862635     336.84524357605864     4:15
2555000     5110.000000123545     48.66079056239835     213.04573854266147     4:15
2555500     5111.000000123749     48.18999214371189     362.90155909323795     4:15
2556000     5112.000000123952     58.49562504725037     355.1694309353674     4:15
2556500     5113.000000124156     53.40883372581743     383.98106255406697     4:15
2557000     5114.00000012436     41.356810767357445     340.49247352847226     4:15
2557500     5115.0000001245635     52.51383067247133     431.78306468575505     4:15
2558000     5116.000000124767     61.35775156927576     180.47333029717007     4:15
2558500     5117.000000124971     63.44042418649417     241.89630861217668     4:14
2559000     5118.000000125175     73.61189729146378     462.4453710447924     4:14
2559500     5119.000000125378     79.03330258883551     342.5447657203063     4:14
2560000     5120.000000125582     60.348215606435986     255.43831494386322     4:14
2560500     5121.000000125786     61.70759849704183     330.20294021344256     4:14
2561000     5122.00000012599     69.11592119146229     313.1766659519542     4:14
2561500     5123.000000126193     55.50338920494062     343.91974075415965     4:14
2562000     5124.000000126397     60.091747647659815     291.6996053674791     4:14
2562500     5125.000000126601     68.43661950215665     370.17990258714474     4:14
2563000     5126.0000001268045     54.45428296087994     332.7484537025927     4:14
2563500     5127.000000127008     77.5417122004348     260.18766494309835     4:14
2564000     5128.000000127212     60.915951866310536     321.74333670760944     4:14
2564500     5129.000000127416     50.688459843708245     193.80499044775283     4:14
2565000     5130.000000127619     40.38927564639653     329.8404511684773     4:14
2565500     5131.000000127823     42.42270906913956     317.4490589453269     4:14
2566000     5132.000000128027     55.926673875396204     289.23592006740154     4:14
2566500     5133.000000128231     64.15006838672417     275.16406333125923     4:14
2567000     5134.000000128434     55.314473066553035     315.002291580285     4:14
2567500     5135.000000128638     44.4650150621236     372.99925749865565     4:14
2568000     5136.000000128842     47.552820480653     286.31674485142025     4:13
2568500     5137.0000001290455     30.29292890208194     317.13476180722313     4:13
2569000     5138.000000129249     43.93472069208855     285.7335703396579     4:13
2569500     5139.000000129453     52.25112131971929     303.0358175278847     4:13
2570000     5140.000000129657     58.56507254784498     269.0083559952565     4:13
2570500     5141.00000012986     60.447597955398294     357.7631924707627     4:13
2571000     5142.000000130064     52.30990664096629     356.0155844558054     4:13
2571500     5143.000000130268     68.7328548694507     221.8865615943304     4:13
2572000     5144.000000130472     74.2452333217692     289.13923988713975     4:13
2572500     5145.000000130675     62.072236186503176     326.1559742124215     4:13
2573000     5146.000000130879     60.61931415100702     355.7868153537152     4:13
2573500     5147.000000131083     58.54874557346642     287.44504009168884     4:13
2574000     5148.0000001312865     69.82632638569288     298.85516665293915     4:13
2574500     5149.00000013149     69.64228714031503     339.1491364036825     4:13
2575000     5150.000000131694     59.62152704404053     329.763344330625     4:13
2575500     5151.000000131898     57.3565342734974     342.8188136329105     4:13
2576000     5152.000000132101     54.74826613473675     381.0024266972465     4:13
2576500     5153.000000132305     55.87670763152943     329.4669849122953     4:13
2577000     5154.000000132509     49.82675945484044     299.22848817704335     4:13
2577500     5155.000000132713     47.85541565952934     241.3293797433238     4:13
2578000     5156.000000132916     73.63061735804058     218.60127072436185     4:12
2578500     5157.00000013312     39.58345650632651     297.913785819142     4:12
2579000     5158.000000133324     51.81485101105261     274.8344410617604     4:12
2579500     5159.0000001335275     48.38858406281798     350.19305220337026     4:12
2580000     5160.000000133731     54.40548745276965     286.6083238002227     4:12
2580500     5161.000000133935     58.82262809420081     378.6385236779843     4:12
2581000     5162.000000134139     48.10525726525589     255.31037454810414     4:12
2581500     5163.000000134342     53.46297711771581     388.70246899349166     4:12
2582000     5164.000000134546     45.919970104171796     309.99626156621093     4:12
2582500     5165.00000013475     52.619139272681934     275.55504870794624     4:12
2583000     5166.000000134954     73.70005982137894     401.87237893776813     4:12
2583500     5167.000000135157     50.235711647954986     540.854319612662     4:12
2584000     5168.000000135361     68.54913903259495     467.0784734792027     4:12
2584500     5169.000000135565     53.94545081729234     338.60922244557906     4:12
2585000     5170.0000001357685     31.469193817075222     314.22434668431     4:12
2585500     5171.000000135972     42.46233272031378     369.32999896557214     4:12
2586000     5172.000000136176     59.200404365498684     223.66502176678716     4:12
2586500     5173.00000013638     63.30476973807487     424.99309260830273     4:12
2587000     5174.000000136583     71.56798473941734     333.4426968604989     4:12
2587500     5175.000000136787     59.034681773111004     328.2920650663161     4:11
2588000     5176.000000136991     69.54467546140711     271.47445613648836     4:11
2588500     5177.000000137195     36.91119214127781     347.50717998650254     4:11
2589000     5178.000000137398     52.50730918550806     251.39004577288927     4:11
2589500     5179.000000137602     52.98574978604762     273.4048747641348     4:11
2590000     5180.000000137806     41.94561963049733     201.19905837849257     4:11
2590500     5181.000000138009     44.78393444134184     247.9619890114365     4:11
2591000     5182.000000138213     57.21102425156391     240.42871381581446     4:11
2591500     5183.000000138417     83.43549718426408     230.09488667246646     4:11
2592000     5184.000000138621     61.76962033724061     233.91409998971028     4:11
2592500     5185.000000138824     46.42076151845566     377.31190364098785     4:11
2593000     5186.000000139028     54.726227065174044     275.6530536371906     4:11
2593500     5187.000000139232     53.66115463543059     294.3805859501213     4:11
2594000     5188.0000001394355     58.89331611531071     235.0897607883645     4:11
2594500     5189.000000139639     49.79362195426279     339.204354742916     4:11
2595000     5190.000000139843     77.65367387830463     302.6652110864957     4:11
2595500     5191.000000140047     61.12338794222927     424.24032668601484     4:11
2596000     5192.00000014025     68.206209810183     351.10398456615627     4:11
2596500     5193.000000140454     65.08300242127387     353.0633247849878     4:11
2597000     5194.000000140658     71.60497530242498     417.91259665370706     4:10
2597500     5195.000000140862     49.841924712685625     260.2736139033941     4:10
2598000     5196.000000141065     58.7707488205956     243.34224242215876     4:10
2598500     5197.000000141269     45.907187197869064     267.28729929308486     4:10
2599000     5198.000000141473     53.13321574925027     316.97185810974963     4:10
2599500     5199.0000001416765     46.622042458210785     286.11765415656214     4:10
2600000     5200.00000014188     71.37079537391281     293.31153175802984     4:10
2600500     5201.000000142084     68.71238681516996     381.0044919387452     4:10
2601000     5202.000000142288     64.66048052596835     328.7566674358969     4:10
2601500     5203.000000142491     46.64519498593961     402.01157806510383     4:10
2602000     5204.000000142695     54.620093302250325     321.54228060151104     4:10
2602500     5205.000000142899     39.66944411303149     259.88447991542023     4:10
2603000     5206.000000143103     42.95928471813147     396.3508827225958     4:10
2603500     5207.000000143306     41.43986371106013     209.56753783193332     4:10
2604000     5208.00000014351     48.22939876575623     392.1183808542372     4:10
2604500     5209.000000143714     80.30650260868072     240.36678611789733     4:10
2605000     5210.0000001439175     56.72311760835771     195.75470639513645     4:10
2605500     5211.000000144121     43.48747305335371     317.515123520028     4:10
2606000     5212.000000144325     31.317949695582627     320.2282950742717     4:10
2606500     5213.000000144529     46.37127682975972     210.45779297959047     4:09
2607000     5214.000000144732     56.12767313025091     189.63980570657122     4:09
2607500     5215.000000144936     48.860038216762234     167.5131151791004     4:09
2608000     5216.00000014514     62.007200253953044     299.66342381289627     4:09
2608500     5217.000000145344     60.9952093624633     253.76848850499212     4:09
2609000     5218.000000145547     53.557032467632894     330.6005371529414     4:09
2609500     5219.000000145751     40.620593316623     326.32943880447283     4:09
2610000     5220.000000145955     59.7443234261641     298.1136392152371     4:09
2610500     5221.0000001461585     71.5301115061418     289.315198055952     4:09
2611000     5222.000000146362     55.22248347615988     336.9664211378283     4:09
2611500     5223.000000146566     56.87113817705085     426.1550937116491     4:09
2612000     5224.00000014677     57.516077105501154     288.6966960327751     4:09
2612500     5225.000000146973     56.92059200436432     288.78278691575747     4:09
2613000     5226.000000147177     57.61049799271319     319.42646696358264     4:09
2613500     5227.000000147381     73.87229953367859     293.58151685521113     4:09
2614000     5228.000000147585     60.500196660373035     299.83950031822513     4:09
2614500     5229.000000147788     65.01418588072477     392.9111863633257     4:09
2615000     5230.000000147992     64.4233493606555     267.41386158565     4:09
2615500     5231.000000148196     48.47923388922476     245.6186631348559     4:09
2616000     5232.0000001483995     51.102588079911584     287.4761280382322     4:08
2616500     5233.000000148603     47.768135730287156     289.6512205300226     4:08
2617000     5234.000000148807     45.27221503170699     289.39545945247033     4:08
2617500     5235.000000149011     37.552786629324885     212.01769579292863     4:08
2618000     5236.000000149214     49.962474842859365     327.9663447503828     4:08
2618500     5237.000000149418     49.644337757262235     205.24769722658073     4:08
2619000     5238.000000149622     64.43194074185539     212.05641583780775     4:08
2619500     5239.000000149826     56.259870194035955     302.0023496018126     4:08
2620000     5240.000000150029     54.00494374001431     302.14667208969905     4:08
2620500     5241.000000150233     47.28433191613266     193.14735016793003     4:08
2621000     5242.000000150437     49.45834960528981     258.1481001162402     4:08
2621500     5243.0000001506405     51.79192530874167     345.72391263713934     4:08
2622000     5244.000000150844     39.34460178929373     426.13912280781085     4:08
2622500     5245.000000151048     48.44472116088815     259.06086730201963     4:08
2623000     5246.000000151252     54.280907028741126     179.04679785127018     4:08
2623500     5247.000000151455     35.33388145616476     366.7832257551551     4:08
2624000     5248.000000151659     42.94586656043316     401.070709170172     4:08
2624500     5249.000000151863     86.3147308037984     268.5686492868051     4:08
2625000     5250.000000152067     42.17721016687142     309.36233148136273     4:08
2625500     5251.00000015227     52.2700989422803     247.50652956289449     4:07
2626000     5252.000000152474     58.330500497805474     307.3390155911829     4:07
2626500     5253.000000152678     60.74961916468436     380.1948165691147     4:07
2627000     5254.0000001528815     66.97633905400932     383.9799262038181     4:07
2627500     5255.000000153085     51.51243254626752     347.9300362579606     4:07
2628000     5256.000000153289     59.80480215505321     205.6215716679096     4:07
2628500     5257.000000153493     43.51257895199785     177.71494279253744     4:07
2629000     5258.000000153696     40.693620460898785     243.87762662466886     4:07
2629500     5259.0000001539     43.967240955134514     217.68548605882532     4:07
2630000     5260.000000154104     60.806941192078796     286.23566776273697     4:07
2630500     5261.000000154308     70.25151663132363     233.08166522839443     4:07
2631000     5262.000000154511     57.825170117535095     275.5985835162987     4:07
2631500     5263.000000154715     66.5000712051895     220.8776380586287     4:07
2632000     5264.000000154919     45.307185919288884     258.8411642017782     4:07
2632500     5265.0000001551225     52.36239832561745     195.06359614420995     4:07
2633000     5266.000000155326     51.27727825151504     388.9584579950037     4:07
2633500     5267.00000015553     65.64449525821851     311.7242954395353     4:07
2634000     5268.000000155734     64.5995439838839     301.70653215376996     4:07
2634500     5269.000000155937     57.51777694259482     304.96550852324475     4:07
2635000     5270.000000156141     50.29423738032432     326.90557768068567     4:06
2635500     5271.000000156345     63.47759835903281     472.3264631223667     4:06
2636000     5272.000000156549     54.23500550697662     517.403654247307     4:06
2636500     5273.000000156752     57.860433910714505     450.54753119116396     4:06
2637000     5274.000000156956     63.597868983458625     343.0564199410099     4:06
2637500     5275.00000015716     73.66227315721198     451.37475528889075     4:06
2638000     5276.0000001573635     53.68959939242433     471.1587068361062     4:06
2638500     5277.000000157567     52.671253758092746     316.26246922791967     4:06
2639000     5278.000000157771     77.37554473532708     281.5076988764064     4:06
2639500     5279.000000157975     68.33740938969908     338.95336296998335     4:06
2640000     5280.000000158178     52.59931906141293     425.32405084012953     4:06
2640500     5281.000000158382     73.16004792794985     356.98298238214545     4:06
2641000     5282.000000158586     65.5856357992264     358.8166865598028     4:06
2641500     5283.00000015879     60.567336514957105     437.7125801969071     4:06
2642000     5284.000000158993     92.87865528285175     276.7204113445799     4:06
2642500     5285.000000159197     72.99848172825068     366.04595018551964     4:06
2643000     5286.000000159401     40.013811807157765     335.9510783372895     4:06
2643500     5287.0000001596045     65.399142661128     258.6299411031593     4:06
2644000     5288.000000159808     49.68913381219073     324.3654904819437     4:06
2644500     5289.000000160012     76.71147226611987     239.5765538172751     4:05
2645000     5290.000000160216     57.81130630530549     247.37747417794623     4:05
2645500     5291.000000160419     60.30241115554293     333.94330516099916     4:05
2646000     5292.000000160623     67.14656208667691     329.8292888765146     4:05
2646500     5293.000000160827     72.20815183325891     316.53682447821905     4:05
2647000     5294.000000161031     63.82274076521611     347.1656899772566     4:05
2647500     5295.000000161234     68.61474426936888     323.6875521579105     4:05
2648000     5296.000000161438     73.38010727959937     262.01422077049904     4:05
2648500     5297.000000161642     87.62554151452997     430.90267631327646     4:05
2649000     5298.0000001618455     79.91605418141972     378.1732657515294     4:05
2649500     5299.000000162049     66.05666590757119     257.3356325509535     4:05
2650000     5300.000000162253     37.68652472243292     331.7068124829022     4:05
2650500     5301.000000162457     61.332107803113615     298.7606178559605     4:05
2651000     5302.00000016266     42.76006859484988     272.83594914479994     4:05
2651500     5303.000000162864     45.967415302943266     299.72744828530494     4:05
2652000     5304.000000163068     49.39034142986867     354.2558806076091     4:05
2652500     5305.000000163272     53.686959188186904     335.08872131480797     4:05
2653000     5306.000000163475     55.19226362077205     235.35612942423808     4:05
2653500     5307.000000163679     63.73529239453791     282.49452529198373     4:05
2654000     5308.000000163883     74.1388997040932     234.89964009168114     4:04
2654500     5309.0000001640865     75.18673168906327     339.38435979112256     4:04
2655000     5310.00000016429     62.35777613914337     290.6260322819657     4:04
2655500     5311.000000164494     50.6204858035681     222.6639488746164     4:04
2656000     5312.000000164698     55.20757589509742     293.05349567918546     4:04
2656500     5313.000000164901     50.14214124780807     410.8597569744662     4:04
2657000     5314.000000165105     52.51403149251729     157.71863472693977     4:04
2657500     5315.000000165309     58.79043764481912     244.99210198590097     4:04
2658000     5316.000000165513     58.54170383410991     272.1041018999593     4:04
2658500     5317.000000165716     43.0753696963489     288.324891579847     4:04
2659000     5318.00000016592     61.19538597079287     267.3079323329611     4:04
2659500     5319.000000166124     48.80636458608063     308.3545930727513     4:04
2660000     5320.0000001663275     41.826399745469246     337.44505476890447     4:04
2660500     5321.000000166531     80.16718350441971     303.99095682161703     4:04
2661000     5322.000000166735     95.01123170145189     280.77450041133807     4:04
2661500     5323.000000166939     78.82856736742042     221.61116619120736     4:04
2662000     5324.000000167142     67.29230239975993     352.2446918899101     4:04
2662500     5325.000000167346     53.64577877065784     234.55757764478642     4:04
2663000     5326.00000016755     66.82242585301339     304.83744935805646     4:04
2663500     5327.000000167754     43.59501358578956     284.49887159242564     4:04
2664000     5328.000000167957     40.43788815288855     225.64444723661987     4:03
2664500     5329.000000168161     41.058366566179586     263.3976490198841     4:03
2665000     5330.000000168365     46.74546516816366     332.27040093733854     4:03
2665500     5331.0000001685685     62.44725756354279     345.1652968775482     4:03
2666000     5332.000000168772     56.14712325171104     329.98215985704024     4:03
2666500     5333.000000168976     74.60243577269074     330.0011974534171     4:03
2667000     5334.00000016918     68.00982433855057     350.70990876241996     4:03
2667500     5335.000000169383     60.52362187887803     355.4792014178955     4:03
2668000     5336.000000169587     56.44364118171103     306.74294524785614     4:03
2668500     5337.000000169791     49.13857605250308     263.5308499883068     4:03
2669000     5338.000000169995     46.055930466947586     291.6692945566303     4:03
2669500     5339.000000170198     74.68492008072144     285.7033094681572     4:03
2670000     5340.000000170402     71.22078110399292     236.16037419249818     4:03
2670500     5341.000000170606     46.97622167614696     254.06339198062017     4:03
2671000     5342.0000001708095     58.46898587620444     300.8525661042767     4:03
2671500     5343.000000171013     71.29109539744553     366.3118023778147     4:03
2672000     5344.000000171217     59.94438481950539     320.96436347762835     4:03
2672500     5345.000000171421     47.70550767435981     251.99983824781842     4:03
2673000     5346.000000171624     79.33700767646116     212.76532023893725     4:03
2673500     5347.000000171828     57.48575048197313     281.1595187382743     4:02
2674000     5348.000000172032     63.97044693406281     263.90650608005933     4:02
2674500     5349.000000172236     55.10959716853665     238.50350069918858     4:02
2675000     5350.000000172439     43.44171320180277     337.6964638817239     4:02
2675500     5351.000000172643     52.7258516937506     334.59505831340323     4:02
2676000     5352.000000172847     61.65333274075357     429.06924406529924     4:02
2676500     5353.0000001730505     43.70806772250796     423.66460914580546     4:02
2677000     5354.000000173254     59.24258719044582     303.3033755594277     4:02
2677500     5355.000000173458     35.60109239337481     381.27543760548247     4:02
2678000     5356.000000173662     49.93148674321384     279.62365506085445     4:02
2678500     5357.000000173865     50.1590322015025     241.0761567810684     4:02
2679000     5358.000000174069     71.68785050291473     321.7951649352673     4:02
2679500     5359.000000174273     48.78879015372314     381.1239571766595     4:02
2680000     5360.000000174477     47.14182602436523     323.077779954191     4:02
2680500     5361.00000017468     37.73896163647095     463.9240014198925     4:02
2681000     5362.000000174884     56.76731565398529     247.26872788102153     4:02
2681500     5363.000000175088     52.14790644315161     252.91787691687068     4:02
2682000     5364.0000001752915     44.56434092897297     207.49928408475196     4:02
2682500     5365.000000175495     49.17880081111332     287.4645901597466     4:02
2683000     5366.000000175699     50.743891875531745     173.34290259920007     4:01
2683500     5367.000000175903     48.382371292705955     299.83143092061107     4:01
2684000     5368.000000176106     75.1047029947211     357.9697848694609     4:01
2684500     5369.00000017631     49.40653882683222     267.98563059937135     4:01
2685000     5370.000000176514     50.13372216693193     204.35258212300428     4:01
2685500     5371.000000176718     59.57149010909899     317.7125334240236     4:01
2686000     5372.000000176921     48.650828843515285     218.55850142663743     4:01
2686500     5373.000000177125     54.78410446447356     297.6456691607714     4:01
2687000     5374.000000177329     42.35733338290504     324.3565295900709     4:01
2687500     5375.0000001775325     45.94342733679787     370.30721992777796     4:01
2688000     5376.000000177736     44.87068059840294     333.5945783541157     4:01
2688500     5377.00000017794     43.53610183747145     359.3056264904461     4:01
2689000     5378.000000178144     76.96174656044894     330.0433043766503     4:01
2689500     5379.000000178347     61.21267039158232     413.74022563548937     4:01
2690000     5380.000000178551     53.38990768450691     454.4326705510666     4:01
2690500     5381.000000178755     46.28621518226913     327.85834158583305     4:01
2691000     5382.0000001789585     41.2514245230218     164.4774780974594     4:01
2691500     5383.000000179162     46.9269129427027     234.55300899365807     4:01
2692000     5384.000000179366     40.97352319985606     368.16004321673284     4:01
2692500     5385.00000017957     62.98128107758981     278.8743894945227     4:00
2693000     5386.000000179773     49.40151973512013     289.51517438712517     4:00
2693500     5387.000000179977     84.20089816921     327.71156407765625     4:00
2694000     5388.000000180181     47.713072748444176     260.35882951574587     4:00
2694500     5389.000000180385     63.76201440553615     243.3897646283153     4:00
2695000     5390.000000180588     39.45446428908889     371.1449322936907     4:00
2695500     5391.000000180792     59.5978271460516     239.78271076035796     4:00
2696000     5392.000000180996     59.55376012820693     284.78760181868614     4:00
2696500     5393.0000001811995     83.71788887952044     308.5108393428929     4:00
2697000     5394.000000181403     53.45392244230828     283.3024964753053     4:00
2697500     5395.000000181607     56.197571721156635     278.86132834482544     4:00
2698000     5396.000000181811     59.76416790878949     282.4714035433432     4:00
2698500     5397.000000182014     42.68684525875335     236.09505250798318     4:00
2699000     5398.000000182218     50.89407561499394     205.52488899310225     4:00
2699500     5399.000000182422     55.769056754595624     317.38584454630103     4:00
2700000     5400.000000182626     59.249104019095     365.5493433297789     4:00
2700500     5401.000000182829     78.96177119238001     281.1199327228177     4:00
2701000     5402.000000183033     60.3099262025861     328.200217159784     4:00
2701500     5403.000000183237     50.820940852296246     354.5826079449267     4:00
2702000     5404.0000001834405     62.69191382115628     266.8022755567134     3:59
2702500     5405.000000183644     54.66396050617499     279.35143068524167     3:59
2703000     5406.000000183848     56.581056840873146     294.80474432590114     3:59
2703500     5407.000000184052     76.4659888130659     206.3754533543911     3:59
2704000     5408.000000184255     58.72141249628254     266.6807293834607     3:59
2704500     5409.000000184459     59.74606866276798     262.6953460096333     3:59
2705000     5410.000000184663     72.46903515363653     279.9735027178981     3:59
2705500     5411.000000184867     63.86077899598973     217.248457959443     3:59
2706000     5412.00000018507     52.02492547964226     331.20210518395965     3:59
2706500     5413.000000185274     57.090147344791205     248.866517415723     3:59
2707000     5414.000000185478     62.407429970821454     239.80705030736937     3:59
2707500     5415.0000001856815     56.78259098668747     245.01301993678163     3:59
2708000     5416.000000185885     66.13499733176371     325.831696082861     3:59
2708500     5417.000000186089     51.71903590500682     414.5177554197153     3:59
2709000     5418.000000186293     49.14643258075631     316.38148539920326     3:59
2709500     5419.000000186496     54.068135160024326     337.2618109771754     3:59
2710000     5420.0000001867     63.10309178532856     272.2016393077799     3:59
2710500     5421.000000186904     74.62926929089741     407.6510313111274     3:59
2711000     5422.000000187108     55.84461396274338     257.3299613591447     3:59
2711500     5423.000000187311     60.84083181133519     237.12514504756385     3:58
2712000     5424.000000187515     59.81556604603787     329.4985384911891     3:58
2712500     5425.000000187719     54.7398545646065     208.1755612836601     3:58
2713000     5426.0000001879225     55.20781460500007     316.3449017993551     3:58
2713500     5427.000000188126     48.59358297070179     357.25369530536415     3:58
2714000     5428.00000018833     63.829030646784304     234.43159583054106     3:58
2714500     5429.000000188534     54.07766955402411     372.1083723692706     3:58
2715000     5430.000000188737     54.36509422646162     276.25372062868075     3:58
2715500     5431.000000188941     63.28442738629002     304.20651713566565     3:58
2716000     5432.000000189145     49.396346006187684     348.4782683870735     3:58
2716500     5433.000000189349     58.76577947742476     308.33979353967464     3:58
2717000     5434.000000189552     57.46353582121753     197.86253249832131     3:58
2717500     5435.000000189756     49.49906997845363     227.37937441108608     3:58
2718000     5436.00000018996     72.86031216760756     407.76794576726616     3:58
2718500     5437.0000001901635     65.53497095020515     342.90794398640077     3:58
2719000     5438.000000190367     56.24483441456988     371.86433469899936     3:58
2719500     5439.000000190571     68.90378543216372     287.54706242594017     3:58
2720000     5440.000000190775     58.06906305042418     314.69213868150734     3:58
2720500     5441.000000190978     58.83567843547553     352.65377139195317     3:58
2721000     5442.000000191182     45.537867252657236     339.0386837891868     3:57
2721500     5443.000000191386     56.249231004449996     362.1980990013697     3:57
2722000     5444.00000019159     68.36096282190846     258.77491459476886     3:57
2722500     5445.000000191793     69.86566208220995     339.58232135296066     3:57
2723000     5446.000000191997     85.4583639646313     331.6602132101489     3:57
2723500     5447.000000192201     47.65599939003624     268.8915626335603     3:57
2724000     5448.0000001924045     56.60780721367985     283.56516136499704     3:57
2724500     5449.000000192608     64.47485673793034     324.8018513025098     3:57
2725000     5450.000000192812     62.31078271877897     309.62124457459777     3:57
2725500     5451.000000193016     50.43513010288808     365.922041217504     3:57
2726000     5452.000000193219     60.68345123799634     311.7180359224869     3:57
2726500     5453.000000193423     75.69852929873986     254.79867569198905     3:57
2727000     5454.000000193627     85.18155321069327     287.84580224616474     3:57
2727500     5455.000000193831     71.87333552828909     322.1895806753227     3:57
2728000     5456.000000194034     72.7092065711148     284.7712977598175     3:57
2728500     5457.000000194238     60.384345922001614     372.32403023700215     3:57
2729000     5458.000000194442     69.34113202835994     266.19886882767963     3:57
2729500     5459.0000001946455     73.01261908514647     318.317222107264     3:57
2730000     5460.000000194849     63.72253440262375     318.4960489065446     3:57
2730500     5461.000000195053     49.49519716836909     459.38024786600346     3:56
2731000     5462.000000195257     59.82466368991288     250.03584829301988     3:56
2731500     5463.00000019546     54.35622281226159     241.50448380881392     3:56
2732000     5464.000000195664     68.24680319485577     320.69155319866474     3:56
2732500     5465.000000195868     58.03995452352581     358.61893826949694     3:56
2733000     5466.000000196072     52.791323584064514     274.14065409083815     3:56
2733500     5467.000000196275     50.55603687526326     503.1507691906998     3:56
2734000     5468.000000196479     71.78665493114323     400.6977118885472     3:56
2734500     5469.000000196683     46.14327911463954     285.8382896651147     3:56
2735000     5470.0000001968865     29.898526093948533     522.9937160733589     3:56
2735500     5471.00000019709     45.28146773269202     326.7950291109537     3:56
2736000     5472.000000197294     72.65388639066214     308.0879471306043     3:56
2736500     5473.000000197498     67.3502088172807     294.02194751467783     3:56
2737000     5474.000000197701     64.03920901146034     316.4777727248745     3:56
2737500     5475.000000197905     54.994936609249294     319.9224755159017     3:56
2738000     5476.000000198109     54.88866049098334     293.10880910177536     3:56
2738500     5477.000000198313     55.775098933561765     296.1535275521499     3:56
2739000     5478.000000198516     74.7948475502422     283.43954176844824     3:56
2739500     5479.00000019872     55.20209473788822     272.5679499964764     3:56
2740000     5480.000000198924     38.308006645057674     274.450179817279     3:56
2740500     5481.0000001991275     50.10739806153464     383.7325577945764     3:55
2741000     5482.000000199331     67.5819827576114     325.0453978984882     3:55
2741500     5483.000000199535     48.37412560637637     222.49523646443046     3:55
2742000     5484.000000199739     54.370246698599715     302.71348993916695     3:55
2742500     5485.000000199942     50.00815193898205     299.5507670373574     3:55
2743000     5486.000000200146     51.64178355106168     401.8302787594954     3:55
2743500     5487.00000020035     42.071268717986584     380.3161964070412     3:55
2744000     5488.000000200554     51.604136555289074     270.80469943737126     3:55
2744500     5489.000000200757     55.3825989086817     195.92022428549032     3:55
2745000     5490.000000200961     40.463624872379626     223.02385899545774     3:55
2745500     5491.000000201165     58.62924826790737     425.05138044946597     3:55
2746000     5492.0000002013685     43.22102950268197     366.6125270570469     3:55
2746500     5493.000000201572     42.74564428895604     255.5005254457415     3:55
2747000     5494.000000201776     55.025743529459135     300.24697044788064     3:55
2747500     5495.00000020198     42.876198124096675     236.26232607400286     3:55
2748000     5496.000000202183     53.022815983319106     280.3618800109194     3:55
2748500     5497.000000202387     56.74220398263623     336.4711141582716     3:55
2749000     5498.000000202591     49.6863529893314     264.16200140374804     3:55
2749500     5499.000000202795     65.31583222683378     286.41609305709693     3:55
2750000     5500.000000202998     48.04109948071556     402.89090022523476     3:54
2750500     5501.000000203202     73.1729889206187     179.07854537502314     3:54
2751000     5502.000000203406     41.90055788146742     344.26676293879433     3:54
2751500     5503.0000002036095     44.38495792776706     284.6024943350485     3:54
2752000     5504.000000203813     45.584101487365615     157.83038162305627     3:54
2752500     5505.000000204017     40.24468172117889     286.5320648172194     3:54
2753000     5506.000000204221     42.857177333584616     334.0424613593277     3:54
2753500     5507.000000204424     50.83445902057008     227.0536983672809     3:54
2754000     5508.000000204628     33.23672656222453     350.83561360945635     3:54
2754500     5509.000000204832     45.16282873051904     285.51258223363004     3:54
2755000     5510.000000205036     47.76197180206731     271.70305745011905     3:54
2755500     5511.000000205239     44.15258152182713     261.62811981080864     3:54
2756000     5512.000000205443     44.827206361184324     358.0493402369415     3:54
2756500     5513.000000205647     58.300147475310894     360.97068444813976     3:54
2757000     5514.0000002058505     54.98793418686728     491.56474830162733     3:54
2757500     5515.000000206054     49.7055838795863     432.8185186575605     3:54
2758000     5516.000000206258     35.15493692203444     363.693678045275     3:54
2758500     5517.000000206462     51.76660535059335     223.8284434094103     3:54
2759000     5518.000000206665     49.94569768666253     226.5777742485756     3:54
2759500     5519.000000206869     67.05721582688813     309.20236175086404     3:53
2760000     5520.000000207073     51.85798878097995     334.52764687787436     3:53
2760500     5521.000000207277     48.522577191503274     237.63670948884769     3:53
2761000     5522.00000020748     46.94868174104812     270.24521346889713     3:53
2761500     5523.000000207684     66.4746727687413     307.6535131648079     3:53
2762000     5524.000000207888     70.36119840144858     307.4431715368552     3:53
2762500     5525.0000002080915     66.95301424426071     233.12675806811825     3:53
2763000     5526.000000208295     51.857162004116105     341.9967810597962     3:53
2763500     5527.000000208499     51.665156067207306     298.60725629762925     3:53
2764000     5528.000000208703     46.004673805085815     375.7841679194271     3:53
2764500     5529.000000208906     57.103210397226064     273.8951691603369     3:53
2765000     5530.00000020911     65.69980631131307     337.32020184549026     3:53
2765500     5531.000000209314     55.52527649187397     420.15614131510335     3:53
2766000     5532.000000209518     56.04411564250279     391.11061701579285     3:53
2766500     5533.000000209721     71.17056869457832     274.2197282774418     3:53
2767000     5534.000000209925     60.06011267521768     276.238635458033     3:53
2767500     5535.000000210129     52.0258064321456     249.8607662424994     3:53
2768000     5536.0000002103325     55.82107071158737     205.46767487214225     3:53
2768500     5537.000000210536     46.345745894922004     261.2231690964407     3:53
2769000     5538.00000021074     52.75939010503578     289.9446934685631     3:52
2769500     5539.000000210944     70.59885653929013     385.4838410985215     3:52
2770000     5540.000000211147     87.37791807848276     249.24561558067654     3:52
2770500     5541.000000211351     41.797371524994844     315.1418244923422     3:52
2771000     5542.000000211555     53.489296565042025     351.86827223715005     3:52
2771500     5543.000000211759     66.5290688463109     371.05684354615744     3:52
2772000     5544.000000211962     59.90226552078775     365.42152146126017     3:52
2772500     5545.000000212166     64.68579861267466     256.8329398760327     3:52
2773000     5546.00000021237     55.50768217586432     298.48718466718447     3:52
2773500     5547.0000002125735     47.12970116114906     351.27150436561544     3:52
2774000     5548.000000212777     50.99875180165344     206.4671806508584     3:52
2774500     5549.000000212981     48.311609687532325     315.03084855610354     3:52
2775000     5550.000000213185     43.66579219281914     421.5433856620942     3:52
2775500     5551.000000213388     52.43859599390419     397.1212406158055     3:52
2776000     5552.000000213592     64.86503400649798     404.471291879187     3:52
2776500     5553.000000213796     42.71100779498829     313.0258115329613     3:52
2777000     5554.000000214     36.08733924543759     307.9810556130372     3:52
2777500     5555.000000214203     46.97319784648988     289.21981603233314     3:52
2778000     5556.000000214407     58.3305870769978     264.66859535410543     3:52
2778500     5557.000000214611     36.44777132020175     256.00777328186973     3:51
2779000     5558.0000002148145     54.06427152731817     241.5239672264904     3:51
2779500     5559.000000215018     69.75540236447296     264.54599900140914     3:51
2780000     5560.000000215222     75.82906147889526     388.6943137671641     3:51
2780500     5561.000000215426     64.3644423333302     160.72835138573137     3:51
2781000     5562.000000215629     53.58712438196841     346.8522753754502     3:51
2781500     5563.000000215833     67.38175209039679     220.13846479376528     3:51
2782000     5564.000000216037     67.30636095317243     330.00969673327484     3:51
2782500     5565.000000216241     40.37903391310027     411.2960058068919     3:51
2783000     5566.000000216444     46.38901128362994     308.78182477704513     3:51
2783500     5567.000000216648     57.4102693347383     410.3778185307397     3:51
2784000     5568.000000216852     58.76368637823248     299.7644185154893     3:51
2784500     5569.0000002170555     78.19403056727828     224.57745399928382     3:51
2785000     5570.000000217259     59.89923374779215     390.249115065389     3:51
2785500     5571.000000217463     63.756877590360716     224.16860176729045     3:51
2786000     5572.000000217667     47.646631989139735     445.31071086344025     3:51
2786500     5573.00000021787     60.52294715306908     165.6225209897585     3:51
2787000     5574.000000218074     33.486234505846085     309.97306558667714     3:51
2787500     5575.000000218278     43.399303982635786     260.89268240637324     3:51
2788000     5576.000000218482     46.86397454893114     295.9627140499419     3:50
2788500     5577.000000218685     34.72732570016143     317.2695250029396     3:50
2789000     5578.000000218889     64.45068429117629     266.0048322273511     3:50
2789500     5579.000000219093     39.63330128014849     205.51759397325674     3:50
2790000     5580.000000219296     41.876297446064996     227.3043850306561     3:50
2790500     5581.0000002195     44.04806494444131     314.9593697035629     3:50
2791000     5582.000000219704     63.524408933116774     257.1032784721106     3:50
2791500     5583.000000219908     63.81991159126909     407.57304125884895     3:50
2792000     5584.000000220111     90.96872802486001     327.9013228957075     3:50
2792500     5585.000000220315     43.35219584891581     395.5337610619422     3:50
2793000     5586.000000220519     47.22354569064936     298.7083435466499     3:50
2793500     5587.0000002207225     67.30969630053369     316.9814771680817     3:50
2794000     5588.000000220926     68.851510117528     458.89093605432714     3:50
2794500     5589.00000022113     90.87360688587688     358.05297181083563     3:50
2795000     5590.000000221334     55.25921243943759     427.0500789051076     3:50
2795500     5591.000000221537     54.65460134977633     248.87126974290175     3:50
2796000     5592.000000221741     52.180946089330575     212.71350436291254     3:50
2796500     5593.000000221945     69.2634266516871     343.69564299128496     3:50
2797000     5594.000000222149     43.78657934170593     440.76140713952833     3:50
2797500     5595.000000222352     76.42483547297189     416.776349480461     3:49
2798000     5596.000000222556     59.15252064055102     424.29248254679646     3:49
2798500     5597.00000022276     87.56045985420297     244.7072265348111     3:49
2799000     5598.0000002229635     51.62063520821317     218.2031020253431     3:49
2799500     5599.000000223167     53.264677158913344     264.1123909481487     3:49
2800000     5600.000000223371     36.161396911787904     280.6451237870526     3:49
2800500     5601.000000223575     67.09134979574623     282.5322017449569     3:49
2801000     5602.000000223778     60.09134133250791     298.9711053784976     3:49
2801500     5603.000000223982     63.38536476355483     423.635753672186     3:49
2802000     5604.000000224186     54.93767583212542     304.60108610862875     3:49
2802500     5605.00000022439     76.87908809950898     209.99032914833236     3:49
2803000     5606.000000224593     41.6508467855262     386.87580834674156     3:49
2803500     5607.000000224797     40.20755331083092     265.91539923462994     3:49
2804000     5608.000000225001     71.98052008681202     194.51842445916233     3:49
2804500     5609.0000002252045     40.32451593493295     320.0910999146468     3:49
2805000     5610.000000225408     82.89344562074933     229.56738571816604     3:49
2805500     5611.000000225612     55.559634713506114     317.1035253141272     3:49
2806000     5612.000000225816     52.541900165129164     260.06439136973216     3:49
2806500     5613.000000226019     64.58689826190408     341.92449029323717     3:49
2807000     5614.000000226223     54.55537686337601     234.84025557080852     3:48
2807500     5615.000000226427     68.35127502246377     280.6090654464585     3:48
2808000     5616.000000226631     59.62771922186937     286.2948998499253     3:48
2808500     5617.000000226834     54.793242955752646     202.84974717275838     3:48
2809000     5618.000000227038     45.687297216516356     199.84516903554166     3:48
2809500     5619.000000227242     60.64223623256669     187.0330166372959     3:48
2810000     5620.0000002274455     47.81257796813253     335.4793648176648     3:48
2810500     5621.000000227649     48.79372548938011     417.69861027678485     3:48
2811000     5622.000000227853     52.26003406779563     220.24220708082186     3:48
2811500     5623.000000228057     36.03547882775098     238.43146277782563     3:48
2812000     5624.00000022826     52.709755131071745     264.19993496444164     3:48
2812500     5625.000000228464     67.18565421739243     267.36882025041996     3:48
2813000     5626.000000228668     65.39879819639833     240.8748021045124     3:48
2813500     5627.000000228872     79.73637368646718     398.99410491976505     3:48
2814000     5628.000000229075     58.515035163677624     289.1777362948023     3:48
2814500     5629.000000229279     50.5151765518429     247.5161713930365     3:48
2815000     5630.000000229483     47.6359881080175     169.96706989891894     3:48
2815500     5631.0000002296865     44.69502821753389     404.2418573389161     3:48
2816000     5632.00000022989     65.59547547015273     251.75667150088742     3:48
2816500     5633.000000230094     53.03126460806732     304.69067015455744     3:47
2817000     5634.000000230298     49.65480397227225     230.03905515941366     3:47
2817500     5635.000000230501     62.003714806972255     341.05900787163137     3:47
2818000     5636.000000230705     62.10207421325521     271.02522152354646     3:47
2818500     5637.000000230909     49.698872396508136     311.63331844423396     3:47
2819000     5638.000000231113     52.37030257056358     215.74075542432792     3:47
2819500     5639.000000231316     57.42652403984374     323.5744694205605     3:47
2820000     5640.00000023152     67.9622647937286     253.06011987411426     3:47
2820500     5641.000000231724     55.14988038865749     411.63840082756366     3:47
2821000     5642.0000002319275     43.71373874537386     482.0130437156466     3:47
2821500     5643.000000232131     69.55025416058385     286.1785302703402     3:47
2822000     5644.000000232335     57.76728226979861     236.34485944445223     3:47
2822500     5645.000000232539     53.45026956592926     233.72655715151976     3:47
2823000     5646.000000232742     36.70859945740318     259.1308127114154     3:47
2823500     5647.000000232946     44.959829281550526     220.3878061947594     3:47
2824000     5648.00000023315     48.009289994821074     294.68926653422875     3:47
2824500     5649.000000233354     46.32768366132086     320.04371740303924     3:47
2825000     5650.000000233557     70.59278711677365     298.506512987099     3:47
2825500     5651.000000233761     63.27150783090235     342.94606936069147     3:47
2826000     5652.000000233965     51.45813857836055     273.34889943932205     3:47
2826500     5653.0000002341685     56.382475105730464     321.87374185965206     3:46
2827000     5654.000000234372     71.5197891728622     312.9755629580876     3:46
2827500     5655.000000234576     57.63425134012414     287.37803960226023     3:46
2828000     5656.00000023478     41.50155844410955     289.13326034044246     3:46
2828500     5657.000000234983     36.421034874279826     260.0513929832845     3:46
2829000     5658.000000235187     52.42035340254296     296.7223524693464     3:46
2829500     5659.000000235391     68.4788601496926     183.16849363045532     3:46
2830000     5660.000000235595     58.5767410553708     204.56419085898492     3:46
2830500     5661.000000235798     64.81113280173764     242.0560531675595     3:46
2831000     5662.000000236002     65.27249378563658     249.53290759246184     3:46
2831500     5663.000000236206     47.387698557907356     225.47887269828576     3:46
2832000     5664.0000002364095     58.43777633617117     353.06509133493455     3:46
2832500     5665.000000236613     69.54332589711095     329.9361299219181     3:46
2833000     5666.000000236817     41.60298739449354     528.6948912536228     3:46
2833500     5667.000000237021     67.46619631749621     252.08177375078606     3:46
2834000     5668.000000237224     63.8816329327646     291.1214954612439     3:46
2834500     5669.000000237428     66.38971120584858     241.51678090101652     3:46
2835000     5670.000000237632     55.36437789237863     342.10449146642156     3:46
2835500     5671.000000237836     48.700617015380146     277.68434461360533     3:46
2836000     5672.000000238039     56.705921391423715     182.83532438363994     3:45
2836500     5673.000000238243     49.816793752316926     529.0260651788707     3:45
2837000     5674.000000238447     60.02391022110288     360.0794229087896     3:45
2837500     5675.0000002386505     47.90706236100414     304.03650780400005     3:45
2838000     5676.000000238854     72.51477744607746     361.49728458088214     3:45
2838500     5677.000000239058     49.41933600993099     472.8602905831612     3:45
2839000     5678.000000239262     71.8473062075879     276.2907539248508     3:45
2839500     5679.000000239465     51.42667833932677     374.18583345973417     3:45
2840000     5680.000000239669     48.144199886677086     318.12160009005584     3:45
2840500     5681.000000239873     48.858994658369795     362.77397515108     3:45
2841000     5682.000000240077     48.81394342004478     298.95735447485566     3:45
2841500     5683.00000024028     54.54023853330864     341.4822795454651     3:45
2842000     5684.000000240484     55.06485329550344     265.2404073805728     3:45
2842500     5685.000000240688     57.42694800792839     263.8267853460081     3:45
2843000     5686.0000002408915     68.29634441518652     239.84297263468568     3:45
2843500     5687.000000241095     64.92042669525722     209.5773184363065     3:45
2844000     5688.000000241299     55.89431346922021     266.93194014358323     3:45
2844500     5689.000000241503     62.35173980456085     319.3816214289841     3:45
2845000     5690.000000241706     52.04359658109689     410.2153723704532     3:45
2845500     5691.00000024191     75.83927735652429     160.62605840540095     3:44
2846000     5692.000000242114     47.337715751641156     274.93378219552153     3:44
2846500     5693.000000242318     54.58519125925176     426.81492396024646     3:44
2847000     5694.000000242521     66.34545676276349     357.1083746117689     3:44
2847500     5695.000000242725     55.78505939438446     375.752556844892     3:44
2848000     5696.000000242929     56.22844918490733     360.15411781175413     3:44
2848500     5697.0000002431325     35.81602582864076     285.887350739447     3:44
2849000     5698.000000243336     57.735157607128826     248.3948036054716     3:44
2849500     5699.00000024354     61.23714701082355     278.0268275730612     3:44
2850000     5700.000000243744     45.924880607255716     348.52363472465055     3:44
2850500     5701.000000243947     51.92690941828505     312.4320353965053     3:44
2851000     5702.000000244151     44.79484799273229     468.98236205824765     3:44
2851500     5703.000000244355     54.46184822046081     333.07769513006974     3:44
2852000     5704.000000244559     44.78940036621833     279.0538049581074     3:44
2852500     5705.000000244762     71.38450239414004     217.30866437251603     3:44
2853000     5706.000000244966     56.97365217834357     193.1621395775113     3:44
2853500     5707.00000024517     50.386930238932564     306.9759248521515     3:44
2854000     5708.0000002453735     79.54309569725086     270.8569275673162     3:44
2854500     5709.000000245577     71.7225928567496     441.27898358082007     3:44
2855000     5710.000000245781     49.93985965252995     301.03708196890585     3:43
2855500     5711.000000245985     38.646829274956076     309.91982743220586     3:43
2856000     5712.000000246188     58.155728438428866     317.5650363242314     3:43
2856500     5713.000000246392     61.28784654056955     327.184837934037     3:43
2857000     5714.000000246596     70.28592846342252     271.45514598074027     3:43
2857500     5715.0000002468     64.17028461021636     297.9161276887853     3:43
2858000     5716.000000247003     44.298994141237074     260.2522533281071     3:43
2858500     5717.000000247207     52.09993138811154     347.4446089380311     3:43
2859000     5718.000000247411     55.62239296420154     372.5843255506421     3:43
2859500     5719.0000002476145     66.9408148750943     346.1513021396012     3:43
2860000     5720.000000247818     73.35198645829229     319.48635775610063     3:43
2860500     5721.000000248022     70.09322736495113     308.98948091776447     3:43
2861000     5722.000000248226     58.03172414408999     269.8260966907004     3:43
2861500     5723.000000248429     52.884822179279126     217.26340004489742     3:43
2862000     5724.000000248633     41.144788376156555     230.458364913714     3:43
2862500     5725.000000248837     63.249531802634976     255.15734062289658     3:43
2863000     5726.000000249041     46.576652596886845     226.42596647725546     3:43
2863500     5727.000000249244     33.723809570924004     370.00624889401183     3:43
2864000     5728.000000249448     65.7595849502082     341.9199865487301     3:43
2864500     5729.000000249652     72.64037826522417     277.52128368105286     3:42
2865000     5730.0000002498555     36.58158027677149     273.3623280379958     3:42
2865500     5731.000000250059     36.91626653719243     189.28087456164118     3:42
2866000     5732.000000250263     54.341251722459106     299.11199682488683     3:42
2866500     5733.000000250467     48.85394069537739     202.44785111414146     3:42
2867000     5734.00000025067     67.89014690145103     170.9788815855131     3:42
2867500     5735.000000250874     65.00313108047544     235.0351731574255     3:42
2868000     5736.000000251078     49.39560454241382     238.40293745609438     3:42
2868500     5737.000000251282     61.925677847541635     329.5106859106607     3:42
2869000     5738.000000251485     38.61217952638481     326.988405407506     3:42
2869500     5739.000000251689     46.63462548483852     318.2178545264766     3:42
2870000     5740.000000251893     63.62693530157071     341.5345448756227     3:42
2870500     5741.0000002520965     63.02484983652283     192.34056924610303     3:42
2871000     5742.0000002523     42.07600402506421     445.1403939518906     3:42
2871500     5743.000000252504     41.67542586134931     387.6626768132821     3:42
2872000     5744.000000252708     58.590944951681536     364.2456567395647     3:42
2872500     5745.000000252911     38.57393171657344     399.554612319862     3:42
2873000     5746.000000253115     50.56390575212612     347.537335151637     3:42
2873500     5747.000000253319     49.50526692029126     209.32946286412243     3:42
2874000     5748.000000253523     79.94621479190374     348.4480866144627     3:41
2874500     5749.000000253726     71.5631484461623     400.78942785057467     3:41
2875000     5750.00000025393     63.12017117742607     363.6577289803058     3:41
2875500     5751.000000254134     50.20101560273116     409.1676766223866     3:41
2876000     5752.0000002543375     55.675239730666476     271.4197216422095     3:41
2876500     5753.000000254541     47.39435852152161     242.1950555769733     3:41
2877000     5754.000000254745     52.6951661702862     275.46439440511546     3:41
2877500     5755.000000254949     49.73670893770367     219.73046714947188     3:41
2878000     5756.000000255152     45.99917172596167     187.7779006676319     3:41
2878500     5757.000000255356     34.040851426314305     299.0326004301905     3:41
2879000     5758.00000025556     63.35801549184623     302.3308342132426     3:41
2879500     5759.000000255764     49.52724408992583     333.840343061217     3:41
2880000     5760.000000255967     58.266038888697096     278.64817722893014     3:41
2880500     5761.000000256171     59.56515694286776     314.3835625292472     3:41
2881000     5762.000000256375     67.95925178129863     320.14722854502384     3:41
2881500     5763.0000002565785     67.23120522864377     175.8797633576149     3:41
2882000     5764.000000256782     65.39853865792907     135.65512535807028     3:41
2882500     5765.000000256986     64.1353965785865     278.4278900659735     3:41
2883000     5766.00000025719     73.0348342897014     141.1210457632146     3:41
2883500     5767.000000257393     38.16794630906924     275.6107417858323     3:40
2884000     5768.000000257597     55.737851685899614     208.88164573428716     3:40
2884500     5769.000000257801     55.853206388687966     181.16012774530643     3:40
2885000     5770.000000258005     67.13003149241047     339.64053908044156     3:40
2885500     5771.000000258208     68.03209977275264     305.52648472836665     3:40
2886000     5772.000000258412     64.75740676238098     304.11932245262057     3:40
2886500     5773.000000258616     42.08701206632105     249.93305962469833     3:40
2887000     5774.0000002588195     64.58427134945936     395.64394324832887     3:40
2887500     5775.000000259023     54.23677327463059     318.27355177001147     3:40
2888000     5776.000000259227     58.32507495770125     275.7699491541586     3:40
2888500     5777.000000259431     62.857079014275996     254.10101641142091     3:40
2889000     5778.000000259634     53.10407646005149     261.04787241813034     3:40
2889500     5779.000000259838     47.870178942353164     162.79606375598846     3:40
2890000     5780.000000260042     64.76913653136756     216.51704747803777     3:40
2890500     5781.0000002602455     56.55317076867328     388.5799326552011     3:40
2891000     5782.000000260449     73.45344201186839     334.3082415730861     3:40
2891500     5783.000000260653     54.757560686104455     413.56668819302126     3:40
2892000     5784.000000260857     52.029986095490585     225.07866287978126     3:40
2892500     5785.00000026106     59.6616197547209     348.84621084760215     3:40
2893000     5786.000000261264     76.6765328743952     234.13718482179195     3:39
2893500     5787.000000261468     47.28807194956653     353.41415497811937     3:39
2894000     5788.000000261672     38.63746210084611     293.53809393812355     3:39
2894500     5789.000000261875     35.29980210936884     247.1592738597368     3:39
2895000     5790.000000262079     33.25372732274002     280.2716248353712     3:39
2895500     5791.000000262283     44.694395640366395     356.12517192316585     3:39
2896000     5792.0000002624865     51.06755198082607     374.1289725470442     3:39
2896500     5793.00000026269     69.76349383848395     375.39728856466     3:39
2897000     5794.000000262894     41.852085927240694     273.7481491242105     3:39
2897500     5795.000000263098     50.13051644815687     227.47259872548992     3:39
2898000     5796.000000263301     49.0334519268647     204.8657649188561     3:39
2898500     5797.000000263505     55.99775391414738     284.5464326456793     3:39
2899000     5798.000000263709     50.18509857375136     274.8702207882612     3:39
2899500     5799.000000263913     49.24982683684897     247.0697980964586     3:39
2900000     5800.000000264116     51.182391539928915     323.96427272173725     3:39
2900500     5801.00000026432     49.427624045569644     285.41277900347603     3:39
2901000     5802.000000264524     51.481677805545075     315.3250981701796     3:39
2901500     5803.0000002647275     50.614590411433994     347.50491406729367     3:39
2902000     5804.000000264931     47.02873353457727     256.9141367997763     3:39
2902500     5805.000000265135     48.66996908143665     308.28563254867566     3:39
2903000     5806.000000265339     66.72812240724994     167.95249479935305     3:38
2903500     5807.000000265542     51.71023431825472     284.98273669717076     3:38
2904000     5808.000000265746     42.02734696615073     196.30962477811335     3:38
2904500     5809.00000026595     47.61135116994933     325.80607773009854     3:38
2905000     5810.000000266154     46.25039364670687     335.82621272317783     3:38
2905500     5811.000000266357     56.91485854365072     348.35482568109944     3:38
2906000     5812.000000266561     70.58609317874135     257.3765027971922     3:38
2906500     5813.000000266765     67.62506884059883     184.3657596393894     3:38
2907000     5814.0000002669685     58.57836290111658     316.7760141930303     3:38
2907500     5815.000000267172     55.47575052939027     261.48919203189973     3:38
2908000     5816.000000267376     56.612059937798904     269.3569678108574     3:38
2908500     5817.00000026758     61.214142122593046     413.2334227245619     3:38
2909000     5818.000000267783     54.603593869348344     317.377376169745     3:38
2909500     5819.000000267987     52.59656494312236     530.2504454686538     3:38
2910000     5820.000000268191     54.246736426062     428.62733828177124     3:38
2910500     5821.000000268395     74.26694320096215     371.73660681187755     3:38
2911000     5822.000000268598     56.008595568034536     322.6151308621874     3:38
2911500     5823.000000268802     52.511418190445795     222.4787366685049     3:38
2912000     5824.000000269006     56.88386827984482     374.92020964091284     3:38
2912500     5825.0000002692095     55.12810006699311     254.28481694695898     3:37
2913000     5826.000000269413     45.95463473113983     263.1528810411394     3:37
2913500     5827.000000269617     47.8104610615116     364.1114595392727     3:37
2914000     5828.000000269821     47.764956699363495     253.56998511818028     3:37
2914500     5829.000000270024     54.327204132474776     176.0157773136095     3:37
2915000     5830.000000270228     52.82161383080637     309.95731299189987     3:37
2915500     5831.000000270432     53.9776708257063     296.0855681884874     3:37
2916000     5832.000000270636     43.37521845123615     409.91908546347577     3:37
2916500     5833.000000270839     75.8658836269982     431.90776096139837     3:37
2917000     5834.000000271043     56.215999612529345     461.19293481955617     3:37
2917500     5835.000000271247     53.032041926684656     341.4264323385725     3:37
2918000     5836.0000002714505     45.762156941021715     307.4599664641561     3:37
2918500     5837.000000271654     52.95597947554751     302.10400499568414     3:37
2919000     5838.000000271858     53.08081038768097     273.1385694848735     3:37
2919500     5839.000000272062     60.99744812359262     287.3775213180461     3:37
2920000     5840.000000272265     53.22204367212777     320.2481461831136     3:37
2920500     5841.000000272469     42.21698136698677     390.93079399675236     3:37
2921000     5842.000000272673     53.4968812661171     198.69061645135622     3:37
2921500     5843.000000272877     48.031188325448625     399.98156889758235     3:37
2922000     5844.00000027308     52.7877405702248     341.9706712573481     3:36
2922500     5845.000000273284     71.27019642625231     207.10354667151282     3:36
2923000     5846.000000273488     47.23728870650399     358.38586711780306     3:36
2923500     5847.0000002736915     80.27873324724038     375.79963003285553     3:36
2924000     5848.000000273895     51.924789251495326     331.3682227097741     3:36
2924500     5849.000000274099     70.19191294784247     234.01813077216673     3:36
2925000     5850.000000274303     74.26011898215643     404.760534867755     3:36
2925500     5851.000000274506     64.65073901797615     436.5859351348259     3:36
2926000     5852.00000027471     77.4091969135626     265.2248818136564     3:36
2926500     5853.000000274914     71.73711278389754     375.0150339519671     3:36
2927000     5854.000000275118     49.52989715946609     298.20664575339543     3:36
2927500     5855.000000275321     64.72133956539477     332.72434283032663     3:36
2928000     5856.000000275525     48.335344140702375     271.1382748833847     3:36
2928500     5857.000000275729     59.91530471034207     300.4978346599275     3:36
2929000     5858.0000002759325     53.89902625526611     367.46626210678164     3:36
2929500     5859.000000276136     68.35930600892988     235.17653026038406     3:36
2930000     5860.00000027634     54.84676880267199     290.92352232277705     3:36
2930500     5861.000000276544     40.35721721245051     294.5951776539429     3:36
2931000     5862.000000276747     41.4955248115005     262.8883810136087     3:36
2931500     5863.000000276951     54.868318501925216     266.90562927592276     3:35
2932000     5864.000000277155     67.92593670481762     330.64769065073926     3:35
2932500     5865.000000277359     67.61584515273103     313.934033414621     3:35
2933000     5866.000000277562     61.09289675781878     293.3204938124092     3:35
2933500     5867.000000277766     54.897820699208694     351.52878503310825     3:35
2934000     5868.00000027797     51.372679751725684     374.0924398068619     3:35
2934500     5869.0000002781735     53.743323045317595     220.78186572340263     3:35
2935000     5870.000000278377     58.96494384450034     243.99922157476306     3:35
2935500     5871.000000278581     43.57641430553832     389.48607452184007     3:35
2936000     5872.000000278785     59.20419689061049     317.8719666577041     3:35
2936500     5873.000000278988     64.12865419361077     284.5573317267616     3:35
2937000     5874.000000279192     51.84608496116505     235.72153529525983     3:35
2937500     5875.000000279396     65.52220232713154     297.56543849802256     3:35
2938000     5876.0000002796     54.88504667419949     242.25901499744745     3:35
2938500     5877.000000279803     84.0224483114095     371.2874900964849     3:35
2939000     5878.000000280007     72.68557450439283     234.7039212473567     3:35
2939500     5879.000000280211     38.38418717447411     418.7692711983778     3:35
2940000     5880.0000002804145     44.77873592156101     354.9870263281252     3:35
2940500     5881.000000280618     52.18555051182557     317.75090864036815     3:35
2941000     5882.000000280822     54.399827550230555     336.97092042605993     3:34
2941500     5883.000000281026     65.83896475647214     225.23367514911553     3:34
2942000     5884.000000281229     60.311762289028366     315.75082961120586     3:34
2942500     5885.000000281433     55.51077423712559     265.4694464748321     3:34
2943000     5886.000000281637     41.66612393934486     265.1756435539357     3:34
2943500     5887.000000281841     64.42472217549175     270.6205601280207     3:34
2944000     5888.000000282044     46.27355888719859     351.06890839836666     3:34
2944500     5889.000000282248     55.28965199891428     363.2214729790891     3:34
2945000     5890.000000282452     70.6518030487751     407.08453881820765     3:34
2945500     5891.0000002826555     55.477927029910745     322.8345884313371     3:34
2946000     5892.000000282859     55.020607590153816     251.64693387641825     3:34
2946500     5893.000000283063     62.70380537837951     417.8615578649391     3:34
2947000     5894.000000283267     82.48189423922935     366.4651246046711     3:34
2947500     5895.00000028347     58.92092718543222     196.34425025660667     3:34
2948000     5896.000000283674     42.3767907962482     240.94412247283356     3:34
2948500     5897.000000283878     53.02156496421344     269.6864694702914     3:34
2949000     5898.000000284082     57.34351753477364     183.91205823390953     3:34
2949500     5899.000000284285     62.60952392863152     198.71126169755226     3:34
2950000     5900.000000284489     57.966788782038066     263.3308104095063     3:34
2950500     5901.000000284693     39.714417237498765     281.91497349000224     3:33
2951000     5902.0000002848965     61.25579032761681     336.2649594917643     3:33
2951500     5903.0000002851     53.57462064071012     263.8857863365622     3:33
2952000     5904.000000285304     65.57023707263778     293.87360125221676     3:33
2952500     5905.000000285508     48.01862340359537     369.34883162171445     3:33
2953000     5906.000000285711     54.5337608526703     207.29659795058132     3:33
2953500     5907.000000285915     35.05750458669405     269.34818982003065     3:33
2954000     5908.000000286119     40.59047017457732     236.2815413401458     3:33
2954500     5909.000000286323     66.71895730270518     385.46572536991687     3:33
2955000     5910.000000286526     56.297878366527584     480.3941751260181     3:33
2955500     5911.00000028673     58.828981803068814     322.2856817093037     3:33
2956000     5912.000000286934     51.25691547783441     193.711284104811     3:33
2956500     5913.0000002871375     62.5894132597154     352.23399275997133     3:33
2957000     5914.000000287341     52.12892424269347     241.73054301103113     3:33
2957500     5915.000000287545     46.32277253734429     262.89814171005554     3:33
2958000     5916.000000287749     53.996296263479906     293.0391557721749     3:33
2958500     5917.000000287952     66.89725344768567     300.08577972211776     3:33
2959000     5918.000000288156     66.33641004904302     272.5848584619266     3:33
2959500     5919.00000028836     55.53665528577238     288.1117339732896     3:33
2960000     5920.000000288564     57.7661162686706     206.6647945747709     3:33
2960500     5921.000000288767     55.23756697886205     283.90499848354     3:32
2961000     5922.000000288971     44.352918677046944     245.7093263033136     3:32
2961500     5923.000000289175     42.34166811924939     230.82388509788953     3:32
2962000     5924.0000002893785     53.09029508367706     278.2777967982086     3:32
2962500     5925.000000289582     58.29964236996892     235.16053661500948     3:32
2963000     5926.000000289786     57.604829253513344     293.6846471793928     3:32
2963500     5927.00000028999     56.83399657858513     270.2966264879304     3:32
2964000     5928.000000290193     60.7070894739183     344.76871393447345     3:32
2964500     5929.000000290397     66.42575035671996     340.24878074728286     3:32
2965000     5930.000000290601     44.77452544617108     206.0282615406613     3:32
2965500     5931.000000290805     68.05875780786084     384.57063903838     3:32
2966000     5932.000000291008     74.96501731494902     251.30226387867333     3:32
2966500     5933.000000291212     43.506135670716844     351.4935998318826     3:32
2967000     5934.000000291416     58.830371200267166     307.5399988468647     3:32
2967500     5935.0000002916195     38.27527374842123     368.03226184219574     3:32
2968000     5936.000000291823     48.687834752286335     357.80876384544985     3:32
2968500     5937.000000292027     48.50478403101283     332.6635591358271     3:32
2969000     5938.000000292231     61.84090389610617     383.14511109509994     3:32
2969500     5939.000000292434     70.70071218517506     238.79540095998487     3:32
2970000     5940.000000292638     39.567959337149034     307.3641034534115     3:31
2970500     5941.000000292842     62.97772785377947     243.09612949587847     3:31
2971000     5942.000000293046     62.166863825613575     268.7847181975124     3:31
2971500     5943.000000293249     65.72422562186108     307.9580412751672     3:31
2972000     5944.000000293453     66.86345743968928     318.97629323901987     3:31
2972500     5945.000000293657     52.258792972493154     176.75902710178673     3:31
2973000     5946.0000002938605     35.00027227862989     267.26693111097336     3:31
2973500     5947.000000294064     40.81011833355245     228.73832782674862     3:31
2974000     5948.000000294268     42.31287493008966     293.94202634510526     3:31
2974500     5949.000000294472     31.114519423288186     205.8152699788035     3:31
2975000     5950.000000294675     42.42483530348551     273.6975377503869     3:31
2975500     5951.000000294879     50.60456935040878     327.0314072065601     3:31
2976000     5952.000000295083     39.74120072414439     212.99837530928912     3:31
2976500     5953.000000295287     52.924273908153566     277.818604443943     3:31
2977000     5954.00000029549     49.78620494750845     289.03953982945086     3:31
2977500     5955.000000295694     48.23976932175725     271.94888372163496     3:31
2978000     5956.000000295898     36.98220772952368     267.564362118244     3:31
2978500     5957.0000002961015     37.929819066221455     269.15142704473595     3:31
2979000     5958.000000296305     64.6240022719025     240.00017211184118     3:31
2979500     5959.000000296509     50.138092501600795     290.66433739673744     3:30
2980000     5960.000000296713     49.01392427204064     369.8570704221038     3:30
2980500     5961.000000296916     49.60085754092432     351.76758017378785     3:30
2981000     5962.00000029712     63.80898974661676     281.1108314098294     3:30
2981500     5963.000000297324     65.47778350662423     260.29859810877986     3:30
2982000     5964.000000297528     58.382766689112884     269.86123422915347     3:30
2982500     5965.000000297731     49.91999068052468     307.0565218134796     3:30
2983000     5966.000000297935     47.58248792353237     283.459939206977     3:30
2983500     5967.000000298139     71.27506259488723     202.8545672401683     3:30
2984000     5968.0000002983425     50.81220037783049     198.45009784613256     3:30
2984500     5969.000000298546     38.52005030074258     417.1872620617376     3:30
2985000     5970.00000029875     56.58195231177183     417.0160019697938     3:30
2985500     5971.000000298954     66.34447002186397     228.151555211596     3:30
2986000     5972.000000299157     68.81381501558161     403.92746516589386     3:30
2986500     5973.000000299361     54.96354074005882     329.879400033415     3:30
2987000     5974.000000299565     49.28337219336663     337.67557178450676     3:30
2987500     5975.0000002997685     61.892252335007754     241.27558789662342     3:30
2988000     5976.000000299972     75.68966952390912     290.3220698885137     3:30
2988500     5977.000000300176     44.247949363141686     320.07121252590997     3:30
2989000     5978.00000030038     57.83541676948005     291.42306751094725     3:29
2989500     5979.000000300583     55.56118775616693     329.6252908475365     3:29
2990000     5980.000000300787     61.58057180105669     388.2512334159812     3:29
2990500     5981.000000300991     45.792726879930854     352.2793523162596     3:29
2991000     5982.000000301195     40.82046256471472     386.5730468589857     3:29
2991500     5983.000000301398     65.8120777003989     256.07365233988486     3:29
2992000     5984.000000301602     63.273762146491094     215.24322975239488     3:29
2992500     5985.000000301806     59.354146143988544     322.8872958046478     3:29
2993000     5986.0000003020095     68.9004431900093     270.43130055813714     3:29
2993500     5987.000000302213     60.8705886632477     235.05129499337696     3:29
2994000     5988.000000302417     63.97603414586342     216.84217351088492     3:29
2994500     5989.000000302621     51.890471873140086     291.1338470943834     3:29
2995000     5990.000000302824     47.95685505875758     355.25998419699533     3:29
2995500     5991.000000303028     43.64480721353067     225.58823454248082     3:29
2996000     5992.000000303232     51.829161395365304     240.0886140676445     3:29
2996500     5993.000000303436     46.71373187200885     354.41026783586875     3:29
2997000     5994.000000303639     35.822194096390604     270.0228810208059     3:29
2997500     5995.000000303843     65.66740385116401     221.6902631435662     3:29
2998000     5996.000000304047     55.88137626701092     396.24881502636634     3:29
2998500     5997.0000003042505     70.99160682679673     376.8454302653942     3:28
2999000     5998.000000304454     57.530624656169664     273.92731726450575     3:28
2999500     5999.000000304658     60.41570846390704     203.92099140628108     3:28
3000000     6000.000000304862     52.65196822493965     388.7479460598269     3:28
3000500     6001.000000305065     55.643076335009084     242.21214364970072     3:28
3001000     6002.000000305269     49.22860686790415     245.12928929860607     3:28
3001500     6003.000000305473     61.60131995092479     283.9046503127988     3:28
3002000     6004.000000305677     44.05553194388949     339.3015184048491     3:28
3002500     6005.00000030588     52.91232509062803     386.80897913329244     3:28
3003000     6006.000000306084     49.106511907519234     217.94076321876628     3:28
3003500     6007.000000306288     41.08551460746179     347.74999798143904     3:28
3004000     6008.0000003064915     57.80239936638435     241.62288966410705     3:28
3004500     6009.000000306695     60.55060712111447     236.16264184335762     3:28
3005000     6010.000000306899     45.10697367808126     403.8266146141252     3:28
3005500     6011.000000307103     53.92940717535657     312.56407474226893     3:28
3006000     6012.000000307306     52.431394934035836     290.23933869818296     3:28
3006500     6013.00000030751     60.44953904752708     236.68787243428312     3:28
3007000     6014.000000307714     61.54287126416051     269.1242488018024     3:28
3007500     6015.000000307918     45.24199563813073     229.96885593606632     3:28
3008000     6016.000000308121     54.68868199313766     360.07992353743396     3:27
3008500     6017.000000308325     56.09038740023726     519.3814018143796     3:27
3009000     6018.000000308529     61.50136256733606     352.9055942602639     3:27
3009500     6019.0000003087325     52.44676802930803     361.49460971363135     3:27
3010000     6020.000000308936     36.62108715371187     276.64547122536914     3:27
3010500     6021.00000030914     46.93005588428156     259.75231719863854     3:27
3011000     6022.000000309344     53.2494902957589     173.72118420010867     3:27
3011500     6023.000000309547     36.26274599736456     252.05818871902724     3:27
3012000     6024.000000309751     52.29020655551511     232.6377099274811     3:27
3012500     6025.000000309955     68.26360911243631     320.10514059728985     3:27
3013000     6026.000000310159     50.405007596674295     323.7672394698957     3:27
3013500     6027.000000310362     56.58639741590457     266.1196321807719     3:27
3014000     6028.000000310566     63.311566830714014     314.0561198628386     3:27
3014500     6029.00000031077     72.12520380075017     360.6846700553801     3:27
3015000     6030.0000003109735     53.12092250450945     367.93421680647197     3:27
3015500     6031.000000311177     53.920555625522866     311.5794260891463     3:27
3016000     6032.000000311381     64.65718588745318     250.195217952118     3:27
3016500     6033.000000311585     53.29930969023843     294.07032503510095     3:27
3017000     6034.000000311788     54.00383068453749     208.08953317603667     3:27
3017500     6035.000000311992     48.122239932408036     359.0780111762044     3:26
3018000     6036.000000312196     65.91505861516441     300.8524972257579     3:26
3018500     6037.0000003124     61.760095115056345     365.86678475774     3:26
3019000     6038.000000312603     48.21102940454762     287.56924850204206     3:26
3019500     6039.000000312807     50.40334930623908     269.1672005161951     3:26
3020000     6040.000000313011     43.11629707377409     242.18313339316484     3:26
3020500     6041.0000003132145     49.386341809630096     302.4854750617027     3:26
3021000     6042.000000313418     37.56851426494501     358.21664393125843     3:26
3021500     6043.000000313622     40.79963820521277     281.2857993167283     3:26
3022000     6044.000000313826     41.7339549747644     255.13367748522236     3:26
3022500     6045.000000314029     57.476698049012214     251.78329280626076     3:26
3023000     6046.000000314233     46.389951559386986     393.0363431853529     3:26
3023500     6047.000000314437     45.69334025547067     343.82166278074754     3:26
3024000     6048.000000314641     56.188714405996166     334.2321158908451     3:26
3024500     6049.000000314844     48.52683465394347     280.22582527031653     3:26
3025000     6050.000000315048     64.2781131251287     429.2693252158219     3:26
3025500     6051.000000315252     43.96366432055237     337.2577681665544     3:26
3026000     6052.0000003154555     41.943582891991866     249.5202846593332     3:26
3026500     6053.000000315659     44.11689356021759     300.8057388833449     3:26
3027000     6054.000000315863     49.015552627540785     366.16808245587436     3:25
3027500     6055.000000316067     53.84799240941385     345.8192702238997     3:25
3028000     6056.00000031627     46.43831147303183     229.44457735331974     3:25
3028500     6057.000000316474     48.65013246962002     292.18813163950665     3:25
3029000     6058.000000316678     49.19201763311929     289.336414189788     3:25
3029500     6059.000000316882     50.27788239886979     266.41028538677995     3:25
3030000     6060.000000317085     73.53349769769221     261.93472316506757     3:25
3030500     6061.000000317289     41.24322907942417     336.96372073175957     3:25
3031000     6062.000000317493     53.842067573588736     188.35526632742324     3:25
3031500     6063.0000003176965     62.900502644577955     409.3430435596926     3:25
3032000     6064.0000003179     58.01542612678833     177.3645670305204     3:25
3032500     6065.000000318104     56.296491121397935     479.89313781212684     3:25
3033000     6066.000000318308     66.89123747813045     371.50034932633594     3:25
3033500     6067.000000318511     68.48124570598299     278.089619582562     3:25
3034000     6068.000000318715     51.40160148803159     347.41052385559703     3:25
3034500     6069.000000318919     51.9027608467095     183.92410742762408     3:25
3035000     6070.000000319123     41.33501117643789     204.55222084287163     3:25
3035500     6071.000000319326     61.5144742234545     122.42293378104003     3:25
3036000     6072.00000031953     56.16110977888815     276.6748900061164     3:25
3036500     6073.000000319734     37.8634403036375     471.7808969600631     3:24
3037000     6074.0000003199375     63.77027755860513     331.2071883411554     3:24
3037500     6075.000000320141     59.054745818031506     217.5846553665453     3:24
3038000     6076.000000320345     56.474747922055144     210.20595025179117     3:24
3038500     6077.000000320549     60.94286347698318     264.94420407719844     3:24
3039000     6078.000000320752     54.34100183047212     191.81864515104064     3:24
3039500     6079.000000320956     61.78955210786154     281.91051837702327     3:24
3040000     6080.00000032116     62.57024288790973     349.1242626752924     3:24
3040500     6081.000000321364     46.7792324121225     348.9769043012936     3:24
3041000     6082.000000321567     62.08767687973517     321.377311026793     3:24
3041500     6083.000000321771     51.79187005362314     413.15749895519434     3:24
3042000     6084.000000321975     58.87693574930489     235.79778982198772     3:24
3042500     6085.0000003221785     48.71485977041033     271.9076062105671     3:24
3043000     6086.000000322382     35.640528673164965     357.04498646643697     3:24
3043500     6087.000000322586     56.76001025742215     320.9721983849365     3:24
3044000     6088.00000032279     45.27481046977766     414.30028239472784     3:24
3044500     6089.000000322993     54.819265136796446     345.60778052375605     3:24
3045000     6090.000000323197     52.62171528556246     241.50840319997909     3:24
3045500     6091.000000323401     28.17723975523313     216.0390293457942     3:24
3046000     6092.000000323605     56.76504475271844     298.30968559580975     3:23
3046500     6093.000000323808     52.908080476185035     331.1976645054382     3:23
3047000     6094.000000324012     44.25889598053726     227.35711667129314     3:23
3047500     6095.000000324216     54.16188238031077     233.43919587371337     3:23
3048000     6096.0000003244195     42.50353727850978     367.90990452992907     3:23
3048500     6097.000000324623     56.765252018282524     242.29638982838318     3:23
3049000     6098.000000324827     48.537244739723064     372.9358925550189     3:23
3049500     6099.000000325031     67.654998588316     337.2813492264155     3:23
3050000     6100.000000325234     99.53400424920801     221.46225340050626     3:23
3050500     6101.000000325438     78.12661551641014     359.03719169275604     3:23
3051000     6102.000000325642     54.17859758235005     257.4496126465605     3:23
3051500     6103.000000325846     38.938006669006256     352.51820296663163     3:23
3052000     6104.000000326049     59.912289068280415     242.5710643805087     3:23
3052500     6105.000000326253     47.27073744741176     343.849823341799     3:23
3053000     6106.000000326457     55.93709072085096     191.3675763205775     3:23
3053500     6107.0000003266605     49.56562270912394     179.94003599098718     3:23
3054000     6108.000000326864     54.09471975157675     341.2128060480847     3:23
3054500     6109.000000327068     41.13019733221398     206.28454414775874     3:23
3055000     6110.000000327272     55.65409618805421     247.4571603516436     3:23
3055500     6111.000000327475     51.32199764323963     286.4146232611911     3:23
3056000     6112.000000327679     50.359781579912976     381.8023044124063     3:22
3056500     6113.000000327883     61.490327930174544     174.76062450408708     3:22
3057000     6114.000000328087     41.05288062957794     184.37863343176517     3:22
3057500     6115.00000032829     58.876786184379455     353.4582009018949     3:22
3058000     6116.000000328494     79.61715166416201     345.3846058880358     3:22
3058500     6117.000000328698     35.604294635177496     356.9736353443143     3:22
3059000     6118.0000003289015     49.49565398210342     270.55827573431355     3:22
3059500     6119.000000329105     44.15965327188786     308.83212769910466     3:22
3060000     6120.000000329309     34.40164994597325     369.09415201440964     3:22
3060500     6121.000000329513     57.00496342732907     345.02163198092256     3:22
3061000     6122.000000329716     41.065943657124706     238.31440027162142     3:22
3061500     6123.00000032992     55.48081271696924     245.13698964576966     3:22
3062000     6124.000000330124     45.64114618734749     393.95776436124993     3:22
3062500     6125.000000330328     54.47530628620564     378.1113703131718     3:22
3063000     6126.000000330531     42.45605642733136     319.2476422471264     3:22
3063500     6127.000000330735     63.66926159079952     238.3717885263898     3:22
3064000     6128.000000330939     77.95274467926708     369.99659878100994     3:22
3064500     6129.0000003311425     59.03676332544126     527.6232511623674     3:22
3065000     6130.000000331346     55.143515806150674     377.39301066421734     3:22
3065500     6131.00000033155     60.525491590662284     282.2505534123231     3:21
3066000     6132.000000331754     55.727424666000786     296.20018901900886     3:21
3066500     6133.000000331957     43.47658541787922     309.1133683794071     3:21
3067000     6134.000000332161     62.88813516250269     237.9370001171601     3:21
3067500     6135.000000332365     51.98359935340778     306.1089698252487     3:21
3068000     6136.000000332569     66.18863055090532     193.83327520326455     3:21
3068500     6137.000000332772     75.23288850789896     201.44682937831794     3:21
3069000     6138.000000332976     57.924471704482414     285.73557566362643     3:21
3069500     6139.00000033318     56.93790857056109     187.98710890004023     3:21
3070000     6140.0000003333835     38.1673577592947     330.29500223916796     3:21
3070500     6141.000000333587     44.96641647019868     532.0149515349392     3:21
3071000     6142.000000333791     61.55498842227723     363.0579112967979     3:21
3071500     6143.000000333995     56.4199643780027     296.53836491555126     3:21
3072000     6144.000000334198     67.66074259254981     436.0220897664202     3:21
3072500     6145.000000334402     61.87213633300689     298.54292133906984     3:21
3073000     6146.000000334606     46.42367438515174     252.3077806402041     3:21
3073500     6147.00000033481     48.532740203899664     312.15322856918465     3:21
3074000     6148.000000335013     55.75289363032908     295.7038453741484     3:21
3074500     6149.000000335217     36.07430927879983     258.81046617933987     3:21
3075000     6150.000000335421     55.471835045173464     190.15049637879545     3:20
3075500     6151.0000003356245     48.09843872095553     368.3381948418396     3:20
3076000     6152.000000335828     49.333512621199986     237.0397748218279     3:20
3076500     6153.000000336032     39.725134407517146     301.6132845892332     3:20
3077000     6154.000000336236     47.026189043263514     530.8131651431215     3:20
3077500     6155.000000336439     57.809624304814804     334.4345069420781     3:20
3078000     6156.000000336643     53.623176383799944     207.0717682928959     3:20
3078500     6157.000000336847     47.44101666553803     345.5902096717051     3:20
3079000     6158.000000337051     57.546184546787345     312.70370050954466     3:20
3079500     6159.000000337254     58.74318860472721     289.5319263016801     3:20
3080000     6160.000000337458     68.68058056276766     312.33240479858864     3:20
3080500     6161.000000337662     70.07345628923275     386.7992805340757     3:20
3081000     6162.0000003378655     53.43523350986868     319.2988668068787     3:20
3081500     6163.000000338069     42.88987132348797     455.3749808089292     3:20
3082000     6164.000000338273     60.31373096185462     352.89904353530005     3:20
3082500     6165.000000338477     60.76756384171807     328.2819182239109     3:20
3083000     6166.00000033868     52.105463230777104     505.05375837710096     3:20
3083500     6167.000000338884     48.083178127295696     312.63206032287826     3:20
3084000     6168.000000339088     46.20458611086059     457.0527456666379     3:20
3084500     6169.000000339292     78.66781061450848     256.02886689234873     3:19
3085000     6170.000000339495     56.06532841000029     383.21018405162994     3:19
3085500     6171.000000339699     52.789800000292985     274.5469850396621     3:19
3086000     6172.000000339903     43.898342335036034     372.64018690136555     3:19
3086500     6173.000000340106     52.08639283007659     245.13654249243115     3:19
3087000     6174.00000034031     53.15425654227016     258.4562855693909     3:19
3087500     6175.000000340514     44.64686332972025     220.06691948459462     3:19
3088000     6176.000000340718     38.07847430561441     313.79236686692394     3:19
3088500     6177.000000340921     47.83578278006598     309.15647286654854     3:19
3089000     6178.000000341125     46.14331004530612     242.89055492018872     3:19
3089500     6179.000000341329     53.1330948035706     288.1253912951464     3:19
3090000     6180.0000003415325     42.18787505681263     381.23783690919254     3:19
3090500     6181.000000341736     47.6782731832098     288.6445264641026     3:19
3091000     6182.00000034194     63.13248281559572     185.09124140954432     3:19
3091500     6183.000000342144     49.444362129584476     306.7800602101182     3:19
3092000     6184.000000342347     56.71162370901669     260.3736351035446     3:19
3092500     6185.000000342551     53.928605556682896     390.65192599251935     3:19
3093000     6186.000000342755     48.55760368397574     224.49752449841355     3:19
3093500     6187.000000342959     40.34673938554471     278.86893448051273     3:19
3094000     6188.000000343162     39.86434483012971     300.2836620881904     3:18
3094500     6189.000000343366     56.06520996902901     341.4092820717394     3:18
3095000     6190.00000034357     56.231851390181475     252.16492988573452     3:18
3095500     6191.0000003437735     50.05089904976023     305.29507760806445     3:18
3096000     6192.000000343977     83.82890649032441     239.54402610624774     3:18
3096500     6193.000000344181     48.48589752294487     580.3983067726605     3:18
3097000     6194.000000344385     51.60306798522481     247.70208555941255     3:18
3097500     6195.000000344588     63.77955703832686     403.7070365646283     3:18
3098000     6196.000000344792     47.92308574051299     312.23718490529154     3:18
3098500     6197.000000344996     40.24669687052091     292.6814354747948     3:18
3099000     6198.0000003452     40.53626788100752     263.4108726298855     3:18
3099500     6199.000000345403     51.20933386105958     291.60081904001584     3:18
3100000     6200.000000345607     40.46432433173544     242.01453660395262     3:18
3100500     6201.000000345811     50.33930530452341     195.6806922124712     3:18
3101000     6202.0000003460145     42.99740376124504     221.3170714811422     3:18
3101500     6203.000000346218     79.21937159821624     215.16188892001568     3:18
3102000     6204.000000346422     53.63830006344688     316.6526993627875     3:18
3102500     6205.000000346626     72.96011623504813     278.6179504091867     3:18
3103000     6206.000000346829     56.82902868178502     345.8456192120907     3:18
3103500     6207.000000347033     48.71469521804772     345.37098634764504     3:17
3104000     6208.000000347237     51.19307952412197     358.52122706693234     3:17
3104500     6209.000000347441     59.79236742195491     435.1912327990888     3:17
3105000     6210.000000347644     61.7640278570953     336.2548831263246     3:17
3105500     6211.000000347848     61.78977409053908     251.17066807763382     3:17
3106000     6212.000000348052     48.307128568026485     264.08393191351524     3:17
3106500     6213.0000003482555     60.47554352318065     299.64787141145143     3:17
3107000     6214.000000348459     45.972862801931285     276.3182735572367     3:17
3107500     6215.000000348663     63.14083375582203     288.75060660046694     3:17
3108000     6216.000000348867     45.38197981802608     233.06633252254196     3:17
3108500     6217.00000034907     57.93412353093339     220.56754125079684     3:17
3109000     6218.000000349274     58.73244823274359     364.7275393829721     3:17
3109500     6219.000000349478     25.18252530582612     340.5016251683109     3:17
3110000     6220.000000349682     43.017238235660386     147.0608363315676     3:17
3110500     6221.000000349885     53.898696607598424     300.75385911789226     3:17
3111000     6222.000000350089     51.70354734234917     179.10534778924477     3:17
3111500     6223.000000350293     55.60045044890711     214.79228930625973     3:17
3112000     6224.0000003504965     51.90917958505037     346.4779753598124     3:17
3112500     6225.0000003507     72.77421380122382     311.7508943666557     3:17
3113000     6226.000000350904     46.173748837028995     319.62825138009634     3:16
3113500     6227.000000351108     56.86983907761879     245.62601407611498     3:16
3114000     6228.000000351311     45.29073636433776     279.4803842539826     3:16
3114500     6229.000000351515     49.22701944581905     416.30674193850547     3:16
3115000     6230.000000351719     54.01351916258204     279.0832451483521     3:16
3115500     6231.000000351923     58.85800869457529     224.11355613295086     3:16
3116000     6232.000000352126     49.28152457605955     268.82769490579807     3:16
3116500     6233.00000035233     43.28117404263645     271.4605667008041     3:16
3117000     6234.000000352534     38.09299841413349     283.3048175167044     3:16
3117500     6235.0000003527375     40.94830883448054     250.14289507788124     3:16
3118000     6236.000000352941     39.92393345733382     324.32111343752445     3:16
3118500     6237.000000353145     45.560239701699174     193.44621648340924     3:16
3119000     6238.000000353349     42.5888422672636     323.55368041104225     3:16
3119500     6239.000000353552     69.90402709686907     259.85858740483985     3:16
3120000     6240.000000353756     60.70373940157373     283.07291565294787     3:16
3120500     6241.00000035396     78.21277815821071     231.15521247401495     3:16
3121000     6242.000000354164     72.1181377015858     247.9779741559812     3:16
3121500     6243.000000354367     57.177760588033095     245.13168619356398     3:16
3122000     6244.000000354571     54.0016072819742     279.62843180067284     3:16
3122500     6245.000000354775     45.15902014112214     314.0068175683767     3:15
3123000     6246.0000003549785     43.35513142848646     272.33168936247927     3:15
3123500     6247.000000355182     54.120871437009214     393.09927092961436     3:15
3124000     6248.000000355386     40.81491564600179     316.86594047607247     3:15
3124500     6249.00000035559     55.888383000058866     211.12247117153836     3:15
3125000     6250.000000355793     27.58830577579357     357.78588290521776     3:15
3125500     6251.000000355997     46.47674891097006     296.9005340289993     3:15
3126000     6252.000000356201     51.91922109585522     372.64575869885596     3:15
3126500     6253.000000356405     68.59863385759417     234.6336397282262     3:15
3127000     6254.000000356608     52.243951524752276     316.5981008817864     3:15
3127500     6255.000000356812     61.486775729819044     226.55877239927818     3:15
3128000     6256.000000357016     39.90282632285215     270.0666824791208     3:15
3128500     6257.0000003572195     59.915021891190406     268.12746385778746     3:15
3129000     6258.000000357423     55.496088208904894     362.3319142213522     3:15
3129500     6259.000000357627     61.512761245054264     280.42026371044324     3:15
3130000     6260.000000357831     40.28859434691253     369.3983434579997     3:15
3130500     6261.000000358034     76.75951651470916     248.76360922718666     3:15
3131000     6262.000000358238     48.058837662695794     398.8350259357668     3:15
3131500     6263.000000358442     57.27938744083673     361.9414893666208     3:15
3132000     6264.000000358646     60.1989299916242     404.8501621928375     3:14
3132500     6265.000000358849     52.06400437232338     295.4393190206859     3:14
3133000     6266.000000359053     63.22060203669679     244.154504805022     3:14
3133500     6267.000000359257     57.05970016862716     264.0490622722974     3:14
3134000     6268.0000003594605     82.41846625689561     302.9512313160075     3:14
3134500     6269.000000359664     42.573889872742484     335.73474534382194     3:14
3135000     6270.000000359868     32.9111124374312     245.62631068484257     3:14
3135500     6271.000000360072     38.96494857791356     455.19848633704976     3:14
3136000     6272.000000360275     39.29389977709849     398.3122759523873     3:14
3136500     6273.000000360479     56.52306661587221     282.06097463748904     3:14
3137000     6274.000000360683     45.472108701442664     431.83726345822015     3:14
3137500     6275.000000360887     75.19756028564672     367.6384983652456     3:14
3138000     6276.00000036109     65.75848786766068     515.6587912496111     3:14
3138500     6277.000000361294     70.39610457458508     325.80701519483495     3:14
3139000     6278.000000361498     70.81583049203499     387.7974726318414     3:14
3139500     6279.0000003617015     41.04017188504832     260.45990443129756     3:14
3140000     6280.000000361905     52.54858267065407     293.97292298664826     3:14
3140500     6281.000000362109     40.44783172379516     487.6705516586757     3:14
3141000     6282.000000362313     38.002120019617735     455.74538884918354     3:14
3141500     6283.000000362516     70.26018813154923     288.37754150595424     3:14
3142000     6284.00000036272     63.22077811509888     355.30915382038603     3:13
3142500     6285.000000362924     48.39280462499323     349.0642945215898     3:13
3143000     6286.000000363128     41.17315850411535     254.36488803145147     3:13
3143500     6287.000000363331     63.51380412885425     298.60511728539615     3:13
3144000     6288.000000363535     71.28758863217575     253.51694170779155     3:13
3144500     6289.000000363739     50.21059564950849     330.95158553403957     3:13
3145000     6290.0000003639425     49.899698016006596     249.8255194284214     3:13
3145500     6291.000000364146     47.988360247624485     235.12671096530912     3:13
3146000     6292.00000036435     56.71986200373391     400.7620514002576     3:13
3146500     6293.000000364554     57.6712887008149     473.3049213549298     3:13
3147000     6294.000000364757     39.22849591750486     334.2029946028148     3:13
3147500     6295.000000364961     45.68374965374102     318.39165915172265     3:13
3148000     6296.000000365165     56.82432731219501     241.7018790846009     3:13
3148500     6297.000000365369     76.20939074472142     319.1514578032935     3:13
3149000     6298.000000365572     70.6796241363009     310.9421625164838     3:13
3149500     6299.000000365776     57.37447789093352     239.59563799868397     3:13
3150000     6300.00000036598     60.669501497382385     267.1113617587656     3:13
3150500     6301.0000003661835     77.09560485077878     337.03470595491456     3:13
3151000     6302.000000366387     48.008472519085046     330.12747667561337     3:13
3151500     6303.000000366591     58.71295996267128     431.00760803838546     3:12
3152000     6304.000000366795     66.95178584056305     366.6480838728979     3:12
3152500     6305.000000366998     77.69983615711334     195.02657035589542     3:12
3153000     6306.000000367202     46.605328013383826     356.9638059873186     3:12
3153500     6307.000000367406     37.1213806305949     301.5128275459651     3:12
3154000     6308.00000036761     48.95147748284239     321.7568446473619     3:12
3154500     6309.000000367813     59.44187645076596     364.8744400199781     3:12
3155000     6310.000000368017     66.59496590563685     343.95538185174263     3:12
3155500     6311.000000368221     73.31476804618262     330.07975151517115     3:12
3156000     6312.0000003684245     49.90423321638917     232.3512997738642     3:12
3156500     6313.000000368628     34.83444815213028     308.19549585193     3:12
3157000     6314.000000368832     40.42807006847852     336.55492008599873     3:12
3157500     6315.000000369036     62.099141319838225     336.0606599921167     3:12
3158000     6316.000000369239     60.560848414151735     206.80419307199682     3:12
3158500     6317.000000369443     54.824496285531325     346.8781407608754     3:12
3159000     6318.000000369647     58.679031248093054     372.61191115528044     3:12
3159500     6319.000000369851     57.66869273656266     354.28278660601694     3:12
3160000     6320.000000370054     45.15110450566641     427.20440476270375     3:12
3160500     6321.000000370258     73.4493514170091     381.5918926465524     3:12
3161000     6322.000000370462     37.68608519993592     236.19695294856865     3:11
3161500     6323.0000003706655     43.322009390047185     387.531820148501     3:11
3162000     6324.000000370869     63.44464909951677     333.0284139786975     3:11
3162500     6325.000000371073     70.1581780622057     517.9406852373602     3:11
3163000     6326.000000371277     43.464663672889515     547.8502628743223     3:11
3163500     6327.00000037148     63.93682173561166     387.7911399253119     3:11
3164000     6328.000000371684     51.90242580860178     282.464469263842     3:11
3164500     6329.000000371888     68.90051269761699     401.72689791513096     3:11
3165000     6330.000000372092     54.73362458100149     377.84817289855954     3:11
3165500     6331.000000372295     54.643918807050625     488.13876012387993     3:11
3166000     6332.000000372499     67.09760213402797     333.02375215750504     3:11
3166500     6333.000000372703     60.688180750103015     266.44052877224317     3:11
3167000     6334.0000003729065     40.52482137125065     192.98630904224146     3:11
3167500     6335.00000037311     51.61886346257489     191.7168008740576     3:11
3168000     6336.000000373314     39.06419288325765     281.01002745520225     3:11
3168500     6337.000000373518     47.28520154363861     200.6816233755097     3:11
3169000     6338.000000373721     67.37743331114785     230.89345085198906     3:11
3169500     6339.000000373925     47.24614773718804     332.8159315947517     3:11
3170000     6340.000000374129     48.9822863647251     208.3880529676591     3:11
3170500     6341.000000374333     64.14116408207991     202.94333283297877     3:10
3171000     6342.000000374536     63.07537682161046     377.31397609971526     3:10
3171500     6343.00000037474     56.91857223135446     382.4506551500392     3:10
3172000     6344.000000374944     73.07189038790494     309.17600365637094     3:10
3172500     6345.0000003751475     46.37052023403584     350.2594966271187     3:10
3173000     6346.000000375351     57.958204656903206     343.52243201943406     3:10
3173500     6347.000000375555     57.75630177342799     299.03813754623246     3:10
3174000     6348.000000375759     50.90768426309563     234.87050060315616     3:10
3174500     6349.000000375962     65.45251153074406     205.14110040444896     3:10
3175000     6350.000000376166     46.88189535346265     250.33144764997144     3:10
3175500     6351.00000037637     47.192800736424886     230.8132543620919     3:10
3176000     6352.000000376574     44.12659568195198     248.66487511564708     3:10
3176500     6353.000000376777     58.855340911957626     276.79692394778374     3:10
3177000     6354.000000376981     73.90468208401802     357.4594006630519     3:10
3177500     6355.000000377185     55.83274882465463     293.2384115429772     3:10
3178000     6356.0000003773885     58.652664625928594     346.2861767785331     3:10
3178500     6357.000000377592     40.053602439236954     445.4855379132837     3:10
3179000     6358.000000377796     52.71111605266185     353.7721025939871     3:10
3179500     6359.000000378     52.12511266988315     283.357315735694     3:10
3180000     6360.000000378203     57.30650956191016     245.91819982916903     3:09
3180500     6361.000000378407     50.516161228490546     317.39143261888444     3:09
3181000     6362.000000378611     47.02879457281068     230.39242133657993     3:09
3181500     6363.000000378815     57.98503050114181     223.19900030959838     3:09
3182000     6364.000000379018     37.09567780281293     377.88598812576396     3:09
3182500     6365.000000379222     58.098297443975014     244.10212516171057     3:09
3183000     6366.000000379426     68.3656810955028     267.516372100037     3:09
3183500     6367.0000003796295     62.38095918322887     425.7696524744818     3:09
3184000     6368.000000379833     51.283478933757465     385.66413173586136     3:09
3184500     6369.000000380037     45.80567206254392     333.8559666177563     3:09
3185000     6370.000000380241     32.21392842751089     389.0572239786005     3:09
3185500     6371.000000380444     50.18858719135886     300.45118636814396     3:09
3186000     6372.000000380648     57.80359061452123     206.9749511548196     3:09
3186500     6373.000000380852     42.19395879294609     318.152639841011     3:09
3187000     6374.0000003810555     48.29568908797711     263.1283591501164     3:09
3187500     6375.000000381259     47.785865607175026     273.05998350262445     3:09
3188000     6376.000000381463     61.421496150095436     210.11611752631524     3:09
3188500     6377.000000381667     42.0554863721477     183.17736445228167     3:09
3189000     6378.00000038187     58.70145231127009     273.4486509863679     3:09
3189500     6379.000000382074     49.66693257251052     266.16708880217834     3:08
3190000     6380.000000382278     47.425220420489154     192.81176666121362     3:08
3190500     6381.000000382482     45.15738155205537     378.97324412038984     3:08
3191000     6382.000000382685     59.60725700351986     236.26053581376428     3:08
3191500     6383.000000382889     72.48089560240902     258.0267197454981     3:08
3192000     6384.000000383093     56.02151163217991     350.3830168335361     3:08
3192500     6385.0000003832965     52.2404079882802     390.5357665844487     3:08
3193000     6386.0000003835     51.55060190643309     263.5294976176819     3:08
3193500     6387.000000383704     42.36154424698685     324.2929112199848     3:08
3194000     6388.000000383908     50.97576793905694     304.21852444281257     3:08
3194500     6389.000000384111     53.389581807554464     291.0310587893452     3:08
3195000     6390.000000384315     47.92675794023785     293.44151850455455     3:08
3195500     6391.000000384519     71.19757593888869     307.5035118319439     3:08
3196000     6392.000000384723     56.72296271376888     343.94769962030756     3:08
3196500     6393.000000384926     43.87681326655871     324.6105681476158     3:08
3197000     6394.00000038513     39.97020547778544     322.13664099443344     3:08
3197500     6395.000000385334     54.83149624427148     318.00868063645214     3:08
3198000     6396.0000003855375     54.05879029521179     244.65885400347904     3:08
3198500     6397.000000385741     35.284724588723634     310.3140605618419     3:08
3199000     6398.000000385945     35.20968886482336     230.56139652170617     3:07
3199500     6399.000000386149     46.94145618018865     299.10233377899846     3:07
3200000     6400.000000386352     52.854111444916555     149.31824231051863     3:07
3200500     6401.000000386556     49.73394533272864     348.55453153572574     3:07
3201000     6402.00000038676     55.19960663884302     326.9498281087557     3:07
3201500     6403.000000386964     69.50513637955072     281.34212620292664     3:07
3202000     6404.000000387167     53.33612243235183     383.4686269351445     3:07
3202500     6405.000000387371     68.70647324347766     294.34993500920234     3:07
3203000     6406.000000387575     71.38351295553701     332.5246515554712     3:07
3203500     6407.0000003877785     48.01111105293228     342.20418309593725     3:07
3204000     6408.000000387982     50.44915036164292     309.3749548504313     3:07
3204500     6409.000000388186     46.89537151873316     418.73700354977524     3:07
3205000     6410.00000038839     66.18937744453257     376.4853163668249     3:07
3205500     6411.000000388593     58.79695150053925     306.5010807989981     3:07
3206000     6412.000000388797     46.09929569712557     386.27369815168515     3:07
3206500     6413.000000389001     48.2611640888523     269.37466339018414     3:07
3207000     6414.000000389205     74.84021864081654     258.2713247553421     3:07
3207500     6415.000000389408     54.19759143409715     276.6268002060888     3:07
3208000     6416.000000389612     70.32478572291274     327.24557483764386     3:07
3208500     6417.000000389816     65.52720073496323     216.49969653349447     3:06
3209000     6418.0000003900195     56.62644471285023     274.731636723818     3:06
3209500     6419.000000390223     41.978985428017154     234.0728657508234     3:06
3210000     6420.000000390427     77.00923761270951     262.7509959778978     3:06
3210500     6421.000000390631     46.97336925944256     313.0172641506068     3:06
3211000     6422.000000390834     73.19941203534495     306.4439236408639     3:06
3211500     6423.000000391038     32.166052154609645     245.6585720849719     3:06
3212000     6424.000000391242     44.0228249908468     241.85430627821353     3:06
3212500     6425.000000391446     41.544354527552     144.17868232653097     3:06
3213000     6426.000000391649     66.06855072654417     223.0840423521489     3:06
3213500     6427.000000391853     45.767541270047616     220.00692849853485     3:06
3214000     6428.000000392057     41.96225275030042     234.55751511161625     3:06
3214500     6429.0000003922605     35.28211879200836     203.50671816359724     3:06
3215000     6430.000000392464     57.36225578850684     264.4153059836577     3:06
3215500     6431.000000392668     46.188190154426195     476.3925255716637     3:06
3216000     6432.000000392872     54.64861285375247     250.31724845470316     3:06
3216500     6433.000000393075     59.64311022149627     301.8273992778267     3:06
3217000     6434.000000393279     67.56223901755027     346.70301719918007     3:06
3217500     6435.000000393483     52.97626614727511     307.54045837605526     3:06
3218000     6436.000000393687     60.28863049950422     234.4709547212612     3:06
3218500     6437.00000039389     50.697665266637614     233.40802139308144     3:05
3219000     6438.000000394094     63.73947001360085     416.9712882949338     3:05
3219500     6439.000000394298     72.60574456610618     373.173591451929     3:05
3220000     6440.0000003945015     61.319651856303096     430.50843800079826     3:05
3220500     6441.000000394705     84.31612193107497     324.88276292774685     3:05
3221000     6442.000000394909     68.7442880026012     302.3738326700901     3:05
3221500     6443.000000395113     68.10005526467438     276.96568106603786     3:05
3222000     6444.000000395316     52.052343709290255     289.85045447960636     3:05
3222500     6445.00000039552     62.13962804559179     222.59956630172223     3:05
3223000     6446.000000395724     74.74998085361614     219.45194203626235     3:05
3223500     6447.000000395928     46.06595685535018     321.5539976513338     3:05
3224000     6448.000000396131     56.06180467246543     239.85111231248683     3:05
3224500     6449.000000396335     78.15917410381161     338.53332664902774     3:05
3225000     6450.000000396539     68.48586770821152     364.2469439250512     3:05
3225500     6451.0000003967425     78.8787140979299     210.5946870015557     3:05
3226000     6452.000000396946     65.1743306437001     392.144609329239     3:05
3226500     6453.00000039715     75.61029811869639     267.2163814468777     3:05
3227000     6454.000000397354     61.27806598645276     315.27587066364543     3:05
3227500     6455.000000397557     48.03348044674283     277.373736980977     3:05
3228000     6456.000000397761     62.04027359031761     274.7804264270183     3:04
3228500     6457.000000397965     49.79272169891692     225.44227388897562     3:04
3229000     6458.000000398169     38.12971103561205     312.3052147368375     3:04
3229500     6459.000000398372     45.93030531867174     377.2981802500031     3:04
3230000     6460.000000398576     69.97502318702561     217.7312055077968     3:04
3230500     6461.00000039878     52.18156036581786     288.0758249179242     3:04
3231000     6462.0000003989835     64.96834058184385     232.8956783871887     3:04
3231500     6463.000000399187     78.14606237169602     227.42892419836969     3:04
3232000     6464.000000399391     56.079250085492106     322.8155627990912     3:04
3232500     6465.000000399595     58.1863457714021     341.44609094963374     3:04
3233000     6466.000000399798     63.839675558924114     261.70039502884117     3:04
3233500     6467.000000400002     56.37980125055179     292.79538607179563     3:04
3234000     6468.000000400206     60.22422736462704     271.0271663971693     3:04
3234500     6469.00000040041     48.92580752559951     180.26673533126964     3:04
3235000     6470.000000400613     41.21076211344024     248.52812282261738     3:04
3235500     6471.000000400817     45.5980545966209     309.3097122648062     3:04
3236000     6472.000000401021     47.109065734796275     299.66890290048144     3:04
3236500     6473.0000004012245     51.814342447567356     138.4251143278803     3:04
3237000     6474.000000401428     44.246417411806476     353.88569542956685     3:04
3237500     6475.000000401632     55.44676592621147     395.50161542809997     3:03
3238000     6476.000000401836     71.71463972975693     566.7303510800391     3:03
3238500     6477.000000402039     48.155040417370344     288.58384289048814     3:03
3239000     6478.000000402243     56.34348017230508     280.73360110243317     3:03
3239500     6479.000000402447     74.38482672822784     259.3771286525286     3:03
3240000     6480.000000402651     33.65936604310872     232.9007613506334     3:03
3240500     6481.000000402854     51.33950474519963     270.6090589653701     3:03
3241000     6482.000000403058     56.51641805687615     299.6456746613881     3:03
3241500     6483.000000403262     54.30820688756211     427.0982514368584     3:03
3242000     6484.0000004034655     42.544880144534886     449.8388327474624     3:03
3242500     6485.000000403669     40.33128641281996     281.8551700792339     3:03
3243000     6486.000000403873     35.970569697241274     247.60999575462202     3:03
3243500     6487.000000404077     47.36800525572221     148.8136945656136     3:03
3244000     6488.00000040428     35.9343045508121     202.11215678179127     3:03
3244500     6489.000000404484     45.41557325123921     216.95734352892217     3:03
3245000     6490.000000404688     50.00641641087776     272.15996509131827     3:03
3245500     6491.000000404892     41.13184237346485     314.02509798542314     3:03
3246000     6492.000000405095     43.41241005556765     327.9445170896119     3:04
3246500     6493.000000405299     52.96940054505325     408.942152318541     3:04
3247000     6494.000000405503     42.24880656209274     487.8562644207749     3:04
3247500     6495.0000004057065     38.23140250019134     341.5517995743031     3:04
3248000     6496.00000040591     40.98573338730779     402.7441408327865     3:04
3248500     6497.000000406114     47.42562129773239     313.6264843369847     3:04
3249000     6498.000000406318     46.403867724023485     234.94426910941638     3:04
3249500     6499.000000406521     47.14350388502862     326.18300501076175     3:04
3250000     6500.000000406725     45.00958092894854     165.30559087097163     3:04
3250500     6501.000000406929     46.935608503718925     340.90446951750744     3:04
3251000     6502.000000407133     65.2259860235651     261.561286359054     3:04
3251500     6503.000000407336     53.567782882989434     196.6746727908385     3:04
3252000     6504.00000040754     40.21589308203926     309.8978258798155     3:04
3252500     6505.000000407744     63.01400909261946     328.1875241371921     3:04
3253000     6506.0000004079475     55.52234790783393     460.2504503794475     3:04
3253500     6507.000000408151     83.9729561564306     288.6284661925657     3:04
3254000     6508.000000408355     64.67678278582872     409.6671491538913     3:04
3254500     6509.000000408559     50.20704660712585     273.3736960451974     3:04
3255000     6510.000000408762     53.239520078016085     306.70131452851837     3:03
3255500     6511.000000408966     50.365969548666214     303.00822727321986     3:03
3256000     6512.00000040917     47.30477414782564     317.4565089660589     3:03
3256500     6513.000000409374     46.230236616826176     255.84216219723288     3:03
3257000     6514.000000409577     44.51388991241862     353.430264607751     3:03
3257500     6515.000000409781     57.771017783844115     274.09588729184617     3:03
3258000     6516.000000409985     52.71558252725032     259.91401959685896     3:03
3258500     6517.0000004101885     49.32207013826638     327.07153034852604     3:03
3259000     6518.000000410392     69.79573054006516     291.3359672815674     3:03
3259500     6519.000000410596     63.99341020277308     225.50081183860038     3:03
3260000     6520.0000004108     38.11174841115786     245.8140241208837     3:03
3260500     6521.000000411003     48.78720778702905     151.31684340622851     3:03
3261000     6522.000000411207     29.43860476640947     235.30703173094628     3:03
3261500     6523.000000411411     35.15001422028712     330.5362442383725     3:03
3262000     6524.000000411615     63.75621673875031     330.1202952544644     3:03
3262500     6525.000000411818     52.68539806703916     271.8215228838779     3:03
3263000     6526.000000412022     51.13859035671163     355.36898837664495     3:03
3263500     6527.000000412226     59.936422454710794     294.08047245875946     3:03
3264000     6528.0000004124295     69.4459832095809     343.69409627618927     3:03
3264500     6529.000000412633     63.52307476987323     284.07496402745517     3:02
3265000     6530.000000412837     56.43600506713517     227.60716846072495     3:02
3265500     6531.000000413041     53.90591982408978     279.23694945239356     3:02
3266000     6532.000000413244     55.74584205843013     191.53780328317526     3:02
3266500     6533.000000413448     37.343573469423234     318.4041070791628     3:02
3267000     6534.000000413652     83.99713880127922     306.7511034288882     3:02
3267500     6535.000000413856     47.543217699378886     364.92369271415635     3:02
3268000     6536.000000414059     46.0063200666923     197.44588890458132     3:02
3268500     6537.000000414263     53.074542637449895     332.4519330349034     3:02
3269000     6538.000000414467     46.28403007698995     243.36616651835672     3:02
3269500     6539.0000004146705     54.57755808348651     292.01254673220404     3:02
3270000     6540.000000414874     38.91141481593877     322.82965451093224     3:02
3270500     6541.000000415078     52.38444774549282     333.34442067970326     3:02
3271000     6542.000000415282     53.096379672126886     287.7713006825871     3:02
3271500     6543.000000415485     52.274438648829744     267.41022129295607     3:02
3272000     6544.000000415689     50.667725677728015     276.2090503419595     3:02
3272500     6545.000000415893     51.68960094467542     253.69741783759846     3:02
3273000     6546.000000416097     59.69135589396137     270.1091228843393     3:02
3273500     6547.0000004163     47.337133167310924     377.80303218414787     3:02
3274000     6548.000000416504     47.327668009235936     311.9829375718457     3:01
3274500     6549.000000416708     63.51541466205782     220.21403053530398     3:01
3275000     6550.0000004169115     41.98589084973355     397.6864149230614     3:01
3275500     6551.000000417115     64.01884058150569     216.589447665535     3:01
3276000     6552.000000417319     58.543375309247324     270.7811003586571     3:01
3276500     6553.000000417523     52.07022229355931     380.2427682246023     3:01
3277000     6554.000000417726     52.504601661799256     267.0861146331262     3:01
3277500     6555.00000041793     53.19252703525484     272.75122846965377     3:01
3278000     6556.000000418134     49.77556870402162     392.56624661560056     3:01
3278500     6557.000000418338     53.38249500858268     206.775916163405     3:01
3279000     6558.000000418541     72.8606317714412     216.96089823206415     3:01
3279500     6559.000000418745     63.722164104388014     368.0240999798927     3:01
3280000     6560.000000418949     42.57646564574833     310.3390366296811     3:01
3280500     6561.0000004191525     82.37068699589571     240.8577534116977     3:01
3281000     6562.000000419356     52.05319141227943     192.10718940045626     3:01
3281500     6563.00000041956     34.679327733109915     163.922385604893     3:01
3282000     6564.000000419764     38.36743984063014     308.1736560453866     3:01
3282500     6565.000000419967     51.68984601027887     294.0904045280614     3:01
3283000     6566.000000420171     52.42936600166519     259.2118863610165     3:00
3283500     6567.000000420375     50.26713157679171     278.27932394444247     3:00
3284000     6568.0000004205785     41.56294056631293     395.668329344044     3:00
3284500     6569.000000420782     55.48626376097411     388.4824252788023     3:00
3285000     6570.000000420986     42.8318861727401     512.916317359036     3:00
3285500     6571.00000042119     53.38439110399685     361.2978496871805     3:00
3286000     6572.000000421393     59.725015781761556     291.57865856327913     3:00
3286500     6573.000000421597     62.97039920456615     241.51275068421754     3:00
3287000     6574.000000421801     54.69562187308213     220.48328766113445     3:00
3287500     6575.000000422005     76.23063746968131     303.54148437918997     3:00
3288000     6576.000000422208     66.92323778844292     209.58451762201022     3:00
3288500     6577.000000422412     57.428748326996754     235.5933433621247     3:00
3289000     6578.000000422616     51.13496205436269     218.6379523622707     3:00
3289500     6579.0000004228195     56.326866663687895     361.4141796931018     3:00
3290000     6580.000000423023     64.84761961461453     438.5793622040703     3:00
3290500     6581.000000423227     59.84056368864475     343.00682922380463     3:00
3291000     6582.000000423431     52.061264424653075     409.49221999721397     3:00
3291500     6583.000000423634     54.78447408765345     190.9921711607288     3:00
3292000     6584.000000423838     43.70691027566596     279.60604754140627     3:00
3292500     6585.000000424042     62.5422089543265     286.4249330482782     2:59
3293000     6586.000000424246     62.94617108722372     319.6405969100759     2:59
3293500     6587.000000424449     56.29376818153372     380.90588168260143     2:59
3294000     6588.000000424653     48.07797659675708     363.4158152217907     2:59
3294500     6589.000000424857     48.84271524857053     312.30699903922954     2:59
3295000     6590.0000004250605     51.236727346331634     345.89625141415837     2:59
3295500     6591.000000425264     28.51123159489663     276.0888073386596     2:59
3296000     6592.000000425468     66.82713342857397     277.287995528118     2:59
3296500     6593.000000425672     46.13872933535396     294.3958450123886     2:59
3297000     6594.000000425875     44.86377480680807     241.26043796466783     2:59
3297500     6595.000000426079     72.9927318085791     409.4297521212075     2:59
3298000     6596.000000426283     64.52690899248893     479.26685716633864     2:59
3298500     6597.000000426487     60.67228819897474     424.0304463794505     2:59
3299000     6598.00000042669     44.304756970286746     312.21149286958814     2:59
3299500     6599.000000426894     62.156003434326465     335.1290276484466     2:59
3300000     6600.000000427098     47.964319242080194     275.281655964714     2:59
3300500     6601.0000004273015     52.08091722712874     234.42061871619995     2:59
3301000     6602.000000427505     53.556633401627096     252.04905439569393     2:59
3301500     6603.000000427709     44.258120566540754     278.33160545281766     2:59
3302000     6604.000000427913     52.64617436393331     320.6687558620358     2:59
3302500     6605.000000428116     44.15655450594414     434.9918573869773     2:59
3303000     6606.00000042832     70.66412952235072     347.84675195665415     2:59
3303500     6607.000000428524     73.11259550505582     253.69735990601717     2:59
3304000     6608.000000428728     54.81964380666909     331.3204673483779     2:58
3304500     6609.000000428931     57.99441779409267     239.96777779845175     2:58
3305000     6610.000000429135     81.03920055289456     168.3097214431287     2:58
3305500     6611.000000429339     51.79108522268541     251.20381729377812     2:58
3306000     6612.0000004295425     39.2323380849669     271.4040913528192     2:58
3306500     6613.000000429746     63.571065580018114     224.32654612058096     2:58
3307000     6614.00000042995     50.412059670704195     280.7808396569675     2:58
3307500     6615.000000430154     66.7231931121255     212.25495579514123     2:58
3308000     6616.000000430357     51.039659589909945     414.3043029239714     2:58
3308500     6617.000000430561     56.1621202926579     340.1689275843492     2:58
3309000     6618.000000430765     45.21025460914825     314.7339569519178     2:58
3309500     6619.000000430969     57.818969185928324     371.60781395968075     2:58
3310000     6620.000000431172     43.177370531118356     250.19923751260603     2:58
3310500     6621.000000431376     58.375563058408886     177.9740441270834     2:58
3311000     6622.00000043158     50.12511572556076     274.6301265464019     2:58
3311500     6623.0000004317835     36.876058236822814     273.8082498944919     2:58
3312000     6624.000000431987     50.278949387057594     268.7882629709101     2:58
3312500     6625.000000432191     40.539324285130704     374.60371313710584     2:58
3313000     6626.000000432395     78.73054835799024     211.7574130246729     2:57
3313500     6627.000000432598     46.05880145432053     391.43995674773834     2:57
3314000     6628.000000432802     63.716475938369285     368.2832206532211     2:57
3314500     6629.000000433006     56.958052391483136     278.65340976823023     2:57
3315000     6630.00000043321     66.39223086352189     323.09080804510546     2:57
3315500     6631.000000433413     50.43079772183779     333.2438154168375     2:57
3316000     6632.000000433617     56.592275756169386     244.68276385897053     2:57
3316500     6633.000000433821     43.89051800493405     357.1850614940945     2:57
3317000     6634.0000004340245     60.56529190642658     248.42584863614445     2:57
3317500     6635.000000434228     65.14828600001073     200.91497042878146     2:57
3318000     6636.000000434432     53.041171512175936     263.5065052705627     2:57
3318500     6637.000000434636     55.976989238842805     338.99468950008156     2:57
3319000     6638.000000434839     69.62348197659554     304.18654982459674     2:57
3319500     6639.000000435043     74.52021670481253     392.9732615058361     2:57
3320000     6640.000000435247     74.61596384935018     290.611228086753     2:57
3320500     6641.000000435451     57.05486334399757     244.571944086125     2:57
3321000     6642.000000435654     58.8992424394138     325.7766967308174     2:57
3321500     6643.000000435858     50.04978977215393     312.23181057953605     2:57
3322000     6644.000000436062     42.14354948021088     282.3857121509267     2:57
3322500     6645.0000004362655     56.29978053371377     351.5954143922894     2:56
3323000     6646.000000436469     66.30130902790427     419.9375485782434     2:56
3323500     6647.000000436673     55.30811461304137     224.6140613336427     2:56
3324000     6648.000000436877     60.56258169580133     240.68002295306215     2:56
3324500     6649.00000043708     57.572138122530134     282.1578805135728     2:56
3325000     6650.000000437284     73.88067051847509     484.08099516266157     2:56
3325500     6651.000000437488     61.02989970752526     228.94201458851688     2:56
3326000     6652.000000437692     44.47450907539684     352.04747612452474     2:56
3326500     6653.000000437895     64.76288348468489     316.6810908751597     2:56
3327000     6654.000000438099     58.59187195172973     352.7688118873747     2:56
3327500     6655.000000438303     70.8487402273318     290.7353278027346     2:56
3328000     6656.0000004385065     60.534648174871165     340.314564673504     2:56
3328500     6657.00000043871     48.092343452243426     260.5203381144204     2:56
3329000     6658.000000438914     35.13884194940266     410.6831706645616     2:56
3329500     6659.000000439118     46.08362483096187     313.99786607343265     2:56
3330000     6660.000000439321     61.69736796895927     192.77669451375954     2:56
3330500     6661.000000439525     55.833319174750386     239.4143597271802     2:56
3331000     6662.000000439729     40.47603141001122     315.9565620940487     2:56
3331500     6663.000000439933     65.45322236282698     303.31174380904383     2:56
3332000     6664.000000440136     60.0925519053514     341.4363082200531     2:55
3332500     6665.00000044034     47.204785322069995     269.8075405658272     2:55
3333000     6666.000000440544     54.19816855186099     346.92976157797204     2:55
3333500     6667.0000004407475     50.84283786109097     231.02590715013727     2:55
3334000     6668.000000440951     55.330073568881176     285.24912373939964     2:55
3334500     6669.000000441155     74.29006364808487     193.38724441020793     2:55
3335000     6670.000000441359     47.45158371118106     361.378343488153     2:55
3335500     6671.000000441562     57.85254427121987     212.3506168203557     2:55
3336000     6672.000000441766     55.107071979626596     388.40883453918366     2:55
3336500     6673.00000044197     50.01344194223299     269.20012638574957     2:55
3337000     6674.000000442174     56.209552026475194     280.4266216530546     2:55
3337500     6675.000000442377     58.90239572932205     293.656482791757     2:55
3338000     6676.000000442581     45.614469348498744     262.2156345895807     2:55
3338500     6677.000000442785     67.1037143120173     283.402678392     2:55
3339000     6678.0000004429885     49.848842668945565     266.71042871581244     2:55
3339500     6679.000000443192     54.763642990637265     508.1168569294673     2:55
3340000     6680.000000443396     65.49578395533678     399.7296709022795     2:55
3340500     6681.0000004436     61.356816774022434     301.0831819450536     2:55
3341000     6682.000000443803     52.7282019086835     364.6960975500299     2:55
3341500     6683.000000444007     53.248971650388796     299.5411937951076     2:54
3342000     6684.000000444211     63.43430633253007     202.3649566400644     2:54
3342500     6685.000000444415     79.9190677174588     223.45175076133899     2:54
3343000     6686.000000444618     56.03189521732628     359.3806546210977     2:54
3343500     6687.000000444822     57.77591908287326     343.506532319128     2:54
3344000     6688.000000445026     54.24823529078782     265.03159919576484     2:54
3344500     6689.0000004452295     78.94325338294169     268.24480806599337     2:54
3345000     6690.000000445433     41.60597053069745     304.7478438784114     2:54
3345500     6691.000000445637     70.79144364138654     186.5216989380482     2:54
3346000     6692.000000445841     52.13362327404792     238.1924115950567     2:54
3346500     6693.000000446044     51.46479152000205     295.60309983548035     2:54
3347000     6694.000000446248     54.03306710865593     308.40223157801046     2:54
3347500     6695.000000446452     79.94068805043304     320.43953628861925     2:54
3348000     6696.000000446656     65.52765444499676     308.0172632388601     2:54
3348500     6697.000000446859     51.552737247831715     260.7851150849412     2:54
3349000     6698.000000447063     64.20450079292374     192.18634457502307     2:54
3349500     6699.000000447267     54.15140467013356     174.86631834917966     2:54
3350000     6700.0000004474705     49.730763586004116     287.3987304768422     2:54
3350500     6701.000000447674     36.28206022031293     278.26931952726585     2:54
3351000     6702.000000447878     67.61508665422224     259.8708734532293     2:53
3351500     6703.000000448082     55.40551371613924     256.13314826764463     2:53
3352000     6704.000000448285     57.38407079630821     342.751499436219     2:53
3352500     6705.000000448489     51.15347681342354     268.27401788617055     2:53
3353000     6706.000000448693     62.4394886329672     269.5643511984543     2:53
3353500     6707.000000448897     47.591760870260714     316.99981460850125     2:53
3354000     6708.0000004491     63.11636305790654     228.8090298342214     2:53
3354500     6709.000000449304     47.51447508374548     362.4376856153258     2:53
3355000     6710.000000449508     53.90665814947903     305.9133903606277     2:53
3355500     6711.0000004497115     51.27485280760135     219.92015214835095     2:53
3356000     6712.000000449915     48.54162825691532     316.1687071573154     2:53
3356500     6713.000000450119     51.96172039416598     316.5128591130351     2:53
3357000     6714.000000450323     56.42117130642765     162.52676985377576     2:53
3357500     6715.000000450526     53.181397170261164     228.44173614927814     2:53
3358000     6716.00000045073     58.3936160644285     267.4257343144882     2:53
3358500     6717.000000450934     59.66377989099561     194.3074189430378     2:53
3359000     6718.000000451138     53.413328551432755     243.38114725715718     2:53
3359500     6719.000000451341     49.42665872241173     333.68253990404656     2:53
3360000     6720.000000451545     57.873009268572105     240.91997662849244     2:53
3360500     6721.000000451749     49.31523090876482     234.25182183053087     2:52
3361000     6722.0000004519525     46.453558624902655     342.5744593854381     2:52
3361500     6723.000000452156     52.55680312926074     372.0302607381719     2:52
3362000     6724.00000045236     53.40344041275762     228.48789308825167     2:52
3362500     6725.000000452564     54.40066669712695     209.3587126454657     2:52
3363000     6726.000000452767     60.21218170450129     270.14198711682246     2:52
3363500     6727.000000452971     51.60219254652429     267.9583044274668     2:52
3364000     6728.000000453175     42.60277339987266     212.85133410585422     2:52
3364500     6729.000000453379     45.04171758851612     189.98176464193645     2:52
3365000     6730.000000453582     70.58462217805823     242.40002710233918     2:52
3365500     6731.000000453786     58.63418039597195     453.4761200711386     2:52
3366000     6732.00000045399     46.19175989091485     294.4990852903241     2:52
3366500     6733.0000004541935     50.94279929453563     190.48013395463178     2:52
3367000     6734.000000454397     72.73442339912361     224.41822560896236     2:52
3367500     6735.000000454601     48.04328935818211     383.3408744053036     2:52
3368000     6736.000000454805     71.27818894215835     229.76773007956896     2:52
3368500     6737.000000455008     66.05796467613283     419.3968454718768     2:52
3369000     6738.000000455212     47.31781568381888     297.8546324433413     2:52
3369500     6739.000000455416     47.915226357855374     394.95766461722206     2:52
3370000     6740.00000045562     61.825143781673376     327.86893260265356     2:51
3370500     6741.000000455823     88.43272060346561     241.62447677630882     2:51
3371000     6742.000000456027     77.51650200697935     319.0680190823539     2:51
3371500     6743.000000456231     76.67921906015607     452.59451949485236     2:51
3372000     6744.0000004564345     57.429961232261746     363.30305038157127     2:51
3372500     6745.000000456638     39.34143618204945     396.05934775529494     2:51
3373000     6746.000000456842     61.95621604267893     356.75000549036565     2:51
3373500     6747.000000457046     55.65185989111359     360.74811632604445     2:51
3374000     6748.000000457249     58.574242134661176     221.27784380835993     2:51
3374500     6749.000000457453     42.574834082946154     318.44960410186223     2:51
3375000     6750.000000457657     50.899546584470784     218.41812552772794     2:51
3375500     6751.000000457861     52.74448729898853     225.60309813451755     2:51
3376000     6752.000000458064     64.3117353703845     211.16916702921898     2:51
3376500     6753.000000458268     64.49864315629691     185.69039958849925     2:51
3377000     6754.000000458472     56.340081391582316     365.88567975330125     2:51
3377500     6755.0000004586755     77.2744509548524     216.8456268337596     2:51
3378000     6756.000000458879     68.9510341918288     256.69873700852077     2:51
3378500     6757.000000459083     42.58933163498699     269.98520074124826     2:51
3379000     6758.000000459287     54.6480234142918     290.1836532976846     2:51
3379500     6759.00000045949     58.0645462560862     342.84766695104884     2:50
3380000     6760.000000459694     45.61885274466027     204.5261370999476     2:50
3380500     6761.000000459898     55.72547018813685     275.2958441161691     2:50
3381000     6762.000000460102     77.8804619446833     221.78341402630005     2:50
3381500     6763.000000460305     67.53694692822057     237.5272663660628     2:50
3382000     6764.000000460509     56.76004235096855     283.3053419040785     2:50
3382500     6765.000000460713     73.86368593582398     262.59653972580594     2:50
3383000     6766.000000460916     83.72827626109057     279.6887188142068     2:50
3383500     6767.00000046112     92.18288831415492     279.1536897574778     2:50
3384000     6768.000000461324     61.381963829344784     374.5271142177833     2:50
3384500     6769.000000461528     53.70100256885917     289.44565939581594     2:50
3385000     6770.000000461731     44.1914990415616     356.416527186314     2:50
3385500     6771.000000461935     69.08389888993526     215.95918930949813     2:50
3386000     6772.000000462139     58.7027400910676     271.77462184377384     2:50
3386500     6773.0000004623425     61.108647521671     197.18333939367446     2:50
3387000     6774.000000462546     58.57374593158812     253.78295091114072     2:50
3387500     6775.00000046275     43.37895595276376     306.38541584375525     2:50
3388000     6776.000000462954     46.45854407480658     231.8007735710845     2:50
3388500     6777.000000463157     51.68503657880029     252.12915451863367     2:50
3389000     6778.000000463361     80.54220075836662     259.871983114263     2:49
3389500     6779.000000463565     54.83155524063318     316.74312842995516     2:49
3390000     6780.000000463769     83.77137791866738     242.24996594276584     2:49
3390500     6781.000000463972     57.48910493327895     354.6520497951926     2:49
3391000     6782.000000464176     58.11961736023051     311.4073360643311     2:49
3391500     6783.00000046438     47.6234097400025     229.809171770482     2:49
3392000     6784.0000004645835     60.77929104663497     228.69050327198792     2:49
3392500     6785.000000464787     48.51755853727241     338.99747932228667     2:49
3393000     6786.000000464991     61.07168470210837     370.8495883733563     2:49
3393500     6787.000000465195     60.13914231593003     243.91577035687698     2:49
3394000     6788.000000465398     63.70345955351223     340.34049443273483     2:49
3394500     6789.000000465602     80.6853422168196     390.21845506660566     2:49
3395000     6790.000000465806     70.75181872684487     442.3273623015427     2:49
3395500     6791.00000046601     58.50628883068788     285.59570029648575     2:49
3396000     6792.000000466213     67.19955290728262     259.93712557900307     2:49
3396500     6793.000000466417     66.29397645935393     290.91217567663506     2:49
3397000     6794.000000466621     52.239554280028926     227.25518657467867     2:49
3397500     6795.0000004668245     74.15165679677239     273.07814355179505     2:49
3398000     6796.000000467028     70.53526203224351     275.4160459473585     2:48
3398500     6797.000000467232     61.22029050470468     178.0224088357145     2:48
3399000     6798.000000467436     79.36774033472699     310.26295773833266     2:48
3399500     6799.000000467639     58.75857405804044     464.81811337710695     2:48
3400000     6800.000000467843     65.32702185847046     463.00664901726503     2:48
3400500     6801.000000468047     44.03136963311027     389.07790756329706     2:48
3401000     6802.000000468251     61.84647952550188     242.40276625862955     2:48
3401500     6803.000000468454     58.25818233125466     274.8522252337813     2:48
3402000     6804.000000468658     40.528101008077726     251.3847667333232     2:48
3402500     6805.000000468862     71.16926033026186     319.36099148912564     2:48
3403000     6806.0000004690655     72.74081893856516     381.4762282725629     2:48
3403500     6807.000000469269     55.72748773963889     311.105309087026     2:48
3404000     6808.000000469473     64.48623490573783     411.86687562172074     2:48
3404500     6809.000000469677     64.66670780371902     253.24623718852706     2:48
3405000     6810.00000046988     46.64852362171422     293.7559293745587     2:48
3405500     6811.000000470084     44.47834324446234     374.17452537006267     2:48
3406000     6812.000000470288     66.66921025372585     317.88865540939776     2:48
3406500     6813.000000470492     49.412035344452136     298.13159306479093     2:48
3407000     6814.000000470695     46.01095167857733     259.89841100759276     2:48
3407500     6815.000000470899     48.12453974239014     220.9186910121623     2:47
3408000     6816.000000471103     48.89548132870681     283.9455422591616     2:47
3408500     6817.0000004713065     54.18068867692034     275.6781257087039     2:47
3409000     6818.00000047151     50.56211267823636     251.07997773709695     2:47
3409500     6819.000000471714     57.69587315039092     242.5880825090861     2:47
3410000     6820.000000471918     40.932058524890465     315.8802631014416     2:47
3410500     6821.000000472121     60.085072010261285     260.4143961710339     2:47
3411000     6822.000000472325     42.562778587620244     338.4056299437249     2:47
3411500     6823.000000472529     60.94991575286093     381.6977464331847     2:47
3412000     6824.000000472733     64.01132731226102     258.46281304422183     2:47
3412500     6825.000000472936     62.73425598892749     287.05074496169823     2:47
3413000     6826.00000047314     58.56858382064604     272.17059224272043     2:47
3413500     6827.000000473344     41.41757371983459     255.27141735186876     2:47
3414000     6828.0000004735475     69.02477904278055     222.38529990601108     2:47
3414500     6829.000000473751     47.01326952006485     319.00398325128646     2:47
3415000     6830.000000473955     47.04628388268253     272.55196359254944     2:47
3415500     6831.000000474159     52.91354605595052     286.74598105624045     2:47
3416000     6832.000000474362     69.9357659290427     196.7221490779824     2:47
3416500     6833.000000474566     52.71379440029881     318.8116163253506     2:47
3417000     6834.00000047477     45.07643853001713     259.77395372394125     2:46
3417500     6835.000000474974     44.504795086453555     279.2446214150199     2:46
3418000     6836.000000475177     48.46161741123262     280.74090997548296     2:46
3418500     6837.000000475381     61.37258698770012     348.78287031660494     2:46
3419000     6838.000000475585     52.40309254111838     572.9411528998796     2:46
3419500     6839.0000004757885     68.42121635763937     309.5046594953427     2:46
3420000     6840.000000475992     67.43066433476491     286.5505215477742     2:46
3420500     6841.000000476196     63.36862278752557     420.3052821750776     2:46
3421000     6842.0000004764     78.60279879662102     331.30948650432794     2:46
3421500     6843.000000476603     55.5124996559619     201.90547530602106     2:46
3422000     6844.000000476807     52.17355794995467     330.83138026376804     2:46
3422500     6845.000000477011     70.39218287179625     374.5531629644135     2:46
3423000     6846.000000477215     39.220742750478564     383.0721754279777     2:46
3423500     6847.000000477418     56.24865458783955     417.53688680813144     2:46
3424000     6848.000000477622     70.49136067426372     323.5185652508422     2:46
3424500     6849.000000477826     74.32008971795358     424.7104791529619     2:46
3425000     6850.0000004780295     66.05768461830445     257.1005160656873     2:46
3425500     6851.000000478233     57.53124404010208     375.8267827975184     2:46
3426000     6852.000000478437     45.91637585904812     282.2318550741365     2:46
3426500     6853.000000478641     63.004728034139134     334.00042046889405     2:45
3427000     6854.000000478844     69.90576157433702     298.03537161449634     2:45
3427500     6855.000000479048     67.96379491046912     378.0349762856461     2:45
3428000     6856.000000479252     54.38098854122268     288.49978469881825     2:45
3428500     6857.000000479456     61.96505565954607     303.562666412831     2:45
3429000     6858.000000479659     63.82249908423222     288.48251779381803     2:45
3429500     6859.000000479863     49.61274088519991     319.6153938628136     2:45
3430000     6860.000000480067     51.13715150480118     234.60235333211045     2:45
3430500     6861.0000004802705     47.57536642185812     342.78203560382536     2:45
3431000     6862.000000480474     40.091297602378575     297.19336029899773     2:45
3431500     6863.000000480678     57.21956994743107     319.99586451217897     2:45
3432000     6864.000000480882     72.89512299862093     321.9730205086809     2:45
3432500     6865.000000481085     52.94804810637271     374.38203261305546     2:45
3433000     6866.000000481289     58.58112813645562     317.57641319554625     2:45
3433500     6867.000000481493     56.94203366623486     275.526311156095     2:45
3434000     6868.000000481697     64.36337917512174     355.27689169369006     2:45
3434500     6869.0000004819     55.20588842078877     262.42867454077776     2:45
3435000     6870.000000482104     49.546256018646204     232.06598683277232     2:45
3435500     6871.000000482308     34.047400084514834     202.33206642071386     2:45
3436000     6872.0000004825115     57.35254970333324     220.41333881265652     2:44
3436500     6873.000000482715     78.5506516599068     298.978386109199     2:44
3437000     6874.000000482919     51.76865320117736     317.5914535128125     2:44
3437500     6875.000000483123     63.21698197250407     372.15508972726946     2:44
3438000     6876.000000483326     88.12087843428543     304.15456577917865     2:44
3438500     6877.00000048353     71.00477414789913     298.88518950120357     2:44
3439000     6878.000000483734     57.987633430638994     420.83791627435966     2:44
3439500     6879.000000483938     63.73497138910284     426.7409809811134     2:44
3440000     6880.000000484141     69.22572961816002     336.5302513558547     2:44
3440500     6881.000000484345     74.32449179605027     283.11653028675676     2:44
3441000     6882.000000484549     40.27779283317119     489.6162382611403     2:44
3441500     6883.0000004847525     51.069387270453035     231.71023247944802     2:44
3442000     6884.000000484956     31.982592308196615     282.3718149651981     2:44
3442500     6885.00000048516     49.073000859689216     344.04573303096487     2:44
3443000     6886.000000485364     48.59985436818562     360.9996773881704     2:44
3443500     6887.000000485567     47.23709718366382     400.8589273417952     2:44
3444000     6888.000000485771     51.81628126928496     312.1005985025661     2:44
3444500     6889.000000485975     55.19674177930261     360.2361318807961     2:44
3445000     6890.000000486179     41.892787883648964     271.5504247834563     2:44
3445500     6891.000000486382     47.358963264813895     286.4984758344976     2:43
3446000     6892.000000486586     39.93867327156005     283.5812743852731     2:43
3446500     6893.00000048679     44.91170993027839     263.0878156166837     2:43
3447000     6894.0000004869935     52.59288832273353     246.32031785389913     2:43
3447500     6895.000000487197     50.55058241766733     232.18359259286467     2:43
3448000     6896.000000487401     75.26207425260043     223.09278072087403     2:43
3448500     6897.000000487605     47.579897859360926     290.28157520457916     2:43
3449000     6898.000000487808     59.71288294066045     300.9978797259565     2:43
3449500     6899.000000488012     60.161437022409075     294.56098499120617     2:43
3450000     6900.000000488216     51.81388340707815     277.08716901708266     2:43
3450500     6901.00000048842     36.811837910372276     318.7524207118084     2:43
3451000     6902.000000488623     66.40762976618964     392.56808201984734     2:43
3451500     6903.000000488827     74.69616342100193     299.27310542439875     2:43
3452000     6904.000000489031     72.58010617795054     385.6972312064086     2:43
3452500     6905.0000004892345     38.00495651766761     434.3033872370872     2:43
3453000     6906.000000489438     43.40707062230416     196.34440930204752     2:43
3453500     6907.000000489642     54.373201289314125     287.21139378983077     2:43
3454000     6908.000000489846     54.02385681484287     308.65821234510037     2:43
3454500     6909.000000490049     36.9112622561276     272.8955189886074     2:42
3455000     6910.000000490253     50.745711309922115     315.7405489836606     2:42
3455500     6911.000000490457     65.13988589400242     281.5686502624899     2:42
3456000     6912.000000490661     61.18424864872924     272.56768259572834     2:42
3456500     6913.000000490864     55.96654630660669     362.78363795477946     2:42
3457000     6914.000000491068     77.07890272412436     351.053501068064     2:42
3457500     6915.000000491272     86.67082288546908     351.1691609373402     2:42
3458000     6916.0000004914755     46.68238864743029     380.1643674926314     2:42
3458500     6917.000000491679     46.00510750959705     228.1290720423888     2:42
3459000     6918.000000491883     66.76784699044202     290.5714934157587     2:42
3459500     6919.000000492087     50.33001806210882     372.26166485533184     2:42
3460000     6920.00000049229     62.96216532086743     338.52498222474316     2:42
3460500     6921.000000492494     78.37213838452232     343.979221569333     2:42
3461000     6922.000000492698     49.31749168561345     342.04300145225756     2:42
3461500     6923.000000492902     74.04848649607118     380.2518799517127     2:42
3462000     6924.000000493105     80.9648004620098     286.0553521315042     2:42
3462500     6925.000000493309     60.182978636656     459.1831472129952     2:42
3463000     6926.000000493513     70.22708557012146     278.60073407322574     2:42
3463500     6927.0000004937165     55.54644468824631     323.5605781442407     2:42
3464000     6928.00000049392     40.251007451520934     325.7447543418875     2:41
3464500     6929.000000494124     47.9075722300978     253.06511458392916     2:41
3465000     6930.000000494328     64.60280324500235     375.5094588796043     2:41
3465500     6931.000000494531     57.99697870340202     282.53798734679503     2:41
3466000     6932.000000494735     68.39284901164916     289.6816888363034     2:41
3466500     6933.000000494939     70.78250508357274     380.3247474184448     2:41
3467000     6934.000000495143     52.915047389319625     379.96750098783724     2:41
3467500     6935.000000495346     46.476058130384104     270.4123590623099     2:41
3468000     6936.00000049555     75.12446253383564     208.80253730217518     2:41
3468500     6937.000000495754     46.94520370735256     280.2542883737232     2:41
3469000     6938.0000004959575     46.45549381382989     295.03190083751895     2:41
3469500     6939.000000496161     42.61431773857288     412.44276262149305     2:41
3470000     6940.000000496365     67.57181658560643     346.2728248084226     2:41
3470500     6941.000000496569     42.646290702402155     527.864310672247     2:41
3471000     6942.000000496772     76.83390259037361     281.2091992348992     2:41
3471500     6943.000000496976     55.79382660541671     417.70261414343315     2:41
3472000     6944.00000049718     72.0488311744001     387.72093983008455     2:41
3472500     6945.000000497384     54.32286532506242     347.8372273459325     2:41
3473000     6946.000000497587     79.51288656892694     382.8850317170698     2:41
3473500     6947.000000497791     65.14755856037254     263.29739609340834     2:40
3474000     6948.000000497995     51.62684025889894     283.5358142721597     2:40
3474500     6949.0000004981985     53.244972261518456     272.1269727651338     2:40
3475000     6950.000000498402     57.7745948213572     264.8926479245341     2:40
3475500     6951.000000498606     48.77663321819267     312.97927406681157     2:40
3476000     6952.00000049881     57.1660298926264     270.8720321130747     2:40
3476500     6953.000000499013     47.04560144092227     337.90648155782395     2:40
3477000     6954.000000499217     56.27295964153535     282.6345503802931     2:40
3477500     6955.000000499421     44.214617830799625     324.7908887195018     2:40
3478000     6956.000000499625     49.89679679329453     392.07401998803556     2:40
3478500     6957.000000499828     53.76601809235132     335.1422188051374     2:40
3479000     6958.000000500032     65.14738062722978     223.18404323265196     2:40
3479500     6959.000000500236     62.946371405062166     315.9825033330328     2:40
3480000     6960.0000005004395     50.90155612325776     363.17774703526857     2:40
3480500     6961.000000500643     45.00805042335645     353.43175266469876     2:40
3481000     6962.000000500847     62.94866588664098     279.2620017612938     2:40
3481500     6963.000000501051     43.82668444735617     417.0132189288775     2:40
3482000     6964.000000501254     47.00725097403193     465.4270467596229     2:40
3482500     6965.000000501458     75.11435098637997     378.125943593392     2:40
3483000     6966.000000501662     57.30181505831774     492.5818481340896     2:39
3483500     6967.0000005018655     75.420710784074     318.3005513744234     2:39
3484000     6968.000000502069     85.49047111557292     518.7731173043246     2:39
3484500     6969.000000502273     74.13573866768644     389.04964327274615     2:39
3485000     6970.000000502477     42.207899349510456     312.96374433424637     2:39
3485500     6971.00000050268     66.42396648463199     251.12885762992437     2:39
3486000     6972.000000502884     49.742675770626704     350.23205284829163     2:39
3486500     6973.000000503088     75.72216460723206     446.5516436978881     2:39
3487000     6974.000000503292     71.38881651157715     392.6756346161953     2:39
3487500     6975.000000503495     81.77388949815787     381.8994510242419     2:39
3488000     6976.000000503699     58.56371416492283     218.44680245970127     2:39
3488500     6977.000000503903     61.833950697963076     373.1043445152778     2:39
3489000     6978.0000005041065     66.10328911398022     309.25877960320764     2:39
3489500     6979.00000050431     57.823252616000104     289.48493540949966     2:39
3490000     6980.000000504514     66.73802596671351     306.46877687050056     2:39
3490500     6981.000000504718     60.57791431232107     193.5808167344438     2:39
3491000     6982.000000504921     58.935826230050736     282.0164947596692     2:39
3491500     6983.000000505125     58.04541683312874     357.9422346243999     2:39
3492000     6984.000000505329     58.32480723166822     336.83260393189704     2:39
3492500     6985.000000505533     48.361345743897175     253.12582998116312     2:38
3493000     6986.000000505736     64.19479195186256     170.4335636728714     2:38
3493500     6987.00000050594     29.92363199400728     353.7945959351274     2:38
3494000     6988.000000506144     50.43277964983059     272.0385800463308     2:38
3494500     6989.0000005063475     52.53589938611918     277.6628746658178     2:38
3495000     6990.000000506551     61.22363740776882     341.1571737111709     2:38
3495500     6991.000000506755     59.705885550735445     420.5429091903266     2:38
3496000     6992.000000506959     68.69835661101354     388.53226063100027     2:38
3496500     6993.000000507162     56.397221804350465     479.3337109861785     2:38
3497000     6994.000000507366     63.7784335087149     349.5219397308744     2:38
3497500     6995.00000050757     62.425039777391646     420.62221868765096     2:38
3498000     6996.000000507774     77.38875988384632     375.56118984420596     2:38
3498500     6997.000000507977     74.689866453815     282.1405445363027     2:38
3499000     6998.000000508181     53.05840293963644     234.93643216772156     2:38
3499500     6999.000000508385     50.576797445334535     321.57566585494266     2:38
3500000     7000.0000005085885     58.67871676388984     286.21021017495644     2:38
3500500     7001.000000508792     47.22607687926126     332.53484913644786     2:38
3501000     7002.000000508996     76.70252904583214     311.58105543908965     2:38
3501500     7003.0000005092     81.14561865716456     310.752245452215     2:38
3502000     7004.000000509403     82.5670478333605     277.6098969128357     2:37
3502500     7005.000000509607     64.65465417182554     386.1688801100388     2:37
3503000     7006.000000509811     50.40265420522144     229.9101659160406     2:37
3503500     7007.000000510015     46.08909120086918     313.16320703123205     2:37
3504000     7008.000000510218     47.757285419928564     358.7566548617915     2:37
3504500     7009.000000510422     62.27753546115929     277.7675408550332     2:37
3505000     7010.000000510626     60.66867712877428     359.08489864059413     2:37
3505500     7011.0000005108295     79.82638601920786     368.0787879254679     2:37
3506000     7012.000000511033     70.73828161129217     362.32989131447056     2:37
3506500     7013.000000511237     57.581775420423014     409.25953402272296     2:37
3507000     7014.000000511441     61.0043527153868     222.9671594774408     2:37
3507500     7015.000000511644     44.69249517559592     190.5778047600903     2:37
3508000     7016.000000511848     44.65097076434955     246.3815885418088     2:37
3508500     7017.000000512052     38.70303619146836     229.3561270662188     2:37
3509000     7018.000000512256     40.16883417773266     197.10846926705153     2:37
3509500     7019.000000512459     54.19542474608414     300.6408470028212     2:37
3510000     7020.000000512663     59.64110459468691     270.89954835481626     2:37
3510500     7021.000000512867     61.72828416211871     334.1500073681379     2:37
3511000     7022.0000005130705     58.77671581810176     238.57242436211595     2:37
3511500     7023.000000513274     38.83123192532457     218.26732063636206     2:36
3512000     7024.000000513478     58.537989085888     290.1680693148091     2:36
3512500     7025.000000513682     62.508874809875294     327.21693890824884     2:36
3513000     7026.000000513885     65.9783423325917     400.6435777320766     2:36
3513500     7027.000000514089     49.20471958948423     494.7503939454706     2:36
3514000     7028.000000514293     52.579860617816166     361.7546372026928     2:36
3514500     7029.000000514497     59.33092370889466     394.2793834506032     2:36
3515000     7030.0000005147     73.41127436362041     321.70374773744845     2:36
3515500     7031.000000514904     62.626179985323006     468.0604717140425     2:36
3516000     7032.000000515108     66.73720476291709     496.45336146293937     2:36
3516500     7033.0000005153115     70.29632768786593     355.39931691572014     2:36
3517000     7034.000000515515     66.9507555767824     260.15580480151385     2:36
3517500     7035.000000515719     34.662541321260676     369.7231756188537     2:36
3518000     7036.000000515923     56.616684281142     285.62099711928437     2:36
3518500     7037.000000516126     47.845985303052544     253.48683683015173     2:36
3519000     7038.00000051633     42.78069140389613     256.70487133813447     2:36
3519500     7039.000000516534     54.94946966849142     267.40064049441304     2:36
3520000     7040.000000516738     51.422117461653386     351.63077736015674     2:36
3520500     7041.000000516941     59.93168671979549     335.11799330487196     2:35
3521000     7042.000000517145     54.92022199325038     371.0438544718724     2:35
3521500     7043.000000517349     64.0237030159721     343.2159364634479     2:35
3522000     7044.0000005175525     63.91190962931444     355.031693660142     2:35
3522500     7045.000000517756     39.8935109590704     353.2813572905187     2:35
3523000     7046.00000051796     39.12453808386289     308.49910645391697     2:35
3523500     7047.000000518164     44.9210043061106     278.47000293494375     2:35
3524000     7048.000000518367     38.99879100506956     202.3880537823142     2:35
3524500     7049.000000518571     43.51855815058428     199.81181952918945     2:35
3525000     7050.000000518775     53.917398147746724     214.64983322279733     2:35
3525500     7051.000000518979     55.0804934841226     254.9356230923846     2:35
3526000     7052.000000519182     70.91668208591551     245.25256654113386     2:35
3526500     7053.000000519386     65.68015902460206     325.78217407464257     2:35
3527000     7054.00000051959     52.35594688338841     325.02812653721253     2:35
3527500     7055.0000005197935     76.86727984582711     234.6858912536174     2:35
3528000     7056.000000519997     48.02635260236622     315.42491331602673     2:35
3528500     7057.000000520201     51.54566711977549     297.667083695742     2:35
3529000     7058.000000520405     70.84902913963344     340.65015491307133     2:35
3529500     7059.000000520608     47.0882668881207     406.2326154139901     2:35
3530000     7060.000000520812     36.44444955578035     224.00180371492777     2:34
3530500     7061.000000521016     50.97643477801762     337.68308633646717     2:34
3531000     7062.00000052122     63.99171063049755     337.9811590474077     2:34
3531500     7063.000000521423     66.57976221948343     327.05515043609864     2:34
3532000     7064.000000521627     66.75009615820221     333.9988187769214     2:34
3532500     7065.000000521831     48.60481904116557     296.4213609464005     2:34
3533000     7066.0000005220345     37.60183632950043     319.0360915153838     2:34
3533500     7067.000000522238     48.70203834771877     367.676926185016     2:34
3534000     7068.000000522442     57.86751896659638     334.3964580994752     2:34
3534500     7069.000000522646     77.60727186395741     387.23158769395883     2:34
3535000     7070.000000522849     77.4436377985059     298.14984538792675     2:34
3535500     7071.000000523053     74.79577712636689     309.63099335535145     2:34
3536000     7072.000000523257     62.60624948739428     422.2297319123376     2:34
3536500     7073.000000523461     49.83994286525666     372.87515235764306     2:34
3537000     7074.000000523664     63.876157266816676     316.4804734215699     2:34
3537500     7075.000000523868     42.85160282798262     352.9846685921809     2:34
3538000     7076.000000524072     33.40325176624145     312.2875245825418     2:34
3538500     7077.0000005242755     43.27570234525592     196.54221252079256     2:34
3539000     7078.000000524479     45.299513902034846     191.78776357364632     2:34
3539500     7079.000000524683     58.87803561769027     348.90590420774106     2:33
3540000     7080.000000524887     59.016347045333816     284.48441252848363     2:33
3540500     7081.00000052509     63.12524321828488     318.7551616118587     2:33
3541000     7082.000000525294     60.69503222466659     302.6068616809179     2:33
3541500     7083.000000525498     49.113980714423576     241.34780893700238     2:33
3542000     7084.000000525702     35.81395514884997     396.9494949835849     2:33
3542500     7085.000000525905     49.5364489649163     341.1455997949792     2:33
3543000     7086.000000526109     60.11564306893047     260.23944277124923     2:33
3543500     7087.000000526313     46.72787838381936     291.43556833243997     2:33
3544000     7088.0000005265165     40.239962767264046     336.624352297147     2:33
3544500     7089.00000052672     56.24307158890588     236.41620436653938     2:33
3545000     7090.000000526924     38.14902689241734     279.21964956126726     2:33
3545500     7091.000000527128     57.80814217160656     192.64626383500843     2:33
3546000     7092.000000527331     45.9767634115978     279.3729863678945     2:33
3546500     7093.000000527535     70.97780411019966     302.87266485418263     2:33
3547000     7094.000000527739     53.17548599680089     334.13144562448247     2:33
3547500     7095.000000527943     67.8407645717931     275.7420739400515     2:33
3548000     7096.000000528146     57.655711140985545     395.30384543767     2:33
3548500     7097.00000052835     59.991346727637506     271.6262777610127     2:33
3549000     7098.000000528554     54.490410558809344     326.83133894048615     2:32
3549500     7099.0000005287575     65.05012853905265     211.3411513628047     2:32
3550000     7100.000000528961     57.28098282623472     252.6304875451536     2:32
3550500     7101.000000529165     44.42800442282004     253.85487994438094     2:32
3551000     7102.000000529369     48.11359747954759     296.57048274610946     2:32
3551500     7103.000000529572     38.433500440071555     373.2546173903197     2:32
3552000     7104.000000529776     53.383252426355     347.20995684995205     2:32
3552500     7105.00000052998     56.92378138785989     373.59657356473167     2:32
3553000     7106.000000530184     43.68575451619239     200.96880993825442     2:32
3553500     7107.000000530387     49.663002804623204     298.58382093860143     2:32
3554000     7108.000000530591     43.59779188092972     170.12534003258818     2:32
3554500     7109.000000530795     47.59909717235365     155.00714815342616     2:32
3555000     7110.0000005309985     43.85646491237645     291.42909336415937     2:32
3555500     7111.000000531202     47.89171058217943     364.33857211782674     2:32
3556000     7112.000000531406     42.51471664771839     371.52051876824834     2:32
3556500     7113.00000053161     55.228504049881735     221.27752470028494     2:32
3557000     7114.000000531813     54.937863729479375     269.00459179872894     2:32
3557500     7115.000000532017     55.56030933786241     389.6012782639227     2:32
3558000     7116.000000532221     76.536970772585     381.2386855390459     2:32
3558500     7117.000000532425     33.16652580631154     327.90609251517265     2:31
3559000     7118.000000532628     40.90539452717343     370.5407760384954     2:31
3559500     7119.000000532832     48.67202260113885     388.07432286359716     2:31
3560000     7120.000000533036     44.32420830397734     310.8975608176547     2:31
3560500     7121.0000005332395     54.67317570179779     300.79423006752546     2:31
3561000     7122.000000533443     56.54269097798033     296.508870959374     2:31
3561500     7123.000000533647     48.049036694370955     295.2564107090004     2:31
3562000     7124.000000533851     59.946689023589386     429.2735167304183     2:31
3562500     7125.000000534054     47.85406515441673     323.96739681304155     2:31
3563000     7126.000000534258     46.238939503607185     277.8676704589286     2:31
3563500     7127.000000534462     41.502840357751495     286.74640374850156     2:31
3564000     7128.000000534666     49.49380448936773     260.33164526652797     2:31
3564500     7129.000000534869     38.58406610785363     322.3124351166044     2:31
3565000     7130.000000535073     59.00042632569597     253.9845081544802     2:31
3565500     7131.000000535277     47.73097418839592     228.56481298050355     2:31
3566000     7132.0000005354805     78.90233421491001     269.1163529597708     2:31
3566500     7133.000000535684     65.75369105321937     225.01355863244729     2:31
3567000     7134.000000535888     68.18291019171494     326.03062179865066     2:31
3567500     7135.000000536092     57.59074430519706     267.4997236485738     2:31
3568000     7136.000000536295     60.81775397340374     319.2567514554724     2:30
3568500     7137.000000536499     63.62146592273979     264.3963642940794     2:30
3569000     7138.000000536703     58.12690936509432     364.46739587332524     2:30
3569500     7139.000000536907     61.67718303190992     285.32108135092824     2:30
3570000     7140.00000053711     54.54031145552028     284.1088471243591     2:30
3570500     7141.000000537314     58.3936399430346     240.57909102582815     2:30
3571000     7142.000000537518     64.42168693292291     303.41790333492474     2:30
3571500     7143.0000005377215     61.540853864962685     417.7608519483726     2:30
3572000     7144.000000537925     78.24563406255658     246.0348992700156     2:30
3572500     7145.000000538129     48.62020874469823     373.2391450080825     2:30
3573000     7146.000000538333     64.69574919549297     319.63756925838567     2:30
3573500     7147.000000538536     62.75628822570576     417.357293384154     2:30
3574000     7148.00000053874     60.21650413676264     317.1302694940314     2:30
3574500     7149.000000538944     42.05915571924908     262.50335706789036     2:30
3575000     7150.000000539148     62.231036454375214     352.9353487148059     2:30
3575500     7151.000000539351     73.81111547866084     322.78728104672166     2:30
3576000     7152.000000539555     65.1078845886488     314.82839124199154     2:30
3576500     7153.000000539759     68.42297664657406     313.86960361489423     2:30
3577000     7154.0000005399625     41.92609940099686     384.9368123575408     2:30
3577500     7155.000000540166     59.09161055409885     319.32465589069574     2:29
3578000     7156.00000054037     58.7141325793051     328.2756306129518     2:29
3578500     7157.000000540574     53.928075623411644     467.0020127044203     2:29
3579000     7158.000000540777     61.51375622614438     258.1116291826613     2:29
3579500     7159.000000540981     53.67998556806168     273.76720154254707     2:29
3580000     7160.000000541185     44.01064001176309     194.74398562415627     2:29
3580500     7161.0000005413885     43.219115655124085     300.07360072121554     2:29
3581000     7162.000000541592     55.724252476070035     242.94104316518312     2:29
3581500     7163.000000541796     49.68733366955939     218.41541870365376     2:29
3582000     7164.000000542     54.74003074610539     392.0869776746411     2:29
3582500     7165.000000542203     61.963415704267334     285.2921541167422     2:29
3583000     7166.000000542407     41.802674835003415     457.55487026330985     2:29
3583500     7167.000000542611     52.10852993096256     341.41092566238916     2:29
3584000     7168.000000542815     34.838330983748904     361.61283953393337     2:29
3584500     7169.000000543018     42.781404026507346     239.33213195066602     2:29
3585000     7170.000000543222     50.24025089515868     324.93351825864374     2:29
3585500     7171.000000543426     46.474583747783186     296.1621773766187     2:29
3586000     7172.0000005436295     80.4141267928315     293.0060487453344     2:29
3586500     7173.000000543833     44.060685145649245     352.24697156544767     2:28
3587000     7174.000000544037     57.56743889173123     240.99520175558314     2:28
3587500     7175.000000544241     65.70992363608639     319.50542327080115     2:28
3588000     7176.000000544444     76.3457815041831     349.2723561409952     2:28
3588500     7177.000000544648     56.830478676967175     312.38955289885854     2:28
3589000     7178.000000544852     38.8843693669217     226.27516533981733     2:28
3589500     7179.000000545056     57.54913163280901     244.63561840184363     2:28
3590000     7180.000000545259     51.89223004690393     249.39160800936347     2:28
3590500     7181.000000545463     40.74449683554582     349.45544086306455     2:28
3591000     7182.000000545667     70.14081970420551     273.34081754778884     2:28
3591500     7183.0000005458705     50.75956986655143     265.3515152128782     2:28
3592000     7184.000000546074     57.71715590077133     366.7882638167805     2:28
3592500     7185.000000546278     51.29979155610181     364.48265939186797     2:28
3593000     7186.000000546482     60.53843310368342     358.26768921068856     2:28
3593500     7187.000000546685     70.27350585299416     316.66485840732554     2:28
3594000     7188.000000546889     72.4399133855805     199.48093962124813     2:28
3594500     7189.000000547093     64.34488898825202     364.96963148938215     2:28
3595000     7190.000000547297     54.04065797985368     302.6120189479126     2:28
3595500     7191.0000005475     50.5043263874303     244.25571355415164     2:28
3596000     7192.000000547704     45.03277648906851     220.97338515777292     2:28
3596500     7193.000000547908     42.01332239953001     370.6613432842746     2:27
3597000     7194.0000005481115     51.855885715015006     278.210379453271     2:27
3597500     7195.000000548315     63.12917596004564     458.46560839061004     2:27
3598000     7196.000000548519     47.16804628901059     322.962430449971     2:27
3598500     7197.000000548723     46.08356407030931     228.1467943593685     2:27
3599000     7198.000000548926     61.90855024141962     230.0092907751274     2:27
3599500     7199.00000054913     66.01804967403638     226.0430948157211     2:27
3600000     7200.000000549334     42.90884928885083     273.6881746312138     2:27
3600500     7201.000000549538     57.501140360899115     333.8413125433241     2:27
3601000     7202.000000549741     59.55485079903701     312.44924843869745     2:27
3601500     7203.000000549945     62.88218691780946     277.59033119937607     2:27
3602000     7204.000000550149     63.781932134524084     407.79217724959705     2:27
3602500     7205.0000005503525     64.99141581305935     296.40908739495757     2:27
3603000     7206.000000550556     62.60703220017041     351.4602177753442     2:27
3603500     7207.00000055076     58.66676617001798     243.40417089508034     2:27
3604000     7208.000000550964     70.42256101723126     314.0363940625259     2:27
3604500     7209.000000551167     50.40903668862029     251.44510295963863     2:27
3605000     7210.000000551371     68.17492782089181     301.1364768685995     2:27
3605500     7211.000000551575     46.61892320934504     445.427125054218     2:26
3606000     7212.000000551779     60.6689876240265     282.14608024764914     2:26
3606500     7213.000000551982     55.793745811212375     315.01056993544177     2:26
3607000     7214.000000552186     58.72816594249849     313.77555023949895     2:26
3607500     7215.00000055239     48.7334661872564     301.2328256133721     2:26
3608000     7216.0000005525935     55.864774084701935     227.8486642012244     2:26
3608500     7217.000000552797     44.59459060813833     427.0104940037199     2:26
3609000     7218.000000553001     58.561364197208434     351.8215929451892     2:26
3609500     7219.000000553205     53.465793793997136     281.58692883890086     2:26
3610000     7220.000000553408     66.53318800137771     237.44680811841866     2:26
3610500     7221.000000553612     49.879494756151814     240.74467769782538     2:26
3611000     7222.000000553816     40.346132977813     224.48369299431062     2:26
3611500     7223.00000055402     48.11011283071872     241.39200528429444     2:26
3612000     7224.000000554223     50.810892609922746     213.4405189223023     2:26
3612500     7225.000000554427     65.42596009114311     367.89343655762303     2:26
3613000     7226.000000554631     64.12655712465363     292.3446103625401     2:26
3613500     7227.0000005548345     68.10204731423192     220.90615144044796     2:26
3614000     7228.000000555038     47.699860597156714     232.4234709959895     2:26
3614500     7229.000000555242     66.75406405331779     173.51900782510336     2:26
3615000     7230.000000555446     37.602160173067034     260.8751342353114     2:25
3615500     7231.000000555649     64.45671669285304     225.68162112343765     2:25
3616000     7232.000000555853     38.52524941881421     269.8264881648143     2:25
3616500     7233.000000556057     49.69701459100389     257.1262343940215     2:25
3617000     7234.000000556261     33.63620012993334     198.3631046158021     2:25
3617500     7235.000000556464     49.16226531202028     311.7716404603035     2:25
3618000     7236.000000556668     59.167485534076036     396.4862629368801     2:25
3618500     7237.000000556872     40.094676207774626     390.0552320128136     2:25
3619000     7238.0000005570755     68.27657874855743     307.32696088161646     2:25
3619500     7239.000000557279     58.83746578439542     283.56146110633506     2:25
3620000     7240.000000557483     55.8360982931556     234.19188715338692     2:25
3620500     7241.000000557687     52.293060049735175     289.94492306362616     2:25
3621000     7242.00000055789     54.032866568919076     333.5043952055419     2:25
3621500     7243.000000558094     50.25565871921083     399.5022694892611     2:25
3622000     7244.000000558298     48.31455213229964     312.1259761074673     2:25
3622500     7245.000000558502     70.67552387146202     282.13604176055105     2:25
3623000     7246.000000558705     58.8940580266983     274.0341744881267     2:25
3623500     7247.000000558909     57.212025973737525     298.49034910715704     2:25
3624000     7248.000000559113     62.49379104331473     269.6866747495904     2:25
3624500     7249.0000005593165     51.87479318398749     279.61029461413295     2:24
3625000     7250.00000055952     66.0668721626891     353.4387257186405     2:24
3625500     7251.000000559724     47.84827631928613     366.36747365870116     2:24
3626000     7252.000000559928     55.92268547308879     233.74147339542014     2:24
3626500     7253.000000560131     48.525166309610825     363.07412521296345     2:24
3627000     7254.000000560335     57.29720832077908     329.17151926782725     2:24
3627500     7255.000000560539     57.27792988516842     242.2997361037707     2:24
3628000     7256.000000560743     58.55629507116106     328.5556408768424     2:24
3628500     7257.000000560946     65.69610171729295     205.03192737070873     2:24
3629000     7258.00000056115     54.86319791914849     301.8157089656568     2:24
3629500     7259.000000561354     45.56909506707842     278.8532209750216     2:24
3630000     7260.0000005615575     49.83908038384601     426.90552197838036     2:24
3630500     7261.000000561761     66.6195342492926     369.4474327231183     2:24
3631000     7262.000000561965     58.274476966380234     320.39028068817436     2:24
3631500     7263.000000562169     42.60445959674104     286.81168283199173     2:24
3632000     7264.000000562372     51.696913764754754     285.94602690626857     2:24
3632500     7265.000000562576     30.67367671110111     397.3018106422432     2:24
3633000     7266.00000056278     45.68907785802969     269.8094811769256     2:24
3633500     7267.000000562984     55.593991793658404     340.39308821945843     2:24
3634000     7268.000000563187     56.041839978676705     214.83976127033205     2:23
3634500     7269.000000563391     38.142222841113835     400.24180240461885     2:23
3635000     7270.000000563595     72.09695342184506     300.2434359432916     2:23
3635500     7271.0000005637985     69.1651615078988     383.06431299590275     2:23
3636000     7272.000000564002     58.205931921444915     295.8121712311686     2:23
3636500     7273.000000564206     76.36984796361679     271.2966956948688     2:23
3637000     7274.00000056441     43.43104721138582     340.6903277037587     2:23
3637500     7275.000000564613     54.201720637947744     286.0648879797901     2:23
3638000     7276.000000564817     54.34961530768476     311.7968039823398     2:23
3638500     7277.000000565021     61.69609421425105     388.0580533408636     2:23
3639000     7278.000000565225     78.00202376539625     274.69271696998425     2:23
3639500     7279.000000565428     50.40060216274338     297.6235172090835     2:23
3640000     7280.000000565632     70.72481941444084     330.15047817747245     2:23
3640500     7281.000000565836     78.05212170315991     319.6959228296122     2:23
3641000     7282.0000005660395     52.7109674941903     367.0680726279565     2:23
3641500     7283.000000566243     51.07663785194143     371.27495410916606     2:23
3642000     7284.000000566447     51.49236107367278     346.90243172479643     2:23
3642500     7285.000000566651     44.34479341829211     377.0294260536115     2:23
3643000     7286.000000566854     48.5504682397854     425.21328197538764     2:23
3643500     7287.000000567058     60.141120692035656     283.43724998346636     2:22
3644000     7288.000000567262     68.4932903634529     332.0450911644074     2:22
3644500     7289.000000567466     47.298772920589784     316.4182091779781     2:22
3645000     7290.000000567669     40.18156922867257     211.7943487187222     2:22
3645500     7291.000000567873     44.73378049580765     230.48932106106608     2:22
3646000     7292.000000568077     44.7143728930962     284.3060508771758     2:22
3646500     7293.0000005682805     76.3502984841594     386.09650767738776     2:22
3647000     7294.000000568484     41.11095290235454     292.91531025764715     2:22
3647500     7295.000000568688     57.83420009290927     334.8886299923522     2:22
3648000     7296.000000568892     55.21446374950261     581.5145212680575     2:22
3648500     7297.000000569095     72.4748957641039     319.47916397120906     2:22
3649000     7298.000000569299     70.28604007709282     284.78221534413063     2:22
3649500     7299.000000569503     54.17372471681006     286.38740905320816     2:22
3650000     7300.000000569707     46.463308423223054     267.73482269624026     2:22
3650500     7301.00000056991     36.4927531917304     393.9129660050462     2:22
3651000     7302.000000570114     42.403733633342824     285.3138121968557     2:22
3651500     7303.000000570318     67.6017004305836     409.42631100465263     2:22
3652000     7304.0000005705215     50.9731801163374     374.6075156963529     2:22
3652500     7305.000000570725     42.347357468967004     349.10659456018516     2:22
3653000     7306.000000570929     47.9829810110449     369.70481363259074     2:21
3653500     7307.000000571133     46.048572477590426     259.22835946772693     2:21
3654000     7308.000000571336     40.41465988920521     204.06993398621503     2:21
3654500     7309.00000057154     55.552485089918605     242.25327596853197     2:21
3655000     7310.000000571744     52.15094522572355     277.55991145196674     2:21
3655500     7311.000000571948     49.35776704127471     250.67580984986233     2:21
3656000     7312.000000572151     71.27690148998596     316.93377487027027     2:21
3656500     7313.000000572355     46.03701913031807     275.9699607964712     2:21
3657000     7314.000000572559     50.727890354265185     159.70475529658546     2:21
3657500     7315.0000005727625     60.13014706816864     242.2712537402929     2:21
3658000     7316.000000572966     74.29566351375246     245.71149684702584     2:21
3658500     7317.00000057317     64.15870945668604     276.50688251089935     2:21
3659000     7318.000000573374     33.0929545497267     351.0019723311815     2:21
3659500     7319.000000573577     42.06643953514839     297.710259095789     2:21
3660000     7320.000000573781     56.281145038369516     373.34979510339514     2:21
3660500     7321.000000573985     43.01602218088874     277.8180617228704     2:21
3661000     7322.000000574189     54.174308132939984     129.16676744696852     2:21
3661500     7323.000000574392     51.3239303748872     251.822560397826     2:21
3662000     7324.000000574596     47.315452142152765     399.2933498006905     2:21
3662500     7325.0000005748     59.086785918775945     301.6368228300994     2:20
3663000     7326.0000005750035     51.51445669737393     368.20037018486454     2:20
3663500     7327.000000575207     67.99065845608033     200.593114381823     2:20
3664000     7328.000000575411     70.61531289437761     235.76399746114964     2:20
3664500     7329.000000575615     42.50565943489477     279.5722808889183     2:20
3665000     7330.000000575818     38.73054519716936     325.1603620559731     2:20
3665500     7331.000000576022     70.0052909112971     247.78216579864485     2:20
3666000     7332.000000576226     55.60956332788663     398.75426524264293     2:20
3666500     7333.00000057643     79.29101439847636     330.9601619752761     2:20
3667000     7334.000000576633     61.98018618743066     300.11709736059964     2:20
3667500     7335.000000576837     57.846619542765495     349.8671972304168     2:20
3668000     7336.000000577041     59.92106929509447     348.4251976335596     2:20
3668500     7337.0000005772445     63.22902161988384     260.3434581868209     2:20
3669000     7338.000000577448     63.46856943845353     446.8806070198683     2:20
3669500     7339.000000577652     57.51256282530187     324.3313160802488     2:20
3670000     7340.000000577856     60.14648429598475     388.2423736621868     2:20
3670500     7341.000000578059     45.68660367373707     257.14020801456223     2:20
3671000     7342.000000578263     63.07325679643685     288.5255588274716     2:20
3671500     7343.000000578467     54.57775982869231     326.29332689169735     2:20
3672000     7344.000000578671     56.330349204251036     248.85928371810314     2:19
3672500     7345.000000578874     54.3084685288394     264.5533307855274     2:19
3673000     7346.000000579078     40.36376709763152     376.99398606967867     2:19
3673500     7347.000000579282     37.11740657361696     260.216395907412     2:19
3674000     7348.0000005794855     47.15842190689284     245.21567197075726     2:19
3674500     7349.000000579689     50.57101557753231     217.21104830174556     2:19
3675000     7350.000000579893     57.176442339104085     301.2921562714366     2:19
3675500     7351.000000580097     58.750580783537146     202.82894535144814     2:19
3676000     7352.0000005803     48.441178890381536     182.83043689084442     2:19
3676500     7353.000000580504     43.18937710360291     243.66222294628167     2:19
3677000     7354.000000580708     40.02587338474058     269.3688206802069     2:19
3677500     7355.000000580912     39.461485844888216     200.68607965099534     2:19
3678000     7356.000000581115     71.36440957961094     250.9660020008898     2:19
3678500     7357.000000581319     43.837266859797694     331.9312402039139     2:19
3679000     7358.000000581523     54.896928740290434     333.1441971221162     2:19
3679500     7359.000000581726     50.27025210088419     244.03582159501764     2:19
3680000     7360.00000058193     44.87475243551904     287.3918426249503     2:19
3680500     7361.000000582134     63.473757233508024     248.39404516675907     2:19
3681000     7362.000000582338     40.92145618963576     306.4482656031957     2:18
3681500     7363.000000582541     56.73639339531684     237.2632121840507     2:18
3682000     7364.000000582745     38.390336112591     277.70865921516156     2:18
3682500     7365.000000582949     40.78955989764421     205.98982006143788     2:18
3683000     7366.0000005831525     52.73756045926541     312.0263293918804     2:18
3683500     7367.000000583356     70.97487121998171     268.3763131370218     2:18
3684000     7368.00000058356     60.74399322709155     295.5688454145778     2:18
3684500     7369.000000583764     56.12935964657936     307.5100107284864     2:18
3685000     7370.000000583967     47.13195494834423     278.47115197589017     2:18
3685500     7371.000000584171     48.06713260905968     371.29508087739686     2:18
3686000     7372.000000584375     61.48779266342234     329.14717850987137     2:18
3686500     7373.000000584579     71.36448355530143     371.1352757384645     2:18
3687000     7374.000000584782     51.22305884288454     437.93697691774145     2:18
3687500     7375.000000584986     59.62816065087583     342.51095632148014     2:18
3688000     7376.00000058519     76.72240818982391     385.31123094885675     2:18
3688500     7377.0000005853935     70.64822270907558     291.09068302877625     2:18
3689000     7378.000000585597     49.241821403580445     273.19025084919144     2:18
3689500     7379.000000585801     47.606593508685535     395.63481456799656     2:18
3690000     7380.000000586005     46.96531192184176     299.8957703838837     2:18
3690500     7381.000000586208     47.74592068491614     240.22897463599756     2:17
3691000     7382.000000586412     44.521601768933635     323.35145102089     2:17
3691500     7383.000000586616     68.72863873501791     259.9583723255141     2:17
3692000     7384.00000058682     47.47268393550013     207.38677378505076     2:17
3692500     7385.000000587023     52.32535722400024     298.41838025806413     2:17
3693000     7386.000000587227     84.77649615362697     329.9545429615981     2:17
3693500     7387.000000587431     53.8845175356941     331.76740562318696     2:17
3694000     7388.0000005876345     39.88970740016293     274.82492875423407     2:17
3694500     7389.000000587838     37.00009466103626     319.1620571514116     2:17
3695000     7390.000000588042     45.45223263835004     195.8793820847245     2:17
3695500     7391.000000588246     68.01614510392596     329.48537930343116     2:17
3696000     7392.000000588449     63.42880204652448     312.954491846956     2:17
3696500     7393.000000588653     50.57560701439394     310.6351663076344     2:17
3697000     7394.000000588857     46.83766532539465     325.5719498598613     2:17
3697500     7395.000000589061     51.492919780071304     479.24307014904963     2:17
3698000     7396.000000589264     78.55342970620268     332.10927170333366     2:17
3698500     7397.000000589468     61.53054509427761     219.9631452286052     2:17
3699000     7398.000000589672     48.67328512860303     249.56311871836553     2:17
3699500     7399.0000005898755     58.73012891622102     274.613738932368     2:17
3700000     7400.000000590079     59.89443214463245     264.3185344739673     2:16
3700500     7401.000000590283     40.28462345679259     495.06882611972276     2:16
3701000     7402.000000590487     51.82921767915718     513.6054580815113     2:16
3701500     7403.00000059069     66.60445803483293     382.66390919621074     2:16
3702000     7404.000000590894     61.79483778265336     225.63502151161998     2:16
3702500     7405.000000591098     52.95949909377538     398.54552206133184     2:16
3703000     7406.000000591302     65.95834356235412     198.9653403131387     2:16
3703500     7407.000000591505     39.211139387251535     242.0179585633667     2:16
3704000     7408.000000591709     43.13989713027814     282.2678836739356     2:16
3704500     7409.000000591913     39.65521576098877     454.3473733694984     2:16
3705000     7410.0000005921165     48.740333614507506     243.29951109965154     2:16
3705500     7411.00000059232     41.939322949644804     237.07511962552883     2:16
3706000     7412.000000592524     34.262896130092656     352.17307489282945     2:16
3706500     7413.000000592728     43.4630809359611     266.1503082124594     2:16
3707000     7414.000000592931     58.519630095672596     362.3088124048569     2:16
3707500     7415.000000593135     63.810101943000575     365.3546299568298     2:16
3708000     7416.000000593339     54.636931057240474     241.14403166924777     2:16
3708500     7417.000000593543     66.21183899909198     220.57670504851748     2:16
3709000     7418.000000593746     61.231749042294325     298.1695728835616     2:16
3709500     7419.00000059395     50.34501525475844     432.24862282955195     2:15
3710000     7420.000000594154     51.38516114873772     299.6874621253724     2:15
3710500     7421.0000005943575     54.479833751066224     379.81005496239675     2:15
3711000     7422.000000594561     48.39878205633107     243.94273736266496     2:15
3711500     7423.000000594765     42.134331424509924     318.2706061719155     2:15
3712000     7424.000000594969     50.84718986297963     247.37751825632333     2:15
3712500     7425.000000595172     53.9148327723903     290.1960634436587     2:15
3713000     7426.000000595376     61.66696083351496     441.0749369263686     2:15
3713500     7427.00000059558     57.9426967421594     313.66366234101355     2:15
3714000     7428.000000595784     56.12051660576583     319.6864156564902     2:15
3714500     7429.000000595987     69.2881713347486     323.3210723244967     2:15
3715000     7430.000000596191     46.70421122050686     428.9008718336213     2:15
3715500     7431.000000596395     74.79146195008587     258.9061973908933     2:15
3716000     7432.0000005965985     46.35092376849343     224.57122044488383     2:15
3716500     7433.000000596802     44.34544619629429     325.83560653725635     2:15
3717000     7434.000000597006     42.74989955165296     304.20228289894993     2:15
3717500     7435.00000059721     60.62372959940308     319.0159894504192     2:15
3718000     7436.000000597413     58.82401650160517     252.17747919344203     2:15
3718500     7437.000000597617     50.90483485766697     292.37562301255906     2:15
3719000     7438.000000597821     49.553137954672934     271.9955239727475     2:14
3719500     7439.000000598025     51.99418107917887     276.6758305708705     2:14
3720000     7440.000000598228     60.95553934566527     348.1986729443053     2:14
3720500     7441.000000598432     40.33658968206538     272.50590992291654     2:14
3721000     7442.000000598636     48.82882139725126     398.979152105343     2:14
3721500     7443.0000005988395     64.74985047108459     258.5069536154136     2:14
3722000     7444.000000599043     55.73390696237283     407.7133230673766     2:14
3722500     7445.000000599247     70.36565097232199     368.03615996917677     2:14
3723000     7446.000000599451     46.26996868964898     281.6398675994724     2:14
3723500     7447.000000599654     62.53883911026543     258.3339626479459     2:14
3724000     7448.000000599858     64.01387847866158     199.69831564958716     2:14
3724500     7449.000000600062     55.78289435955327     233.47300040454294     2:14
3725000     7450.000000600266     45.75120160245564     253.24035257987276     2:14
3725500     7451.000000600469     47.9520800689898     159.5520998036203     2:14
3726000     7452.000000600673     52.88531275727547     232.86242643451936     2:14
3726500     7453.000000600877     47.299949680539555     359.8268519432317     2:14
3727000     7454.0000006010805     48.96583871864817     309.00530205199624     2:14
3727500     7455.000000601284     56.48544636790035     278.6914961985482     2:14
3728000     7456.000000601488     44.49244126418256     259.4786426444196     2:14
3728500     7457.000000601692     44.2650307510815     332.08128106200394     2:13
3729000     7458.000000601895     71.01535334838087     400.9757802577383     2:13
3729500     7459.000000602099     71.62649464383315     418.93873274722307     2:13
3730000     7460.000000602303     77.95006531688097     290.17152060329715     2:13
3730500     7461.000000602507     56.09619287390154     383.33068270951685     2:13
3731000     7462.00000060271     63.04300850042438     292.90507593661664     2:13
3731500     7463.000000602914     50.300056642878246     249.0785932129685     2:13
3732000     7464.000000603118     56.35459560631182     279.3496336437143     2:13
3732500     7465.0000006033215     51.46045452125526     214.12809985148192     2:13
3733000     7466.000000603525     52.48151641037947     427.04224826032384     2:13
3733500     7467.000000603729     70.2834789994061     266.28446235156764     2:13
3734000     7468.000000603933     56.06605175043211     309.011908189777     2:13
3734500     7469.000000604136     54.321921148637955     342.82508535627875     2:13
3735000     7470.00000060434     46.89733593311803     129.51448517386228     2:13
3735500     7471.000000604544     41.073032700633405     284.738684701427     2:13
3736000     7472.000000604748     43.00385119763865     222.38351037233917     2:13
3736500     7473.000000604951     42.378790269879744     214.40803445556486     2:13
3737000     7474.000000605155     34.15411983344393     237.41367580705855     2:13
3737500     7475.000000605359     57.53429283985366     202.48085293413027     2:13
3738000     7476.0000006055625     44.40791893602113     230.9604102661828     2:12
3738500     7477.000000605766     27.817578610672797     226.85491195853797     2:12
3739000     7478.00000060597     45.930072048943146     386.99752453659164     2:12
3739500     7479.000000606174     58.97385231908993     323.4932677499147     2:12
3740000     7480.000000606377     43.72188465915082     220.40855596967822     2:12
3740500     7481.000000606581     41.132924418284915     260.4479042626681     2:12
3741000     7482.000000606785     43.85056691184997     345.60114106078464     2:12
3741500     7483.000000606989     63.635727473703355     239.72269543431523     2:12
3742000     7484.000000607192     49.88382705074565     251.5017622258629     2:12
3742500     7485.000000607396     44.90699086112778     249.09415849886204     2:12
3743000     7486.0000006076     70.27266103220217     246.8972182688422     2:12
3743500     7487.0000006078035     54.382717920773246     361.3703876801534     2:12
3744000     7488.000000608007     46.61305748563137     340.65742321948284     2:12
3744500     7489.000000608211     61.981851264022566     233.60847180899717     2:12
3745000     7490.000000608415     70.35619011192279     169.0624452003317     2:12
3745500     7491.000000608618     48.056559606497274     216.29538463377602     2:12
3746000     7492.000000608822     55.34178668283829     213.27670768858385     2:12
3746500     7493.000000609026     33.756485961034684     324.22349707612733     2:12
3747000     7494.00000060923     68.6580289243991     297.12382980759986     2:12
3747500     7495.000000609433     47.40770344510747     289.29936975292924     2:11
3748000     7496.000000609637     34.87335826267832     400.01698257980223     2:11
3748500     7497.000000609841     45.261502354186746     311.1253549641692     2:11
3749000     7498.0000006100445     45.91107385095404     292.1592257663802     2:11
3749500     7499.000000610248     44.66654954613648     389.1562535605799     2:11
3750000     7500.000000610452     62.1419717740244     247.2806882337983     2:11
3750500     7501.000000610656     55.35506876735519     223.58696849715497     2:11
3751000     7502.000000610859     47.52408242259645     254.10791259461047     2:11
3751500     7503.000000611063     65.60462075028767     215.63838692950313     2:11
3752000     7504.000000611267     46.54460039880502     251.2329934497003     2:11
3752500     7505.000000611471     53.292349235837605     231.07163444602864     2:11
3753000     7506.000000611674     53.49825107864439     385.1323111006065     2:11
3753500     7507.000000611878     81.41563000879336     326.9177946568051     2:11
3754000     7508.000000612082     57.583446147530424     503.21694042538587     2:11
3754500     7509.0000006122855     55.1615327832597     276.8107144735273     2:11
3755000     7510.000000612489     69.98240187964552     216.55163791179945     2:11
3755500     7511.000000612693     52.650510631419024     310.8396247800661     2:11
3756000     7512.000000612897     71.20724435466349     272.2269990028131     2:11
3756500     7513.0000006131     69.74919045984302     431.274869479365     2:11
3757000     7514.000000613304     36.78019645827828     327.2002291345599     2:10
3757500     7515.000000613508     68.44929183466297     259.8924702111171     2:10
3758000     7516.000000613712     53.76029760786122     403.18615812007727     2:10
3758500     7517.000000613915     65.94010383455952     524.7949829248809     2:10
3759000     7518.000000614119     64.93842808810751     212.97287843847144     2:10
3759500     7519.000000614323     50.83191119908804     244.5557140886175     2:10
3760000     7520.0000006145265     47.490038109933664     292.99920816871287     2:10
3760500     7521.00000061473     61.461287781128135     274.07129148477543     2:10
3761000     7522.000000614934     60.37016562608045     250.81505196572513     2:10
3761500     7523.000000615138     42.53623420015384     284.63089577716505     2:10
3762000     7524.000000615341     32.91626354479678     296.5092344364528     2:10
3762500     7525.000000615545     51.08999626387009     218.93351657761505     2:10
3763000     7526.000000615749     60.52237812261302     299.11761095699427     2:10
3763500     7527.000000615953     71.76336913003666     287.5737313214295     2:10
3764000     7528.000000616156     53.55684193357166     221.1377917402087     2:10
3764500     7529.00000061636     49.81102974956224     336.0910859879993     2:10
3765000     7530.000000616564     56.20107378782336     435.62431331651976     2:10
3765500     7531.0000006167675     53.19257488258961     301.356636349576     2:10
3766000     7532.000000616971     43.06897783119052     335.9701924653541     2:10
3766500     7533.000000617175     71.51452019387631     347.90081142207254     2:09
3767000     7534.000000617379     53.86262983325696     427.2760599287527     2:09
3767500     7535.000000617582     42.77790797303891     207.95540403082137     2:09
3768000     7536.000000617786     58.527116071083356     226.5534936503388     2:09
3768500     7537.00000061799     61.74711143501946     281.2685611837677     2:09
3769000     7538.000000618194     71.36437064824662     344.00728331731926     2:09
3769500     7539.000000618397     54.80200454138895     279.04259064397223     2:09
3770000     7540.000000618601     46.60475044918263     328.8296778909468     2:09
3770500     7541.000000618805     70.66648912467394     395.64533108751596     2:09
3771000     7542.0000006190085     89.86989240073058     380.9283951738571     2:09
3771500     7543.000000619212     48.33078134591466     446.82970763502254     2:09
3772000     7544.000000619416     54.08790024124255     264.3552941935727     2:09
3772500     7545.00000061962     42.166557998233145     207.8778427497451     2:09
3773000     7546.000000619823     54.59960898897242     250.05802744251966     2:09
3773500     7547.000000620027     71.23939349857034     320.3400803088888     2:09
3774000     7548.000000620231     59.26260346578363     356.61817132702544     2:09
3774500     7549.000000620435     62.129902233974406     316.6266844983823     2:09
3775000     7550.000000620638     81.22870539918955     211.15053591055744     2:09
3775500     7551.000000620842     47.68767272006505     240.72057738499467     2:08
3776000     7552.000000621046     66.3501681449905     338.9303700416108     2:08
3776500     7553.0000006212495     62.25693689487258     428.5363451082524     2:08
3777000     7554.000000621453     54.4759275202224     268.602452655128     2:08
3777500     7555.000000621657     50.08571737451581     191.9806431892331     2:08
3778000     7556.000000621861     45.62444024216501     330.4064602523824     2:08
3778500     7557.000000622064     57.94366340726691     345.85744384221624     2:08
3779000     7558.000000622268     64.14491481689942     290.70580652765113     2:08
3779500     7559.000000622472     92.87238975401505     281.0719940002166     2:08
3780000     7560.0000006226755     49.022888693951984     252.39062241397968     2:08
3780500     7561.000000622879     43.146077730834634     227.58472983005373     2:08
3781000     7562.000000623083     62.56001008923937     202.53880679682086     2:08
3781500     7563.000000623287     54.78003572173873     268.2515160684192     2:08
3782000     7564.00000062349     49.16552913128095     191.8903928574626     2:08
3782500     7565.000000623694     64.5208685100227     332.54317634110276     2:08
3783000     7566.000000623898     42.952946834354236     239.30488715422686     2:08
3783500     7567.000000624102     64.21778748390318     205.2358425650334     2:08
3784000     7568.000000624305     55.44023101940337     300.7185146532558     2:08
3784500     7569.000000624509     70.084158912526     288.8794902734956     2:08
3785000     7570.000000624713     55.299637967804756     264.9068152961829     2:07
3785500     7571.0000006249165     42.21342988136297     212.9709579774882     2:07
3786000     7572.00000062512     39.385354573152824     332.27646176262573     2:07
3786500     7573.000000625324     62.990760627321094     357.3088192393703     2:07
3787000     7574.000000625528     55.98679045259621     357.6259754657003     2:07
3787500     7575.000000625731     76.25586841444505     323.3492707638898     2:07
3788000     7576.000000625935     58.87157313949865     238.6297447555587     2:07
3788500     7577.000000626139     48.42958023592456     244.86580958862936     2:07
3789000     7578.000000626343     40.97737521641767     314.5637999819079     2:07
3789500     7579.000000626546     40.06330540208654     344.6680124741825     2:07
3790000     7580.00000062675     67.14977926781143     279.0017234977513     2:07
3790500     7581.000000626954     64.58572298440646     281.37291267274577     2:07
3791000     7582.0000006271575     57.22340965781814     382.33736863496136     2:07
3791500     7583.000000627361     48.86214711989288     304.5113177569584     2:07
3792000     7584.000000627565     60.27863803939613     253.5258816503257     2:07
3792500     7585.000000627769     54.003652321232664     276.67870443261876     2:07
3793000     7586.000000627972     50.48663832267738     308.07290661958694     2:07
3793500     7587.000000628176     46.238752562246134     346.65092706846184     2:07
3794000     7588.00000062838     50.309214640200764     306.73366679791735     2:07
3794500     7589.000000628584     51.65850474241131     416.0522897707827     2:06
3795000     7590.000000628787     47.50028232570435     281.00850786526166     2:06
3795500     7591.000000628991     58.51328914234858     241.4293326946465     2:06
3796000     7592.000000629195     58.48574260951415     294.223366225975     2:06
3796500     7593.0000006293985     48.85584984274914     330.88327804807363     2:06
3797000     7594.000000629602     68.79040006975345     289.3814463067036     2:06
3797500     7595.000000629806     62.36774691010936     340.1516666856334     2:06
3798000     7596.00000063001     62.0295204958432     254.55255666254882     2:06
3798500     7597.000000630213     53.9866734753229     406.05094088514204     2:06
3799000     7598.000000630417     72.94883916632568     302.4901792417311     2:06
3799500     7599.000000630621     49.67676391054778     327.0531695247697     2:06
3800000     7600.000000630825     57.46913339614326     267.22860626991695     2:06
3800500     7601.000000631028     55.3006854541963     361.6418488701515     2:06
3801000     7602.000000631232     68.97435539110825     317.073621126307     2:06
3801500     7603.000000631436     55.175071928793216     247.05257788547547     2:06
3802000     7604.0000006316395     54.20261288943601     295.87174756563815     2:06
3802500     7605.000000631843     61.4769139796403     268.83827642881425     2:06
3803000     7606.000000632047     39.2849412898849     360.7311938620767     2:06
3803500     7607.000000632251     68.14245769638757     427.6250278588902     2:06
3804000     7608.000000632454     82.51363738180459     304.32515142351525     2:05
3804500     7609.000000632658     57.89911236287918     323.9298623796305     2:05
3805000     7610.000000632862     51.389144502268834     306.5110089811684     2:05
3805500     7611.000000633066     47.655454092165144     333.771162339007     2:05
3806000     7612.000000633269     49.25321131665231     363.1800588734901     2:05
3806500     7613.000000633473     60.46064513348267     438.2141021307574     2:05
3807000     7614.000000633677     57.77394186521349     522.6168856682498     2:05
3807500     7615.0000006338805     66.16265831476471     403.3748271365834     2:05
3808000     7616.000000634084     81.62629416898113     282.5175605065355     2:05
3808500     7617.000000634288     70.52194440811564     293.05056403116924     2:05
3809000     7618.000000634492     64.63611086481018     270.2357132708151     2:05
3809500     7619.000000634695     73.16114919318665     209.9621003384531     2:05
3810000     7620.000000634899     56.01759191276557     284.8603076001185     2:05
3810500     7621.000000635103     58.83169038042945     254.69863346984334     2:05
3811000     7622.000000635307     47.465249023511774     372.53359376050486     2:05
3811500     7623.00000063551     56.673108830570925     196.12690101435834     2:05
3812000     7624.000000635714     46.9617174965685     359.7769433046771     2:05
3812500     7625.000000635918     50.69674393333497     245.46852501370958     2:05
3813000     7626.0000006361215     65.4896156087446     269.1488304892611     2:05
3813500     7627.000000636325     43.126555423057425     274.2330493442505     2:04
3814000     7628.000000636529     53.702511811182546     172.28482944490958     2:04
3814500     7629.000000636733     55.839374484183566     277.27240776709596     2:04
3815000     7630.000000636936     49.88272379266988     420.181099921124     2:04
3815500     7631.00000063714     58.028161467778034     341.09350690330774     2:04
3816000     7632.000000637344     54.39471729398241     335.478652491716     2:04
3816500     7633.000000637548     47.96542481133264     364.7140106149755     2:04
3817000     7634.000000637751     66.02100836179295     296.7734888602351     2:04
3817500     7635.000000637955     79.01866484660542     338.7875722780693     2:04
3818000     7636.000000638159     49.189078347850284     310.13603187181326     2:04
3818500     7637.0000006383625     69.15845674190001     322.3097829908899     2:04
3819000     7638.000000638566     63.58862382965958     398.6585811610466     2:04
3819500     7639.00000063877     58.50852800042378     461.51526279577615     2:04
3820000     7640.000000638974     52.14920893045689     214.38203964439944     2:04
3820500     7641.000000639177     57.48776460802816     309.67953740485194     2:04
3821000     7642.000000639381     51.99150736415055     208.45715951952303     2:04
3821500     7643.000000639585     51.50122534126473     195.25438852754723     2:04
3822000     7644.000000639789     56.6409549037931     188.94985796229315     2:04
3822500     7645.000000639992     49.086617164470056     419.1274258857422     2:04
3823000     7646.000000640196     45.972976016855     326.3880940461747     2:03
3823500     7647.0000006404     59.83773400810395     324.663165712486     2:03
3824000     7648.0000006406035     52.145227244271325     214.2010758188346     2:03
3824500     7649.000000640807     54.90377954956517     377.7435571815078     2:03
3825000     7650.000000641011     59.214781971920274     245.080271818273     2:03
3825500     7651.000000641215     57.783425253278324     231.5949346341172     2:03
3826000     7652.000000641418     62.80526849344625     219.09617857663596     2:03
3826500     7653.000000641622     91.31811216380078     362.5455040381939     2:03
3827000     7654.000000641826     71.30611091698051     391.7965869045089     2:03
3827500     7655.00000064203     52.84747508656943     323.6904460244607     2:03
3828000     7656.000000642233     55.06060475337506     246.79099935824672     2:03
3828500     7657.000000642437     61.9368631556959     191.70809481332978     2:03
3829000     7658.000000642641     56.83833614763813     233.3970243950329     2:03
3829500     7659.0000006428445     68.2459028982409     291.2209661176208     2:03
3830000     7660.000000643048     64.80404873224307     340.91378337546126     2:03
3830500     7661.000000643252     64.58448558516301     316.68198523027456     2:03
3831000     7662.000000643456     83.95729631118792     392.53644769517933     2:03
3831500     7663.000000643659     78.08805167249432     288.71654331503254     2:03
3832000     7664.000000643863     43.96826218325617     308.7907866376734     2:03
3832500     7665.000000644067     44.98812187802213     385.96499853153136     2:02
3833000     7666.000000644271     47.566882126317466     340.0321065096761     2:02
3833500     7667.000000644474     70.38601629811035     446.55917238156997     2:02
3834000     7668.000000644678     50.36971380478991     403.5489846431445     2:02
3834500     7669.000000644882     44.44639259484336     254.25230686728244     2:02
3835000     7670.0000006450855     48.82815646610021     316.88473501168426     2:02
3835500     7671.000000645289     49.05820481487336     263.27255129194486     2:02
3836000     7672.000000645493     83.53453245065214     398.83326260693224     2:02
3836500     7673.000000645697     65.87234241449272     336.41290260660725     2:02
3837000     7674.0000006459     51.18972895550246     340.7630279632846     2:02
3837500     7675.000000646104     77.63824781316174     240.88550704698443     2:02
3838000     7676.000000646308     44.945661232888085     426.2414822932091     2:02
3838500     7677.000000646512     56.80020924810759     329.1418884264922     2:02
3839000     7678.000000646715     78.32396561821548     262.70911277664726     2:02
3839500     7679.000000646919     56.01374485324226     437.65737430618225     2:02
3840000     7680.000000647123     59.177565398221475     252.8258854649864     2:02
3840500     7681.0000006473265     61.547193535290035     264.405967761502     2:02
3841000     7682.00000064753     63.24736074204526     215.92617407224506     2:02
3841500     7683.000000647734     62.75895734528348     231.93273760821435     2:02
3842000     7684.000000647938     30.348587837709886     279.6975988149919     2:01
3842500     7685.000000648141     38.42011731978022     288.1986348812171     2:01
3843000     7686.000000648345     40.44441158628018     397.3060111359925     2:01
3843500     7687.000000648549     46.29253962415822     244.00149025492524     2:01
3844000     7688.000000648753     52.94384370331022     294.704278176331     2:01
3844500     7689.000000648956     47.737929606507635     307.45675285983987     2:01
3845000     7690.00000064916     46.802652488317165     266.9935554662764     2:01
3845500     7691.000000649364     54.326770352299434     245.95963645833436     2:01
3846000     7692.0000006495675     46.98897325384638     409.4945321744999     2:01
3846500     7693.000000649771     62.79328836666559     211.10052682416273     2:01
3847000     7694.000000649975     53.544682568312     344.8221966028431     2:01
3847500     7695.000000650179     66.6023888394131     230.1878722128485     2:01
3848000     7696.000000650382     59.364194333022226     296.4079688698107     2:01
3848500     7697.000000650586     50.359788313852334     290.1701057358305     2:01
3849000     7698.00000065079     55.01607801762805     303.5712534619406     2:01
3849500     7699.000000650994     52.672412405172224     301.9476862626281     2:01
3850000     7700.000000651197     53.04374244902084     278.7560642881283     2:01
3850500     7701.000000651401     34.974176965774575     310.2810135009694     2:01
3851000     7702.000000651605     58.341456570006926     246.78205755085816     2:01
3851500     7703.0000006518085     46.25112352381967     341.2968933992963     2:00
3852000     7704.000000652012     65.37402829519834     339.4089677318564     2:00
3852500     7705.000000652216     52.303923196217966     348.7017153399762     2:00
3853000     7706.00000065242     54.72617743360945     423.35646513117297     2:00
3853500     7707.000000652623     43.60829819072006     269.5375937344897     2:00
3854000     7708.000000652827     41.569180440493994     234.50212065262548     2:00
3854500     7709.000000653031     46.97506382064711     422.73340283660315     2:00
3855000     7710.000000653235     49.57872360418719     292.6068271059189     2:00
3855500     7711.000000653438     53.34888208451247     233.5308258102489     2:00
3856000     7712.000000653642     43.814949097027636     233.73547934160865     2:00
3856500     7713.000000653846     28.46439042280923     299.68594844484056     2:00
3857000     7714.0000006540495     40.88861430248801     228.4900854183678     2:00
3857500     7715.000000654253     51.13535669541017     286.34809804323055     2:00
3858000     7716.000000654457     42.92691136852824     288.7551387779491     2:00
3858500     7717.000000654661     43.59047816262131     195.91944899043136     2:00
3859000     7718.000000654864     49.413430790049574     259.3044871359168     2:00
3859500     7719.000000655068     54.00727992137723     348.0224365489018     2:00
3860000     7720.000000655272     79.54278886918235     285.4881999160615     2:00
3860500     7721.000000655476     62.11619381140173     382.5453947434215     2:00
3861000     7722.000000655679     72.47652601449164     237.9670953314634     1:59
3861500     7723.000000655883     49.97004510710241     274.68446937281595     1:59
3862000     7724.000000656087     50.79077924306222     343.5059730565546     1:59
3862500     7725.0000006562905     53.353109977929535     448.3448970035802     1:59
3863000     7726.000000656494     49.84528130998484     465.3932225630559     1:59
3863500     7727.000000656698     70.12344310503107     393.3263120624473     1:59
3864000     7728.000000656902     52.74064629497582     333.9928117175668     1:59
3864500     7729.000000657105     38.2584854196067     338.12188793661716     1:59
3865000     7730.000000657309     59.321045056776086     234.9174764311879     1:59
3865500     7731.000000657513     62.37861932541847     271.86528233453066     1:59
3866000     7732.000000657717     46.97286609653395     361.92941571788356     1:59
3866500     7733.00000065792     40.37663880467437     179.0610417061689     1:59
3867000     7734.000000658124     38.07192793582038     224.35555104896136     1:59
3867500     7735.000000658328     57.23115335281244     245.05557368639833     1:59
3868000     7736.0000006585315     53.18570398155191     301.14738781693717     1:59
3868500     7737.000000658735     53.25284801261523     251.52610128849656     1:59
3869000     7738.000000658939     46.41428128938651     327.471532611156     1:59
3869500     7739.000000659143     44.9198034836034     323.19379901380273     1:59
3870000     7740.000000659346     65.55577173317391     183.048378236479     1:59
3870500     7741.00000065955     36.9647770129871     279.9022832980912     1:58
3871000     7742.000000659754     41.549855060753885     361.69571448758626     1:58
3871500     7743.000000659958     53.28450229364597     225.46091526433642     1:58
3872000     7744.000000660161     48.89522008224452     290.4207643537328     1:58
3872500     7745.000000660365     51.978895891274306     267.90450085882446     1:58
3873000     7746.000000660569     43.86350570743929     320.9542820928241     1:58
3873500     7747.0000006607725     61.75133967137805     227.60764867284632     1:58
3874000     7748.000000660976     42.577517998794804     346.007025316429     1:58
3874500     7749.00000066118     40.36218879841857     206.57760386362347     1:58
3875000     7750.000000661384     43.75710541835616     268.1329059510204     1:58
3875500     7751.000000661587     49.055646049513655     243.60024711332363     1:58
3876000     7752.000000661791     68.42208545976206     247.199412162727     1:58
3876500     7753.000000661995     57.43107006391426     281.7629317642191     1:58
3877000     7754.0000006621985     60.51958328627876     315.43790413407174     1:58
3877500     7755.000000662402     65.69250917330857     260.1758366317017     1:58
3878000     7756.000000662606     65.22070247044263     306.230220237435     1:58
3878500     7757.00000066281     50.49528769025204     243.7663529429286     1:58
3879000     7758.000000663013     38.80450086729235     235.95566936553254     1:58
3879500     7759.000000663217     49.85009058995365     272.53422228796114     1:58
3880000     7760.000000663421     55.178655088970004     232.8695631597096     1:57
3880500     7761.000000663625     65.79150432559271     285.9902711100843     1:57
3881000     7762.000000663828     43.64236512586018     373.26176414212983     1:57
3881500     7763.000000664032     56.239494676051265     268.3492754665719     1:57
3882000     7764.000000664236     43.96699528910358     307.1791509706603     1:57
3882500     7765.0000006644395     56.86122245497097     375.1668980079841     1:57
3883000     7766.000000664643     66.10377124419813     449.9095367893218     1:57
3883500     7767.000000664847     45.15372727174366     351.3138139161793     1:57
3884000     7768.000000665051     46.92000636221519     352.5018537637548     1:57
3884500     7769.000000665254     49.960291257822234     370.382442826731     1:57
3885000     7770.000000665458     67.87920237621262     329.23072640956036     1:57
3885500     7771.000000665662     60.17523432277693     280.81871363919544     1:57
3886000     7772.000000665866     53.41939841073548     280.5933353510286     1:57
3886500     7773.000000666069     46.63466148753258     166.19175757962182     1:57
3887000     7774.000000666273     52.43522072642634     277.48415854685766     1:57
3887500     7775.000000666477     46.62157340308124     242.98661575081468     1:57
3888000     7776.0000006666805     59.77910050153821     271.22948111046577     1:57
3888500     7777.000000666884     48.355120388014655     358.95736239753705     1:57
3889000     7778.000000667088     51.775144656447424     451.5672518948652     1:57
3889500     7779.000000667292     53.21770576826293     348.02447364805204     1:56
3890000     7780.000000667495     45.36890589357631     325.51361459811443     1:56
3890500     7781.000000667699     44.06757116773878     279.60137922955175     1:56
3891000     7782.000000667903     52.57274119461755     222.87979223481506     1:56
3891500     7783.000000668107     47.5953202354043     266.03267755534966     1:56
3892000     7784.00000066831     46.581685116724145     280.9880970579064     1:56
3892500     7785.000000668514     44.90249457285876     294.28882019405904     1:56
3893000     7786.000000668718     41.572563554874534     310.5277291869469     1:56
3893500     7787.0000006689215     61.69469082590979     258.73179373565887     1:56
3894000     7788.000000669125     69.89078582045693     357.0928241478352     1:56
3894500     7789.000000669329     51.49797827978392     445.375560134316     1:56
3895000     7790.000000669533     41.134783301712844     422.28118552222804     1:56
3895500     7791.000000669736     57.199211602632204     284.24374376615117     1:56
3896000     7792.00000066994     43.43907549435704     285.4582945294063     1:56
3896500     7793.000000670144     58.35035190487548     290.87115256077215     1:56
3897000     7794.000000670348     57.78863425115776     276.5203852193719     1:56
3897500     7795.000000670551     51.97054707428907     269.62094177991077     1:56
3898000     7796.000000670755     57.01741269525462     190.9706151995587     1:56
3898500     7797.000000670959     46.96586198579945     178.38164487223193     1:56
3899000     7798.0000006711625     52.6716417400541     299.8527707645296     1:55
3899500     7799.000000671366     52.3527429399262     233.8551610963862     1:55
3900000     7800.00000067157     46.83478493100489     325.44558403091975     1:55
3900500     7801.000000671774     52.99730413485315     279.30605664605804     1:55
3901000     7802.000000671977     59.16068392358574     295.0466735118482     1:55
3901500     7803.000000672181     75.63175012122684     273.634048127912     1:55
3902000     7804.000000672385     43.909534289734495     322.78385610838427     1:55
3902500     7805.000000672589     62.40558778762352     181.11301711494124     1:55
3903000     7806.000000672792     41.18819717850437     324.4327596072837     1:55
3903500     7807.000000672996     42.40010092131155     323.0076227506152     1:55
3904000     7808.0000006732     62.544178468806706     335.36668266073076     1:55
3904500     7809.0000006734035     56.20936832601677     452.815346254645     1:55
3905000     7810.000000673607     45.648518544442084     356.41541660496256     1:55
3905500     7811.000000673811     59.523232784085224     256.24006371347366     1:55
3906000     7812.000000674015     46.825512800738466     354.3355644320743     1:55
3906500     7813.000000674218     55.41490102941481     417.49337834992974     1:55
3907000     7814.000000674422     62.393024339559815     278.49880587779404     1:55
3907500     7815.000000674626     60.408004511470665     232.89273307971936     1:55
3908000     7816.00000067483     42.07883443048479     201.9885458877459     1:55
3908500     7817.000000675033     51.91863329205802     264.52603900444456     1:54
3909000     7818.000000675237     76.74783352361527     286.301211437584     1:54
3909500     7819.000000675441     52.722930147291095     339.1673916815227     1:54
3910000     7820.0000006756445     57.70558255905752     245.98660530475786     1:54
3910500     7821.000000675848     47.55107936224147     347.9681616322512     1:54
3911000     7822.000000676052     63.212514050905384     239.08757750986126     1:54
3911500     7823.000000676256     48.53255452326897     225.2263073757289     1:54
3912000     7824.000000676459     53.964747645951945     182.43565236977366     1:54
3912500     7825.000000676663     55.6529876142086     286.01700219967927     1:54
3913000     7826.000000676867     64.29352253291125     209.40337232431378     1:54
3913500     7827.000000677071     49.20082008621989     347.9579395175405     1:54
3914000     7828.000000677274     42.2283675406444     341.5049858190732     1:54
3914500     7829.000000677478     66.95106559905526     249.2973881048908     1:54
3915000     7830.000000677682     54.801659722590614     214.08763711226132     1:54
3915500     7831.0000006778855     61.86033891269102     280.6918043383957     1:54
3916000     7832.000000678089     52.915286389609605     496.73710879820254     1:54
3916500     7833.000000678293     56.10634521403648     470.08200741904136     1:54
3917000     7834.000000678497     57.86483725364752     396.0180919443512     1:54
3917500     7835.0000006787     57.146787907365535     359.3033840151213     1:53
3918000     7836.000000678904     45.74067487435343     345.42587894282815     1:53
3918500     7837.000000679108     60.22398999461086     259.08218806145396     1:53
3919000     7838.000000679312     46.240516143306024     241.5803254519305     1:53
3919500     7839.000000679515     47.21768403219477     199.0239956517161     1:53
3920000     7840.000000679719     43.32957621665906     312.33936145634283     1:53
3920500     7841.000000679923     50.74445959363487     233.26455589056485     1:53
3921000     7842.0000006801265     53.41592184359371     420.4836336544523     1:53
3921500     7843.00000068033     56.999713478625665     353.35934356465054     1:53
3922000     7844.000000680534     42.56749417021143     275.6290285482276     1:53
3922500     7845.000000680738     50.17143955134725     361.50988673420443     1:53
3923000     7846.000000680941     43.7915938168872     242.21728851662445     1:53
3923500     7847.000000681145     59.89395701033817     237.61961434420485     1:53
3924000     7848.000000681349     42.19225334151707     234.100471699328     1:53
3924500     7849.000000681553     65.2914317978009     148.652815706478     1:53
3925000     7850.000000681756     59.87144840627445     239.03606514494734     1:53
3925500     7851.00000068196     57.3542269253432     274.3117989008726     1:53
3926000     7852.000000682164     48.35331276962637     189.2251994057326     1:53
3926500     7853.0000006823675     36.017835563495964     267.2113385899124     1:53
3927000     7854.000000682571     57.29376298006406     213.73273850914356     1:52
3927500     7855.000000682775     46.70919752614765     439.1097058746284     1:52
3928000     7856.000000682979     63.12119203770345     330.2325395702225     1:52
3928500     7857.000000683182     63.737883869588586     347.66997557691246     1:52
3929000     7858.000000683386     57.74839024888223     277.107609565233     1:52
3929500     7859.00000068359     38.84585829207981     301.0841533162339     1:52
3930000     7860.000000683794     46.93287277149062     419.52414077332156     1:52
3930500     7861.000000683997     43.95091331106738     321.4819442722653     1:52
3931000     7862.000000684201     47.127502337739315     322.7921616371339     1:52
3931500     7863.000000684405     53.14396732548067     315.2246050892054     1:52
3932000     7864.0000006846085     65.22689736702984     202.0885526655483     1:52
3932500     7865.000000684812     36.135732824187755     262.9698004605     1:52
3933000     7866.000000685016     61.859675164503074     241.61678568076061     1:52
3933500     7867.00000068522     55.67259251523501     308.9989714282911     1:52
3934000     7868.000000685423     32.96071394365168     264.5416603812839     1:52
3934500     7869.000000685627     50.33468693158295     211.42419628461718     1:52
3935000     7870.000000685831     50.544322027822375     312.218654007418     1:52
3935500     7871.000000686035     58.56816346739498     258.752935759696     1:52
3936000     7872.000000686238     72.93196461205031     268.73738431743294     1:52
3936500     7873.000000686442     55.06944959402438     316.2384687937852     1:51
3937000     7874.000000686646     52.94796908550319     359.7310238076865     1:51
3937500     7875.0000006868495     39.82028449444152     269.48252928207376     1:51
3938000     7876.000000687053     49.31016305730435     279.0169912788184     1:51
3938500     7877.000000687257     71.11262723332499     264.37579354518437     1:51
3939000     7878.000000687461     46.201686223040554     372.253128665888     1:51
3939500     7879.000000687664     58.90514698624537     303.05515451816126     1:51
3940000     7880.000000687868     39.50754728862893     198.14027069140536     1:51
3940500     7881.000000688072     38.37275158842692     322.7881716236899     1:51
3941000     7882.000000688276     58.37000176247756     252.0197237959197     1:51
3941500     7883.000000688479     42.97679654856597     401.61022031972175     1:51
3942000     7884.000000688683     41.903563086550776     415.7543455168268     1:51
3942500     7885.000000688887     46.60881546822117     339.91147983074455     1:51
3943000     7886.0000006890905     44.79730923817061     387.1785939322915     1:51
3943500     7887.000000689294     44.26049644368601     262.75381718778243     1:51
3944000     7888.000000689498     76.24696542795868     406.10598392806054     1:51
3944500     7889.000000689702     48.742493720628715     251.9881589794617     1:51
3945000     7890.000000689905     46.354048746507374     306.08141735205     1:51
3945500     7891.000000690109     41.52413419167743     368.3795194344267     1:51
3946000     7892.000000690313     43.98881101369608     339.8031615300176     1:50
3946500     7893.000000690517     45.27545789101606     266.655243168954     1:50
3947000     7894.00000069072     49.09367308570154     273.89205514409014     1:50
3947500     7895.000000690924     35.282792870648734     324.64179922779016     1:50
3948000     7896.000000691128     47.00902025503393     290.65000194600236     1:50
3948500     7897.0000006913315     70.52107059274005     247.8317913910495     1:50
3949000     7898.000000691535     50.359928680115274     306.57778385954117     1:50
3949500     7899.000000691739     62.918961985324984     462.84968950085687     1:50
3950000     7900.000000691943     46.35633724046255     282.9475039513379     1:50
3950500     7901.000000692146     55.457371928567966     317.1685941413367     1:50
3951000     7902.00000069235     40.25331810110765     313.1073412242331     1:50
3951500     7903.000000692554     74.57508760517237     246.54940063903337     1:50
3952000     7904.000000692758     52.852808442884395     318.65855711562347     1:50
3952500     7905.000000692961     61.43985724477187     356.1350260076468     1:50
3953000     7906.000000693165     63.04254064102645     345.9135626881623     1:50
3953500     7907.000000693369     63.23953482950668     234.89300256622084     1:50
3954000     7908.0000006935725     72.20280548473812     287.10333811873073     1:50
3954500     7909.000000693776     57.37053555390702     239.50739319674258     1:50
3955000     7910.00000069398     33.79956150494928     207.88327524018877     1:50
3955500     7911.000000694184     47.47523138292081     241.91799657839857     1:49
3956000     7912.000000694387     69.60492222560379     283.54145184815127     1:49
3956500     7913.000000694591     72.7334170759118     248.3426043444418     1:49
3957000     7914.000000694795     47.138009278437494     386.95978046448164     1:49
3957500     7915.000000694999     84.41448137854701     273.49790106490616     1:49
3958000     7916.000000695202     45.85045484943561     323.54329613876354     1:49
3958500     7917.000000695406     53.81548608831156     270.0166357929017     1:49
3959000     7918.00000069561     40.11553027199869     263.41878629701915     1:49
3959500     7919.0000006958135     54.73993788633226     226.04693796582526     1:49
3960000     7920.000000696017     61.753960295453055     266.8858668566507     1:49
3960500     7921.000000696221     58.23617802319728     259.81409246287143     1:49
3961000     7922.000000696425     50.93560978016137     261.56396102044425     1:49
3961500     7923.000000696628     83.73912022604162     239.97668193335926     1:49
3962000     7924.000000696832     52.99157428874872     294.9572818607698     1:49
3962500     7925.000000697036     37.738274289860726     535.0071295285826     1:49
3963000     7926.00000069724     65.70639275611643     434.1946273775849     1:49
3963500     7927.000000697443     56.06370757413043     294.13439026789894     1:49
3964000     7928.000000697647     61.24618475728943     356.54213874219187     1:49
3964500     7929.000000697851     53.28163610734077     296.7043171958894     1:49
3965000     7930.0000006980545     48.10442061420116     326.6215366187427     1:48
3965500     7931.000000698258     49.45149350112132     311.2869874666774     1:48
3966000     7932.000000698462     40.34826803557695     310.33544419351085     1:48
3966500     7933.000000698666     59.22873310382607     220.7827461284377     1:48
3967000     7934.000000698869     52.084700291188426     434.23846550329705     1:48
3967500     7935.000000699073     53.249023124220685     267.9624952639344     1:48
3968000     7936.000000699277     65.98771766747541     389.5355128295799     1:48
3968500     7937.000000699481     52.50596307415867     183.22313534217236     1:48
3969000     7938.000000699684     51.03625263257726     202.79928869277794     1:48
3969500     7939.000000699888     60.27653001371107     203.7510793861095     1:48
3970000     7940.000000700092     52.573161406293764     258.865238648836     1:48
3970500     7941.0000007002955     50.036320477038714     207.86360243080412     1:48
3971000     7942.000000700499     40.13101540949799     403.69904307203814     1:48
3971500     7943.000000700703     59.524770171710486     280.73530303638535     1:48
3972000     7944.000000700907     60.26607002014077     338.13235800430846     1:48
3972500     7945.00000070111     44.61580767692311     339.330685938847     1:48
3973000     7946.000000701314     39.72368674518219     329.3054030272641     1:48
3973500     7947.000000701518     50.44451765751876     220.32052069745075     1:48
3974000     7948.000000701722     42.53951614588931     228.5774857318858     1:48
3974500     7949.000000701925     49.46105642132363     289.5377290020535     1:47
3975000     7950.000000702129     46.524185732054605     226.40360430561523     1:47
3975500     7951.000000702333     38.88657271814287     362.3700769411689     1:47
3976000     7952.000000702536     69.1099811510847     330.2132097971748     1:47
3976500     7953.00000070274     53.5148121994589     259.61825203972666     1:47
3977000     7954.000000702944     53.480610607916844     283.6575698298131     1:47
3977500     7955.000000703148     39.82028147801776     158.3919129251027     1:47
3978000     7956.000000703351     45.64119243469378     252.88749170559637     1:47
3978500     7957.000000703555     51.535229822000304     281.9670227876744     1:47
3979000     7958.000000703759     62.06012094574595     260.0709714116606     1:47
3979500     7959.0000007039625     56.21721733223677     491.1457763523839     1:47
3980000     7960.000000704166     74.67237199783938     327.7737686459068     1:47
3980500     7961.00000070437     44.99271281100431     374.8585419569827     1:47
3981000     7962.000000704574     50.12961043668827     225.83704743888987     1:47
3981500     7963.000000704777     46.660000046196785     249.7393339948982     1:47
3982000     7964.000000704981     41.69188451053793     271.93294023357845     1:47
3982500     7965.000000705185     44.37882744749572     229.5563667051478     1:47
3983000     7966.000000705389     55.952832096742156     306.1853166743796     1:47
3983500     7967.000000705592     50.077169993314044     323.9290525484365     1:47
3984000     7968.000000705796     79.73489027036834     247.9888183086244     1:46
3984500     7969.000000706     54.336115596998354     475.9023191869025     1:46
3985000     7970.0000007062035     55.60517929263341     285.03650805469147     1:46
3985500     7971.000000706407     54.820752573111974     228.13212371921645     1:46
3986000     7972.000000706611     47.54504559757032     284.6099958935752     1:46
3986500     7973.000000706815     53.97132787117124     351.76715740887005     1:46
3987000     7974.000000707018     47.03685281119266     234.6577274472349     1:46
3987500     7975.000000707222     55.08602961432234     208.09737738339803     1:46
3988000     7976.000000707426     48.51473479661121     248.98178866871422     1:46
3988500     7977.00000070763     51.16499994689224     276.48846278680617     1:46
3989000     7978.000000707833     46.47076505342642     215.5486258192805     1:46
3989500     7979.000000708037     31.19219655238669     409.19663461456105     1:46
3990000     7980.000000708241     63.18970682453295     266.45423683267137     1:46
3990500     7981.0000007084445     56.60929009993964     378.7480625138166     1:46
3991000     7982.000000708648     51.98058338200519     276.02102748539875     1:46
3991500     7983.000000708852     68.57112696961696     219.2880830428958     1:46
3992000     7984.000000709056     43.68877110141244     274.82335811087654     1:46
3992500     7985.000000709259     51.87313088984712     185.00425910193255     1:46
3993000     7986.000000709463     53.45957846152538     331.7916779870016     1:46
3993500     7987.000000709667     59.8961895784833     414.5419988661771     1:45
3994000     7988.000000709871     83.1967561463124     299.4657227009852     1:45
3994500     7989.000000710074     56.83984136053152     328.89430182928385     1:45
3995000     7990.000000710278     52.981798960306094     367.55886549732185     1:45
3995500     7991.000000710482     64.8602898107647     205.0349094908886     1:45
3996000     7992.0000007106855     59.723255583856655     312.3403605097127     1:45
3996500     7993.000000710889     61.544201917469024     245.6848750572747     1:45
3997000     7994.000000711093     44.20007461542923     278.506936800467     1:45
3997500     7995.000000711297     48.78336962740394     316.7672623586031     1:45
3998000     7996.0000007115     43.74989255682425     294.4669757426258     1:45
3998500     7997.000000711704     39.84645421998101     299.7695564073731     1:45
3999000     7998.000000711908     52.41603811301678     429.87820144176095     1:45
3999500     7999.000000712112     66.51000309319403     372.3050306158425     1:45
4000000     8000.000000712315     54.70551871339609     419.93905043995767     1:45
4000500     8001.000000712519     77.08999000316777     240.55622787436968     1:45
4001000     8002.000000712723     48.347659192209846     354.39332154051465     1:45
4001500     8003.0000007129265     55.58217314204359     237.60535271264197     1:45
4002000     8004.00000071313     65.12791741064831     362.477412051898     1:45
4002500     8005.000000713334     67.83449016075735     336.3915127749029     1:45
4003000     8006.000000713538     69.08187377281166     216.66658075666246     1:44
4003500     8007.000000713741     47.44747085796445     275.0719736233442     1:44
4004000     8008.000000713945     38.848922968482725     233.5685350071594     1:44
4004500     8009.000000714149     66.04992319680974     386.2599560637186     1:44
4005000     8010.000000714353     66.01929323510984     247.89360145782513     1:44
4005500     8011.000000714556     49.96580941323674     255.92071693711577     1:44
4006000     8012.00000071476     53.04412506918095     215.97335798896688     1:44
4006500     8013.000000714964     57.64851178418763     211.75244078998648     1:44
4007000     8014.0000007151675     75.4120408723931     374.85035345390236     1:44
4007500     8015.000000715371     46.44043970435831     396.07773899797525     1:44
4008000     8016.000000715575     43.25467251176917     310.7029401061731     1:44
4008500     8017.000000715779     58.98701787958106     300.76519600382215     1:44
4009000     8018.000000715982     45.356610430699845     406.693761675524     1:44
4009500     8019.000000716186     46.50529457960232     262.61736816367466     1:44
4010000     8020.00000071639     52.42974491659106     249.34019663721466     1:44
4010500     8021.000000716594     45.1297494461719     210.1612607837102     1:44
4011000     8022.000000716797     45.74543231010807     142.30436539785754     1:44
4011500     8023.000000717001     38.64858460534123     301.14473497676545     1:44
4012000     8024.000000717205     64.37169388530441     192.49442966509983     1:44
4012500     8025.0000007174085     51.07037713256915     455.1811947772211     1:43
4013000     8026.000000717612     68.18688828067428     309.2859562476945     1:43
4013500     8027.000000717816     46.845699078332814     371.0286659350085     1:43
4014000     8028.00000071802     58.64191791858815     311.81235803066903     1:43
4014500     8029.000000718223     53.44738517589235     308.19442954270676     1:43
4015000     8030.000000718427     52.92527212126748     304.1753075134265     1:43
4015500     8031.000000718631     36.97619170662091     275.5432357997627     1:43
4016000     8032.000000718835     58.457007199712336     297.4389509207285     1:43
4016500     8033.000000719038     65.23207618506115     419.25751735474086     1:43
4017000     8034.000000719242     57.86391301280918     361.34778467588586     1:43
4017500     8035.000000719446     63.55295885199456     240.70353813754647     1:43
4018000     8036.0000007196495     55.785283041814466     233.5813245662409     1:43
4018500     8037.000000719853     38.0359630437319     279.142887455074     1:43
4019000     8038.000000720057     47.72847191716613     238.49200021466683     1:43
4019500     8039.000000720261     55.44383955847843     241.75831500423533     1:43
4020000     8040.000000720464     49.434824002366156     261.5595581233889     1:43
4020500     8041.000000720668     42.67738120744144     196.2764946464532     1:43
4021000     8042.000000720872     52.074563683322765     334.42129844466314     1:43
4021500     8043.000000721076     72.74042148117962     285.0822047863455     1:43
4022000     8044.000000721279     56.69909555723217     399.92530597346854     1:42
4022500     8045.000000721483     60.306654105627956     309.42824425207067     1:42
4023000     8046.000000721687     56.58468056730459     226.4930448061918     1:42
4023500     8047.0000007218905     52.51847244945753     235.47350878616066     1:42
4024000     8048.000000722094     55.77282533848842     286.3790899860998     1:42
4024500     8049.000000722298     78.0855374766304     336.38370731776314     1:42
4025000     8050.000000722502     47.44910278691549     454.4581732344176     1:42
4025500     8051.000000722705     55.303750426107115     427.2867687462469     1:42
4026000     8052.000000722909     71.4071680178568     380.3021279453331     1:42
4026500     8053.000000723113     59.53343461732385     314.48164975427466     1:42
4027000     8054.000000723317     43.679476202770275     221.84739529221164     1:42
4027500     8055.00000072352     62.49359724338109     349.03004790522414     1:42
4028000     8056.000000723724     58.39025815619158     358.10017665267713     1:42
4028500     8057.000000723928     49.16995639342514     433.89766117922255     1:42
4029000     8058.0000007241315     55.33171202487978     380.4081276265498     1:42
4029500     8059.000000724335     63.5322496133428     397.5340182452484     1:42
4030000     8060.000000724539     73.64448351769585     357.43491091049395     1:42
4030500     8061.000000724743     61.11174913310532     339.37440020916324     1:42
4031000     8062.000000724946     50.825727436445106     291.3766401923025     1:42
4031500     8063.00000072515     53.59826056985821     229.93509185078057     1:41
4032000     8064.000000725354     54.9525231974456     359.531393806619     1:41
4032500     8065.000000725558     55.05020775132738     210.3452872330403     1:41
4033000     8066.000000725761     57.41503538261935     335.90467923364986     1:41
4033500     8067.000000725965     54.270803153604504     224.40037197716916     1:41
4034000     8068.000000726169     34.024454183658804     249.18210135181096     1:41
4034500     8069.0000007263725     54.61044680895617     216.52216207135083     1:41
4035000     8070.000000726576     60.257759143396584     321.27506062326853     1:41
4035500     8071.00000072678     63.917860783722006     265.26436470508577     1:41
4036000     8072.000000726984     41.465873818686816     461.26972865249337     1:41
4036500     8073.000000727187     54.153806008048434     339.23781313739096     1:41
4037000     8074.000000727391     49.011626809380346     383.9170119252587     1:41
4037500     8075.000000727595     74.11337319579025     246.29450797816634     1:41
4038000     8076.000000727799     49.31249581792906     313.9144613558126     1:41
4038500     8077.000000728002     57.82262766083073     390.828560740201     1:41
4039000     8078.000000728206     64.35845824906369     365.16361626128935     1:41
4039500     8079.00000072841     42.42243211529245     317.0921082757858     1:41
4040000     8080.0000007286135     34.51904068685616     229.88098612728513     1:41
4040500     8081.000000728817     33.33354665344365     343.5703447309489     1:41
4041000     8082.000000729021     57.74902342131065     237.68433317214706     1:40
4041500     8083.000000729225     63.44560870496417     204.98844032200444     1:40
4042000     8084.000000729428     49.799970052102196     433.51120986909103     1:40
4042500     8085.000000729632     69.6320926710556     292.70080026835535     1:40
4043000     8086.000000729836     58.72079419838229     370.6518519987435     1:40
4043500     8087.00000073004     71.52371974175577     417.032576795836     1:40
4044000     8088.000000730243     67.07098315615286     315.6801831134255     1:40
4044500     8089.000000730447     57.48568446921496     160.7124978466268     1:40
4045000     8090.000000730651     46.81576288038599     207.58426312700072     1:40
4045500     8091.0000007308545     46.63226884527211     227.40998282363688     1:40
4046000     8092.000000731058     48.51749702704643     217.91587782644567     1:40
4046500     8093.000000731262     57.82187180975876     276.98002794808826     1:40
4047000     8094.000000731466     53.118359463001525     249.56320232196865     1:40
4047500     8095.000000731669     59.567355848719615     316.9405926811366     1:40
4048000     8096.000000731873     55.00984489245354     335.2934198448626     1:40
4048500     8097.000000732077     61.933375604638854     304.82336922284406     1:40
4049000     8098.000000732281     70.66736806406914     326.2621347070579     1:40
4049500     8099.000000732484     69.12338889520026     316.05130231712207     1:40
4050000     8100.000000732688     50.76189006292486     327.0521943754428     1:40
4050500     8101.000000732892     49.95047939174822     404.0980997323852     1:39
4051000     8102.0000007330955     50.66396746267509     171.22324116114092     1:39
4051500     8103.000000733299     41.030955704108635     282.618153030266     1:39
4052000     8104.000000733503     44.54360813897     186.8645304073097     1:39
4052500     8105.000000733707     62.379977504037015     206.34116744893356     1:39
4053000     8106.00000073391     65.30199478411686     298.48582240314363     1:39
4053500     8107.000000734114     53.459433646875084     391.97765864944097     1:39
4054000     8108.000000734318     71.4208893030314     252.75098668741836     1:39
4054500     8109.000000734522     47.63077595904389     288.8876483576521     1:39
4055000     8110.000000734725     40.34545068849695     389.26490443508396     1:39
4055500     8111.000000734929     66.64195340668925     424.0545575423432     1:39
4056000     8112.000000735133     59.575994839693124     282.0325558062105     1:39
4056500     8113.0000007353365     60.150213195172626     260.61562413436525     1:39
4057000     8114.00000073554     57.79883041857414     372.34969489627946     1:39
4057500     8115.000000735744     58.95221905435187     254.6238391483414     1:39
4058000     8116.000000735948     69.45965886188662     252.4091183428056     1:39
4058500     8117.000000736151     57.902610057744255     271.059183767778     1:39
4059000     8118.000000736355     77.14066058917274     263.26129532132154     1:39
4059500     8119.000000736559     61.39570986260452     377.5300670980489     1:39
4060000     8120.000000736763     43.96976775171032     236.25947769052533     1:38
4060500     8121.000000736966     75.27104177540849     243.06370660420058     1:38
4061000     8122.00000073717     52.89201407927584     328.30175373578857     1:38
4061500     8123.000000737374     42.4375930852641     286.52624443705736     1:38
4062000     8124.0000007375775     61.04206931833022     236.84141146862942     1:38
4062500     8125.000000737781     68.89023105225095     308.6268389062993     1:38
4063000     8126.000000737985     75.724202832135     287.1421262671243     1:38
4063500     8127.000000738189     67.86743094343149     342.98941865235787     1:38
4064000     8128.000000738392     54.230745497252315     293.6295413611153     1:38
4064500     8129.000000738596     50.051557917490925     326.1175403863667     1:38
4065000     8130.0000007388     48.52365266097968     255.65807442567706     1:38
4065500     8131.000000739004     44.61166466240542     315.62753987173164     1:38
4066000     8132.000000739207     57.49533411452393     317.6008116428945     1:38
4066500     8133.000000739411     55.49434232541773     460.4510188140069     1:38
4067000     8134.000000739615     66.15967768108942     375.6183019067698     1:38
4067500     8135.0000007398185     66.80564600166866     276.91266751148385     1:38
4068000     8136.000000740022     63.018593031797025     332.27369395539023     1:38
4068500     8137.000000740226     44.95476459343428     299.98734447166237     1:38
4069000     8138.00000074043     56.63851709019457     335.2279234452859     1:37
4069500     8139.000000740633     60.407930771295185     333.1739428578583     1:37
4070000     8140.000000740837     50.918724913121366     312.8453364445666     1:37
4070500     8141.000000741041     44.176491709911204     314.0713322310888     1:37
4071000     8142.000000741245     44.42220399161158     224.84813766608522     1:37
4071500     8143.000000741448     54.84733842048365     240.25618000408625     1:37
4072000     8144.000000741652     62.707732309883     383.4313175678644     1:37
4072500     8145.000000741856     55.09175715643124     349.28054091436684     1:37
4073000     8146.0000007420595     44.69860160525246     335.3678839176008     1:37
4073500     8147.000000742263     66.81241101181695     342.2774610243918     1:37
4074000     8148.000000742467     59.87565973709826     377.1128326603049     1:37
4074500     8149.000000742671     42.92043972041631     312.73050849411067     1:37
4075000     8150.000000742874     44.68684914857562     262.8753462140621     1:37
4075500     8151.000000743078     65.7703619057549     332.1854745953912     1:37
4076000     8152.000000743282     74.20401017071265     252.04142343564584     1:37
4076500     8153.0000007434855     38.87456045404434     363.1084591929147     1:37
4077000     8154.000000743689     68.9416755376904     215.52700892338694     1:37
4077500     8155.000000743893     46.19557191447461     349.6362638800116     1:37
4078000     8156.000000744097     49.67593732500535     312.6760431201209     1:37
4078500     8157.0000007443     42.17282440430125     331.2067298291582     1:36
4079000     8158.000000744504     53.202941400446605     327.1318296652554     1:36
4079500     8159.000000744708     47.823929169200994     266.36956897892105     1:36
4080000     8160.000000744912     55.665757316733846     253.33463932847772     1:36
4080500     8161.000000745115     54.888851353396944     293.83318636951975     1:36
4081000     8162.000000745319     59.248972205202904     285.2374897603644     1:36
4081500     8163.000000745523     66.60984453373646     342.476109676097     1:36
4082000     8164.0000007457265     66.94804557011764     360.6458184050608     1:36
4082500     8165.00000074593     52.32015990880899     334.99193868864774     1:36
4083000     8166.000000746134     44.985731030751936     320.5844826550737     1:36
4083500     8167.000000746338     45.31455247208095     372.0123387606753     1:36
4084000     8168.000000746541     54.231990403399266     314.5991077549283     1:36
4084500     8169.000000746745     57.20268429825575     185.0486707127604     1:36
4085000     8170.000000746949     44.76775910481547     293.7378161889374     1:36
4085500     8171.000000747153     57.14502936065088     267.5538413362002     1:36
4086000     8172.000000747356     61.58230880292035     315.79415671837046     1:36
4086500     8173.00000074756     57.742821315214826     291.6217292408522     1:36
4087000     8174.000000747764     41.77336335733122     394.6743701751741     1:36
4087500     8175.0000007479675     58.850761137879545     387.9812727314395     1:36
4088000     8176.000000748171     58.845675851316     261.1556760916954     1:35
4088500     8177.000000748375     43.36800494399671     267.2172486041807     1:35
4089000     8178.000000748579     45.741755347217406     261.0645946645468     1:35
4089500     8179.000000748782     64.19979349926717     158.41930506925956     1:35
4090000     8180.000000748986     42.46211789379578     281.0074124933722     1:35
4090500     8181.00000074919     42.67469930162525     195.40734098041384     1:35
4091000     8182.000000749394     47.84384865940598     310.8327189093211     1:35
4091500     8183.000000749597     45.4744286499747     301.679617509219     1:35
4092000     8184.000000749801     34.36750134340417     370.0054617801353     1:35
4092500     8185.000000750005     41.11962481163101     204.1052718148761     1:35
4093000     8186.0000007502085     62.80814330313825     319.90721383799445     1:35
4093500     8187.000000750412     64.80500211895333     308.1952592818271     1:35
4094000     8188.000000750616     59.43034078945408     280.699643078343     1:35
4094500     8189.00000075082     50.727860375984676     195.33689394939927     1:35
4095000     8190.000000751023     49.191137763817835     274.23204765102184     1:35
4095500     8191.000000751227     73.53063165927341     256.1849881203689     1:35
4096000     8192.00000075143     62.641503125397776     197.7180473563796     1:35
4096500     8193.000000751634     48.21422115827255     214.13788428243953     1:35
4097000     8194.000000751837     41.289903615365006     368.4782913274324     1:35
4097500     8195.000000752041     55.82953658840961     343.60954421294485     1:34
4098000     8196.000000752245     46.61478390931592     258.79916012405505     1:34
4098500     8197.000000752449     61.33902584531853     344.92053614025116     1:34
4099000     8198.000000752652     47.740801233871935     357.19519564580213     1:34
4099500     8199.000000752856     49.711993206504985     234.2338414612941     1:34
4100000     8200.00000075306     39.82319565749526     271.721483955501     1:34
4100500     8201.000000753264     48.86082672105027     240.7614746595129     1:34
4101000     8202.000000753467     63.41573439470227     353.6752812418241     1:34
4101500     8203.000000753671     72.94519282993548     275.4144285615461     1:34
4102000     8204.000000753875     52.74694402347939     435.66810174507265     1:34
4102500     8205.000000754078     56.987005319892205     342.28841077138895     1:34
4103000     8206.000000754282     52.53680661969605     432.09587815052987     1:34
4103500     8207.000000754486     73.3577165152177     281.46848239275056     1:34
4104000     8208.00000075469     62.94482958635575     322.8779679966142     1:34
4104500     8209.000000754893     61.588878340039685     259.06401866379235     1:34
4105000     8210.000000755097     46.11753846710616     423.6003888636832     1:34
4105500     8211.0000007553     62.68059085265247     310.85843476732873     1:34
4106000     8212.000000755505     51.69649737484423     236.91883479891672     1:34
4106500     8213.000000755708     48.10797292501485     321.0241688259077     1:34
4107000     8214.000000755912     69.4848367600431     296.225413185142     1:33
4107500     8215.000000756116     42.11731964817949     151.7388703987251     1:33
4108000     8216.00000075632     45.80935986423435     251.5873760451795     1:33
4108500     8217.000000756523     54.4038096071485     472.5181909360537     1:33
4109000     8218.000000756727     57.20326918120162     237.3783642195632     1:33
4109500     8219.00000075693     72.3709886298625     246.01139905280434     1:33
4110000     8220.000000757134     54.816878089352485     394.41831636391646     1:33
4110500     8221.000000757338     60.511976880756265     298.1217849477604     1:33
4111000     8222.000000757542     63.97598263561798     221.85343063922807     1:33
4111500     8223.000000757746     53.05569701927419     443.1951370893837     1:33
4112000     8224.00000075795     50.92843962781831     287.10332998118423     1:33
4112500     8225.000000758153     53.732215384568576     251.52601816927117     1:33
4113000     8226.000000758357     60.87417441710244     281.0369294090557     1:33
4113500     8227.00000075856     67.37555935955669     215.09939348291414     1:33
4114000     8228.000000758764     53.28040646062033     242.52449601105718     1:33
4114500     8229.000000758968     66.7977376374659     333.23582047111404     1:33
4115000     8230.000000759172     66.0221463774999     249.15859662988646     1:33
4115500     8231.000000759375     55.39532424326478     255.58120173603888     1:33
4116000     8232.000000759579     72.67488138977097     348.3784319286046     1:33
4116500     8233.000000759783     67.84016886435637     301.0779213118428     1:32
4117000     8234.000000759987     57.46618719087513     193.8311782350219     1:32
4117500     8235.00000076019     55.93403108320973     264.55795865183813     1:32
4118000     8236.000000760394     41.654226392917906     410.86416268091267     1:32
4118500     8237.000000760598     53.02607298887261     490.4496804495068     1:32
4119000     8238.000000760801     54.4193169338069     277.5879411825825     1:32
4119500     8239.000000761005     40.63899815493977     430.2273180758739     1:32
4120000     8240.000000761209     53.887886658859316     265.12052746684947     1:32
4120500     8241.000000761413     65.37266567639125     350.9128318541958     1:32
4121000     8242.000000761616     49.7823203826602     328.07529908755976     1:32
4121500     8243.00000076182     44.351372721210566     207.95315651796776     1:32
4122000     8244.000000762024     48.8995112460164     344.43952324556784     1:32
4122500     8245.000000762228     32.48740425797189     279.42209597687946     1:32
4123000     8246.000000762431     49.95679364764129     187.67689157901916     1:32
4123500     8247.000000762635     43.60349758261907     332.58510834341365     1:32
4124000     8248.000000762839     51.9463491607072     401.1148833571811     1:32
4124500     8249.000000763042     68.77538535083767     226.4708880591639     1:32
4125000     8250.000000763246     61.60019806013332     311.4130904722408     1:32
4125500     8251.00000076345     47.269852356615786     438.59307513249513     1:32
4126000     8252.000000763654     47.49188421373566     415.0532209008152     1:31
4126500     8253.000000763857     42.87014856527753     418.96685533305737     1:31
4127000     8254.000000764061     55.07207916851337     293.2618416707251     1:31
4127500     8255.000000764265     49.299222539411915     146.06451553044147     1:31
4128000     8256.000000764468     58.56370629735056     113.21220646621659     1:31
4128500     8257.000000764672     45.40547702733261     235.4256256580181     1:31
4129000     8258.000000764876     46.59037130190035     430.8334509798738     1:31
4129500     8259.00000076508     68.79839281904384     309.5488169228809     1:31
4130000     8260.000000765283     50.608487486058664     262.6735817539126     1:31
4130500     8261.000000765487     43.232443299379895     219.47405640023536     1:31
4131000     8262.00000076569     57.771171058194625     237.27293597696615     1:31
4131500     8263.000000765895     40.76872340560027     372.4100413914036     1:31
4132000     8264.000000766098     59.630388895828844     312.4152417285866     1:31
4132500     8265.000000766302     60.80304828428967     250.51605738701238     1:31
4133000     8266.000000766506     57.310642009998276     387.03362404929624     1:31
4133500     8267.00000076671     74.57944882886665     433.8348447449727     1:31
4134000     8268.000000766913     67.82299367493403     273.3500503693417     1:31
4134500     8269.000000767117     55.24556115247543     367.51897485668553     1:31
4135000     8270.00000076732     80.42932818052077     405.37757271380826     1:31
4135500     8271.000000767524     58.433717850528126     266.62054641427176     1:30
4136000     8272.000000767728     50.60675240626614     256.80680537031833     1:30
4136500     8273.000000767932     55.88007388522175     362.4099464629344     1:30
4137000     8274.000000768136     53.645908105925116     259.59071167597216     1:30
4137500     8275.00000076834     58.76371621410999     378.10728555543585     1:30
4138000     8276.000000768543     71.51934535474294     271.2456074026927     1:30
4138500     8277.000000768747     53.359937451866415     341.173649724148     1:30
4139000     8278.00000076895     68.06700647924089     301.3569877172105     1:30
4139500     8279.000000769154     55.18681326760549     381.0170551965325     1:30
4140000     8280.000000769358     43.09171190087943     345.6286053772293     1:30
4140500     8281.000000769562     42.19885831606388     310.73917180557123     1:30
4141000     8282.000000769765     42.61747032650766     285.0006019055927     1:30
4141500     8283.00000076997     43.78091323010818     354.39765614030443     1:30
4142000     8284.000000770173     64.50067668714098     381.52616858942366     1:30
4142500     8285.000000770377     68.09698163894024     381.22029182603893     1:30
4143000     8286.00000077058     49.674184255217426     300.25194706618583     1:30
4143500     8287.000000770784     65.789513487536     369.30940792124863     1:30
4144000     8288.000000770988     87.94168319564955     273.4142980430269     1:30
4144500     8289.000000771191     51.3861842887419     348.40650704541736     1:30
4145000     8290.000000771395     35.73885014831649     229.23939696425936     1:29
4145500     8291.000000771599     37.13158397780745     293.334326866521     1:29
4146000     8292.000000771803     50.432014167504406     276.95888766781115     1:29
4146500     8293.000000772006     46.21303998268212     334.31811667956225     1:29
4147000     8294.00000077221     58.474905145371224     263.20469151635194     1:29
4147500     8295.000000772414     57.8804089574067     330.4499014789496     1:29
4148000     8296.000000772618     51.9863190791375     367.1178940058558     1:29
4148500     8297.000000772821     47.71242694379231     253.78196646176065     1:29
4149000     8298.000000773025     51.820679065821594     321.0202604785557     1:29
4149500     8299.000000773229     43.55959859221025     270.8705809899319     1:29
4150000     8300.000000773432     41.71551912348332     303.995642643728     1:29
4150500     8301.000000773636     51.32380118714792     339.6398041582698     1:29
4151000     8302.00000077384     57.800250485880895     285.4653112257851     1:29
4151500     8303.000000774044     53.92352974990041     313.13771907296535     1:29
4152000     8304.000000774247     55.10265382334154     196.4191309668839     1:29
4152500     8305.000000774451     47.84999206244004     301.2982311436791     1:29
4153000     8306.000000774655     34.44608632895944     313.70773057038537     1:29
4153500     8307.000000774859     37.112723768632804     389.48890745366674     1:29
4154000     8308.000000775062     59.29797260561935     326.26808267232457     1:29
4154500     8309.000000775266     48.36169073239819     181.30904453212415     1:28
4155000     8310.00000077547     48.740261831232544     236.4959409881815     1:28
4155500     8311.000000775673     70.33310458273138     365.60385210401694     1:28
4156000     8312.000000775877     65.51888264518749     207.0403665664331     1:28
4156500     8313.000000776081     52.67381248189753     398.7565625737503     1:28
4157000     8314.000000776285     57.16849950431623     277.7665382899244     1:28
4157500     8315.000000776488     43.55932133184598     408.97357918421005     1:28
4158000     8316.000000776692     60.421482169046556     279.8302918285564     1:28
4158500     8317.000000776896     57.208774058061465     271.4907021184623     1:28
4159000     8318.0000007771     43.63457186064102     446.98246352739     1:28
4159500     8319.000000777303     58.83126655329403     230.5690307028664     1:28
4160000     8320.000000777507     53.32243798200466     285.32727596135555     1:28
4160500     8321.00000077771     48.685965001764316     380.42265983153504     1:28
4161000     8322.000000777914     44.60143064224616     359.51120202278196     1:28
4161500     8323.000000778118     48.37939593463608     467.3228019577777     1:28
4162000     8324.000000778322     71.68274847854246     253.44297826369765     1:28
4162500     8325.000000778526     55.31232926222907     279.9271957186914     1:28
4163000     8326.00000077873     42.549625727274304     302.8035449213828     1:28
4163500     8327.000000778933     34.96527724616277     350.8032747088838     1:28
4164000     8328.000000779137     57.13494179128162     215.1089156111997     1:27
4164500     8329.00000077934     38.742935834664024     318.4967871467041     1:27
4165000     8330.000000779544     58.951510770719494     238.39724778527363     1:27
4165500     8331.000000779748     74.4792882135257     380.03348467145076     1:27
4166000     8332.000000779952     55.77024898927078     389.0769114161938     1:27
4166500     8333.000000780155     51.78267905050416     304.2710707423505     1:27
4167000     8334.00000078036     69.08266564942164     208.18439304041928     1:27
4167500     8335.000000780563     59.16277942305675     305.653826384764     1:27
4168000     8336.000000780767     68.0667782564903     264.9027312650137     1:27
4168500     8337.00000078097     64.4766480867201     237.52700577082246     1:27
4169000     8338.000000781174     60.817742424511096     239.01004965085113     1:27
4169500     8339.000000781378     57.69845996906366     340.67194798926937     1:27
4170000     8340.000000781582     37.5004985554549     389.88545339027985     1:27
4170500     8341.000000781785     36.4683113808905     430.3135939911645     1:27
4171000     8342.000000781989     61.19353364850605     359.3458885035188     1:27
4171500     8343.000000782193     39.127950236179515     430.20614146726393     1:27
4172000     8344.000000782396     63.73694814707926     349.05785145564005     1:27
4172500     8345.0000007826     61.198842953678366     189.86540257020678     1:27
4173000     8346.000000782804     53.60892190865928     325.9321651386978     1:27
4173500     8347.000000783008     40.97817100052117     216.83435061614543     1:26
4174000     8348.000000783211     72.34355631474358     317.45582512152293     1:26
4174500     8349.000000783415     57.37124449517529     492.01297046815404     1:26
4175000     8350.000000783619     64.81614206468902     293.0023169052419     1:26
4175500     8351.000000783823     59.44293283273504     180.89218410667536     1:26
4176000     8352.000000784026     60.662696100353344     291.9144629462587     1:26
4176500     8353.00000078423     44.16924285994236     218.05868314628037     1:26
4177000     8354.000000784434     49.616750788431716     217.99535424034966     1:26
4177500     8355.000000784637     33.65553242591051     448.39285883100086     1:26
4178000     8356.000000784841     51.48651541925125     196.83787467732202     1:26
4178500     8357.000000785045     60.801492624116634     281.19199733339576     1:26
4179000     8358.000000785249     58.951653100256124     306.15794652097355     1:26
4179500     8359.000000785452     56.45475242930394     258.7191070099779     1:26
4180000     8360.000000785656     47.62270435138305     423.6702252880807     1:26
4180500     8361.00000078586     55.41094598786532     374.79036033658036     1:26
4181000     8362.000000786064     60.65413560884298     184.41672102458975     1:26
4181500     8363.000000786267     69.79792631247386     240.62467029587293     1:26
4182000     8364.000000786471     56.965413170712     349.67983823780895     1:26
4182500     8365.000000786675     52.384334468998134     375.98660043339726     1:26
4183000     8366.000000786878     53.47221474180685     364.36766520296135     1:25
4183500     8367.000000787082     49.12763699605023     212.76585489511996     1:25
4184000     8368.000000787286     32.74835926783544     305.7929916056558     1:25
4184500     8369.00000078749     54.779345426254906     264.7661309212905     1:25
4185000     8370.000000787693     76.80171998051941     233.44538273409628     1:25
4185500     8371.000000787897     44.90258878817423     365.5162456029916     1:25
4186000     8372.0000007881     60.23095840293439     350.0737249646827     1:25
4186500     8373.000000788305     48.577272651595365     379.97564938443827     1:25
4187000     8374.000000788508     68.85458985221322     244.82252628132466     1:25
4187500     8375.000000788712     56.30718088620955     227.48831504037219     1:25
4188000     8376.000000788916     52.87626701193591     245.882690821404     1:25
4188500     8377.00000078912     56.391430261219     360.7694232807124     1:25
4189000     8378.000000789323     70.95140643806434     205.64625376688005     1:25
4189500     8379.000000789527     63.03289375643055     453.67997190885103     1:25
4190000     8380.00000078973     59.50195324870225     436.57758097454814     1:25
4190500     8381.000000789934     62.41133869744857     267.1573233966222     1:25
4191000     8382.000000790138     53.53395008446165     337.8731199420275     1:25
4191500     8383.000000790342     52.60426525838335     346.9932844287619     1:25
4192000     8384.000000790546     55.45132326031887     246.5221486738032     1:25
4192500     8385.00000079075     59.38884200395245     415.6150880704075     1:24
4193000     8386.000000790953     57.03841681773366     375.8371369536093     1:24
4193500     8387.000000791157     60.97551038686845     230.70065745564543     1:24
4194000     8388.00000079136     52.22990921956517     212.26291090079306     1:24
4194500     8389.000000791564     51.0580854922419     241.11613126749668     1:24
4195000     8390.000000791768     35.493842435272484     230.17706523619918     1:24
4195500     8391.000000791972     40.67649460500394     291.9948446622152     1:24
4196000     8392.000000792175     44.30326408189643     320.6879914720451     1:24
4196500     8393.000000792379     55.50375043019773     249.69900475019105     1:24
4197000     8394.000000792583     58.48661175276328     316.44360210132635     1:24
4197500     8395.000000792787     32.78297581896783     251.69422687501392     1:24
4198000     8396.00000079299     62.312559699502856     259.2460984473019     1:24
4198500     8397.000000793194     39.78376907505441     281.8934428012423     1:24
4199000     8398.000000793398     43.28526684191985     240.9464089296599     1:24
4199500     8399.000000793601     53.671724680374325     267.1022896537569     1:24
4200000     8400.000000793805     60.466482463335126     296.4684812158834     1:24
4200500     8401.000000794009     51.32063808847721     339.4564700785244     1:24
4201000     8402.000000794213     51.3440829819009     381.1408480107589     1:24
4201500     8403.000000794416     64.68145206053003     292.00283185789425     1:24
4202000     8404.00000079462     74.50468803954891     308.6081195461175     1:23
4202500     8405.000000794824     83.64178321989851     374.2605760496902     1:23
4203000     8406.000000795028     51.43471421386886     298.28059154191953     1:23
4203500     8407.000000795231     30.158919831230094     251.06384427607898     1:23
4204000     8408.000000795435     34.420902148471384     196.76227967936603     1:23
4204500     8409.000000795639     47.59910640984384     248.7429309464267     1:23
4205000     8410.000000795842     35.14041194275086     239.82508601676636     1:23
4205500     8411.000000796046     58.329583241359614     235.27929761608368     1:23
4206000     8412.00000079625     50.60688421026401     290.204995757243     1:23
4206500     8413.000000796454     68.82043751700667     291.8966279630097     1:23
4207000     8414.000000796657     60.385863518700205     291.76058232870895     1:23
4207500     8415.000000796861     70.32599613923509     266.3182943950546     1:23
4208000     8416.000000797065     51.01186172514139     296.52053780344096     1:23
4208500     8417.000000797269     76.97219233068205     236.0343420514025     1:23
4209000     8418.000000797472     56.88895218206079     271.4801397283681     1:23
4209500     8419.000000797676     60.1958683231216     192.29845642557052     1:23
4210000     8420.00000079788     47.281384063446694     336.2685718842987     1:23
4210500     8421.000000798083     46.66619777668984     304.91836422862457     1:23
4211000     8422.000000798287     39.89464450301     369.3849958472892     1:23
4211500     8423.00000079849     53.71558484867313     236.29529994539433     1:22
4212000     8424.000000798695     54.810626990133414     391.9437113240447     1:22
4212500     8425.000000798898     65.35715429496594     425.45553712335516     1:22
4213000     8426.000000799102     51.5448735209049     275.3456999575468     1:22
4213500     8427.000000799306     54.032171854552814     278.1171389001024     1:22
4214000     8428.00000079951     66.73266303479824     183.56178728518725     1:22
4214500     8429.000000799713     37.406174017811054     211.6326710237681     1:22
4215000     8430.000000799917     43.69644241876239     180.84691847123673     1:22
4215500     8431.00000080012     54.46844564264319     223.91101218787466     1:22
4216000     8432.000000800324     62.53471945307592     276.3486862327306     1:22
4216500     8433.000000800528     50.94091711772859     255.4707419043144     1:22
4217000     8434.000000800732     39.28287705932769     343.13087071757826     1:22
4217500     8435.000000800936     60.55046374731472     204.10219616134881     1:22
4218000     8436.00000080114     56.84176909524217     313.82836388529245     1:22
4218500     8437.000000801343     45.39646159916981     268.62321831763774     1:22
4219000     8438.000000801547     46.05661572642339     320.2098943377872     1:22
4219500     8439.00000080175     48.97339647745849     317.69361188456054     1:22
4220000     8440.000000801954     73.74091144415632     296.7347959889489     1:22
4220500     8441.000000802158     56.99359006937817     311.74439043258445     1:22
4221000     8442.000000802362     60.99649294374774     328.5137066463938     1:21
4221500     8443.000000802565     69.29462195352124     289.3017727510471     1:21
4222000     8444.00000080277     60.46067967746865     327.216115998855     1:21
4222500     8445.000000802973     42.848170038644014     298.61694862415385     1:21
4223000     8446.000000803177     63.45261269769617     297.11997280429154     1:21
4223500     8447.00000080338     53.113587150659725     236.1270749645585     1:21
4224000     8448.000000803584     55.22389622645716     294.4340693934954     1:21
4224500     8449.000000803788     60.915421393826875     308.37293975267676     1:21
4225000     8450.000000803991     60.73635723516571     247.6561059995785     1:21
4225500     8451.000000804195     57.5407185351973     309.2771189690288     1:21
4226000     8452.000000804399     60.453967722305265     324.0414397193085     1:21
4226500     8453.000000804603     79.71325411534315     308.2883789464136     1:21
4227000     8454.000000804806     57.91035480200145     321.44876197917404     1:21
4227500     8455.00000080501     47.413036414118324     368.3945310765289     1:21
4228000     8456.000000805214     56.73622036377225     270.9401086961576     1:21
4228500     8457.000000805418     50.606879306356234     420.6934074947828     1:21
4229000     8458.000000805621     55.90740767419743     209.90140528508553     1:21
4229500     8459.000000805825     65.6322480168538     372.2528267532239     1:21
4230000     8460.000000806029     53.684249937604534     360.63205471384566     1:21
4230500     8461.000000806232     44.39475142833345     391.9032542036062     1:20
4231000     8462.000000806436     75.58477552487199     335.79059405228554     1:20
4231500     8463.00000080664     72.48558424980956     265.3177709386432     1:20
4232000     8464.000000806844     52.002958569494524     383.3944752134114     1:20
4232500     8465.000000807047     66.58199456155921     331.2360927127108     1:20
4233000     8466.000000807251     89.08913534645632     302.0928490006325     1:20
4233500     8467.000000807455     58.892422036692835     396.0484221303108     1:20
4234000     8468.000000807659     41.20701471335104     441.60477684404566     1:20
4234500     8469.000000807862     65.19622749495699     328.462261149831     1:20
4235000     8470.000000808066     41.43472511603886     386.5470921542996     1:20
4235500     8471.00000080827     44.95646361296588     341.0306573860562     1:20
4236000     8472.000000808473     73.00603675223186     150.41109223869898     1:20
4236500     8473.000000808677     64.52272215240373     378.3429536258879     1:20
4237000     8474.000000808881     51.08050441529457     293.09714993509607     1:20
4237500     8475.000000809085     50.49618161053394     414.07016042552544     1:20
4238000     8476.000000809288     54.144612801777896     377.26071430760885     1:20
4238500     8477.000000809492     62.69220583636644     394.2641488009756     1:20
4239000     8478.000000809696     48.56172596119228     348.9025809887354     1:20
4239500     8479.0000008099     65.4182566671347     177.71246981394125     1:20
4240000     8480.000000810103     54.79270194962618     208.27294465934978     1:19
4240500     8481.000000810307     34.734843339351755     263.336164237     1:19
4241000     8482.00000081051     35.79789004052151     208.79037126140565     1:19
4241500     8483.000000810714     53.6546053850563     265.6533812193409     1:19
4242000     8484.000000810918     51.074055900316694     368.16330307912614     1:19
4242500     8485.000000811122     68.33479732289499     336.9648215286801     1:19
4243000     8486.000000811326     61.59323863040282     272.9695826746808     1:19
4243500     8487.00000081153     62.980949884834274     299.61010467046185     1:19
4244000     8488.000000811733     59.06696313389739     217.51539125870215     1:19
4244500     8489.000000811937     45.8884167415311     371.0897203966815     1:19
4245000     8490.00000081214     53.99445168963899     456.69716355804866     1:19
4245500     8491.000000812344     67.54520823988423     307.3366790981329     1:19
4246000     8492.000000812548     54.23824635355572     362.30172271274813     1:19
4246500     8493.000000812752     48.35487889910377     290.03065424767647     1:19
4247000     8494.000000812955     55.78868299984646     187.47608662279453     1:19
4247500     8495.00000081316     41.21551617579388     296.60922952864144     1:19
4248000     8496.000000813363     61.37855333239156     410.2807954352355     1:19
4248500     8497.000000813567     53.919255218288356     292.86766066013706     1:19
4249000     8498.00000081377     50.77917289850967     214.0473397396114     1:19
4249500     8499.000000813974     68.65375253249618     257.1312747685507     1:18
4250000     8500.000000814178     59.581861554284444     290.3135240538975     1:18
4250500     8501.000000814382     45.27063342933309     339.0851417205066     1:18
4251000     8502.000000814585     41.756911261568746     448.909872134697     1:18
4251500     8503.000000814789     44.94450552193172     306.9224516473125     1:18
4252000     8504.000000814993     41.38960063391238     409.34405949362775     1:18
4252500     8505.000000815196     62.42360800641444     197.07190659232305     1:18
4253000     8506.0000008154     54.49398030923351     219.09893875492153     1:18
4253500     8507.000000815604     42.99935903815884     251.0935771273724     1:18
4254000     8508.000000815808     70.67978423173673     312.74072043688824     1:18
4254500     8509.000000816011     44.01124237514955     270.75304684509285     1:18
4255000     8510.000000816215     41.89026867054247     235.63193916410575     1:18
4255500     8511.000000816419     53.99335766339925     256.64395630460257     1:18
4256000     8512.000000816623     55.316398893501116     139.77432312843794     1:18
4256500     8513.000000816826     45.01050287166095     305.7982988360081     1:18
4257000     8514.00000081703     66.10590657577438     224.06279121137413     1:18
4257500     8515.000000817234     49.17325696266374     259.95894019184766     1:18
4258000     8516.000000817437     58.84259838037457     346.99637543706456     1:18
4258500     8517.000000817641     68.4926979578209     314.6216715488153     1:18
4259000     8518.000000817845     46.0373359782937     305.47783171808675     1:17
4259500     8519.000000818049     53.320381577554315     341.8834822899607     1:17
4260000     8520.000000818252     55.86910348998049     391.2083814999121     1:17
4260500     8521.000000818456     48.12085020648624     249.93821631043966     1:17
4261000     8522.00000081866     40.545645544283445     196.3264929433331     1:17
4261500     8523.000000818864     65.14278664018366     350.6958133693078     1:17
4262000     8524.000000819067     58.856816097770604     353.9701204889598     1:17
4262500     8525.000000819271     46.329473177865964     357.3921724676335     1:17
4263000     8526.000000819475     39.01292914159302     208.7638279862637     1:17
4263500     8527.000000819678     48.16810647234371     216.7900122250723     1:17
4264000     8528.000000819882     59.45935933094273     308.9603405573595     1:17
4264500     8529.000000820086     60.60217119581165     301.72476568304836     1:17
4265000     8530.00000082029     72.17844265725483     315.1637267472896     1:17
4265500     8531.000000820493     86.14499211550259     269.3973929139252     1:17
4266000     8532.000000820697     59.49169771103112     310.7540906408927     1:17
4266500     8533.0000008209     53.58413941259181     201.35416166240987     1:17
4267000     8534.000000821105     39.886898537474906     318.23866533299446     1:17
4267500     8535.000000821308     43.708892385932245     257.9796300402526     1:17
4268000     8536.000000821512     49.89772494879111     338.39522764048365     1:17
4268500     8537.000000821716     43.76145359701849     256.22195428178003     1:16
4269000     8538.00000082192     51.23438532724407     293.8703209006437     1:16
4269500     8539.000000822123     45.241838691020064     263.6781176988965     1:16
4270000     8540.000000822327     61.66395493937716     328.2009063324754     1:16
4270500     8541.00000082253     61.77291435596311     290.30491359117735     1:16
4271000     8542.000000822734     42.1551887353865     232.90216668796745     1:16
4271500     8543.000000822938     48.60133316701166     165.93949208690472     1:16
4272000     8544.000000823142     64.61583672623402     327.52740733070596     1:16
4272500     8545.000000823346     78.83114151858808     300.568789803223     1:16
4273000     8546.00000082355     50.96623679245761     279.19932821848613     1:16
4273500     8547.000000823753     56.77642706944897     207.18711007129048     1:16
4274000     8548.000000823957     63.52800089053136     288.7560868021209     1:16
4274500     8549.00000082416     66.4976915473033     283.49710396327384     1:16
4275000     8550.000000824364     40.7215694594081     296.53223482424295     1:16
4275500     8551.000000824568     63.42592352835783     443.4091241928725     1:16
4276000     8552.000000824772     64.16143933547227     245.73497831881738     1:16
4276500     8553.000000824975     52.40106172789217     222.26426077940815     1:16
4277000     8554.000000825179     52.75137726158442     337.0911354807625     1:16
4277500     8555.000000825383     54.59528504511587     361.0637081574901     1:16
4278000     8556.000000825587     80.31667022699838     317.4760166026239     1:15
4278500     8557.00000082579     53.24498829186513     367.5491990607891     1:15
4279000     8558.000000825994     52.02850550407953     255.8028751881738     1:15
4279500     8559.000000826198     51.03942140202588     262.5055809431088     1:15
4280000     8560.000000826401     80.14325530394638     276.9147784782441     1:15
4280500     8561.000000826605     71.79552555487732     400.1226572435351     1:15
4281000     8562.000000826809     50.668387213014796     383.2996127818267     1:15
4281500     8563.000000827013     73.72925404212094     283.5274261327814     1:15
4282000     8564.000000827216     67.32151458037146     341.698460638064     1:15
4282500     8565.00000082742     60.17233722738973     313.7197102013974     1:15
4283000     8566.000000827624     56.55376786483947     323.9724733342619     1:15
4283500     8567.000000827828     58.461477762991876     346.1093918737427     1:15
4284000     8568.000000828031     77.19277912828716     312.3606241631014     1:15
4284500     8569.000000828235     67.05593329944924     292.8743768485473     1:15
4285000     8570.000000828439     50.1681011669595     354.2853436604846     1:15
4285500     8571.000000828642     62.571140247669916     389.42654788452967     1:15
4286000     8572.000000828846     69.7034631772454     357.83995394726486     1:15
4286500     8573.00000082905     43.940595912838944     262.90579245693544     1:15
4287000     8574.000000829254     39.15345472086466     173.40059809478805     1:15
4287500     8575.000000829457     49.18576261043506     232.35881349027295     1:14
4288000     8576.000000829661     49.53194008176985     328.2135319296818     1:14
4288500     8577.000000829865     58.8378689862962     400.0313380837769     1:14
4289000     8578.000000830069     68.72387610554267     325.57219735268296     1:14
4289500     8579.000000830272     47.19475543605239     248.63687420550866     1:14
4290000     8580.000000830476     51.10893876438257     244.9392731306455     1:14
4290500     8581.00000083068     74.24982790260475     228.8211998256971     1:14
4291000     8582.000000830883     58.83128205675138     385.67817190990775     1:14
4291500     8583.000000831087     65.2955453896717     280.1615945982911     1:14
4292000     8584.00000083129     73.07958891007485     275.84604871632837     1:14
4292500     8585.000000831495     61.78664924819475     304.0577191909339     1:14
4293000     8586.000000831698     54.36231257046967     405.9140588273077     1:14
4293500     8587.000000831902     59.60843999937259     440.6090425275236     1:14
4294000     8588.000000832106     69.85358917107538     340.11693970577835     1:14
4294500     8589.00000083231     59.3130537714232     210.05050746749475     1:14
4295000     8590.000000832513     43.814743725603876     238.24161798272016     1:14
4295500     8591.000000832717     62.28272656753745     263.6632273449879     1:14
4296000     8592.00000083292     45.84623923669841     325.66077728349416     1:14
4296500     8593.000000833124     59.04788193435189     263.02482146422994     1:14
4297000     8594.000000833328     56.909266990433366     269.4295421806008     1:13
4297500     8595.000000833532     72.0012862954652     278.4325000829633     1:13
4298000     8596.000000833736     57.75906270715524     350.6012922787377     1:13
4298500     8597.00000083394     69.41152864735511     330.266363669914     1:13
4299000     8598.000000834143     50.10583960798732     398.3735821451876     1:13
4299500     8599.000000834347     57.498069267432754     386.5495584121543     1:13
4300000     8600.00000083455     56.53577633963852     272.2759837876467     1:13
4300500     8601.000000834754     79.58023427784423     261.6193580466372     1:13
4301000     8602.000000834958     55.55430179974525     427.81879688893855     1:13
4301500     8603.000000835162     61.09550966137891     337.61705034005445     1:13
4302000     8604.000000835365     64.22129379054019     245.97674560149477     1:13
4302500     8605.00000083557     62.31622715696636     326.8914541936628     1:13
4303000     8606.000000835773     74.40878163210982     271.4300716326515     1:13
4303500     8607.000000835977     51.56972583044188     375.8640803701998     1:13
4304000     8608.00000083618     59.08998663563898     203.15394820702832     1:13
4304500     8609.000000836384     59.34027725477415     315.01155656452187     1:13
4305000     8610.000000836588     75.35622527042204     241.74855815859178     1:13
4305500     8611.000000836792     73.61293319653242     386.2752480152364     1:13
4306000     8612.000000836995     67.52389342832555     303.0509538972628     1:13
4306500     8613.000000837199     51.405685060617145     380.85798611805967     1:12
4307000     8614.000000837403     46.56105415213091     250.50409529047568     1:12
4307500     8615.000000837606     51.406511632763625     271.115956911216     1:12
4308000     8616.00000083781     66.44997031521729     239.79934027265034     1:12
4308500     8617.000000838014     48.3367970402295     256.95853786933293     1:12
4309000     8618.000000838218     46.70340868283324     309.5305663919429     1:12
4309500     8619.000000838421     55.65977004299384     346.04380760803855     1:12
4310000     8620.000000838625     67.58224238495632     300.37756055957476     1:12
4310500     8621.000000838829     57.05604328620774     316.69083694339787     1:12
4311000     8622.000000839033     83.58056326499167     429.3821937613219     1:12
4311500     8623.000000839236     89.4975233217155     299.13615904119655     1:12
4312000     8624.00000083944     58.871388477165794     378.66112934632963     1:12
4312500     8625.000000839644     63.50434483613225     356.5476517362209     1:12
4313000     8626.000000839847     52.83244578504997     377.166382124369     1:12
4313500     8627.000000840051     56.94103486951491     258.43970841833544     1:12
4314000     8628.000000840255     54.16449461772834     390.45361156147567     1:12
4314500     8629.000000840459     74.46767183650701     274.8411841815746     1:12
4315000     8630.000000840662     68.29317386763461     232.2965283699992     1:12
4315500     8631.000000840866     48.758650217399065     321.6955832110677     1:12
4316000     8632.00000084107     45.38813923656596     330.09125248407065     1:11
4316500     8633.000000841274     44.59842969122036     299.8619201883399     1:11
4317000     8634.000000841477     51.96919302655459     241.02850106828896     1:11
4317500     8635.000000841681     44.73447080697906     330.99542060817174     1:11
4318000     8636.000000841885     41.906676991941424     292.55226350011725     1:11
4318500     8637.000000842088     50.47380062484814     217.31758990481154     1:11
4319000     8638.000000842292     63.715381858408875     330.14542975016275     1:11
4319500     8639.000000842496     52.51964506355637     418.3585832230733     1:11
4320000     8640.0000008427     62.043885314589716     229.7926900660662     1:11
4320500     8641.000000842903     38.58583992942192     226.58712729269104     1:11
4321000     8642.000000843107     73.81188737082925     271.04836170276116     1:11
4321500     8643.00000084331     79.73004632275826     305.5969601439185     1:11
4322000     8644.000000843514     50.492107078608626     332.12501553087327     1:11
4322500     8645.000000843718     57.84358458627247     200.09684126236587     1:11
4323000     8646.000000843922     67.3813559767039     320.15898371537713     1:11
4323500     8647.000000844126     62.34592082427247     309.8974511167347     1:11
4324000     8648.00000084433     46.63114227188623     377.22300520757386     1:11
4324500     8649.000000844533     47.75408318256285     264.85292211765307     1:11
4325000     8650.000000844737     36.63742473588451     211.65595603193606     1:11
4325500     8651.00000084494     58.388745641679066     254.90733586654625     1:10
4326000     8652.000000845144     62.45401081847109     351.7660288571033     1:10
4326500     8653.000000845348     53.20213214632872     308.08730523318326     1:10
4327000     8654.000000845552     82.03075886078301     354.86285778206246     1:10
4327500     8655.000000845755     75.71198904230693     360.1721382148136     1:10
4328000     8656.00000084596     43.06102731528841     263.25980673155817     1:10
4328500     8657.000000846163     61.598688568568775     304.2381908886842     1:10
4329000     8658.000000846367     40.59927878167207     264.8078664599778     1:10
4329500     8659.00000084657     46.93233046514598     265.3865833884346     1:10
4330000     8660.000000846774     47.5011930037341     431.5124826959023     1:10
4330500     8661.000000846978     53.81037022854076     354.37663317632325     1:10
4331000     8662.000000847182     61.74941226092409     316.91194512667505     1:10
4331500     8663.000000847385     38.1149887305001     188.06047597822342     1:10
4332000     8664.000000847589     37.884495059891435     187.9554616667046     1:10
4332500     8665.000000847793     49.60146490318749     218.94164579285638     1:10
4333000     8666.000000847996     51.077087422572674     330.91440881361183     1:10
4333500     8667.0000008482     55.59931803508556     382.42241626510236     1:10
4334000     8668.000000848404     56.05399370440915     306.489898841298     1:10
4334500     8669.000000848608     52.90609718253489     331.17191701756224     1:10
4335000     8670.000000848811     48.65706999656055     381.2063312352603     1:09
4335500     8671.000000849015     61.390690202735755     290.662812333328     1:09
4336000     8672.000000849219     66.07397611898836     259.86407150573496     1:09
4336500     8673.000000849423     86.08213841125615     344.4302981740593     1:09
4337000     8674.000000849626     50.156081141000755     368.5657525635644     1:09
4337500     8675.00000084983     55.86825895305748     275.88268745047617     1:09
4338000     8676.000000850034     73.15042786680095     292.04642527595695     1:09
4338500     8677.000000850237     46.39467819177287     326.8369496819492     1:09
4339000     8678.000000850441     55.696924388988975     282.3282821912323     1:09
4339500     8679.000000850645     53.40383781066953     280.3932245323675     1:09
4340000     8680.000000850849     49.42157492889697     281.4005734043762     1:09
4340500     8681.000000851052     45.34765713888021     233.9015787516945     1:09
4341000     8682.000000851256     42.69241172666642     293.8253452621762     1:09
4341500     8683.00000085146     79.30168543444478     316.9511905761214     1:09
4342000     8684.000000851664     76.6182041624607     233.2142120870215     1:09
4342500     8685.000000851867     55.50292192680348     300.03452092896646     1:09
4343000     8686.000000852071     76.46375247141481     264.0529706801966     1:09
4343500     8687.000000852275     46.7901253237132     284.5185888676896     1:09
4344000     8688.000000852478     68.79563465285088     246.88414794018618     1:09
4344500     8689.000000852682     63.331719487177736     244.4496437366841     1:08
4345000     8690.000000852886     54.836472134060614     281.5012036611349     1:08
4345500     8691.00000085309     64.0321694044772     197.92658550058064     1:08
4346000     8692.000000853293     37.131757127229434     342.12836567170916     1:08
4346500     8693.000000853497     45.48757161961254     292.0117641472597     1:08
4347000     8694.0000008537     51.44663468246807     252.50258091052513     1:08
4347500     8695.000000853905     46.64960972377372     193.16161005573292     1:08
4348000     8696.000000854108     49.91809128483459     294.61222692801095     1:08
4348500     8697.000000854312     40.5292036244428     333.3799244077506     1:08
4349000     8698.000000854516     54.8188221985676     343.14318888021387     1:08
4349500     8699.00000085472     49.86677958748493     380.72443967930184     1:08
4350000     8700.000000854923     68.89951619231516     403.94672896668936     1:08
4350500     8701.000000855127     76.37001919115102     339.58559782951147     1:08
4351000     8702.00000085533     78.7913400988362     283.2602868276565     1:08
4351500     8703.000000855534     60.57779006627919     245.50139748061486     1:08
4352000     8704.000000855738     61.24233064436959     338.13385613631385     1:08
4352500     8705.000000855942     51.20275739808062     267.88998933676993     1:08
4353000     8706.000000856146     51.20188679700175     265.35979371334827     1:08
4353500     8707.00000085635     57.33961250857402     207.60565721517474     1:07
4354000     8708.000000856553     50.05101230017999     376.40571627916677     1:07
4354500     8709.000000856757     48.394350110826394     505.3563854984634     1:07
4355000     8710.00000085696     68.356844375928     316.7059359672499     1:07
4355500     8711.000000857164     61.26121836726509     240.14037368319123     1:07
4356000     8712.000000857368     51.92311103221431     226.9487624038664     1:07
4356500     8713.000000857572     48.72934277848782     261.6616700917466     1:07
4357000     8714.000000857775     60.73866117656536     501.3691738891802     1:07
4357500     8715.00000085798     55.02688595402424     380.22919770324194     1:07
4358000     8716.000000858183     67.88895864235252     294.73944690871247     1:07
4358500     8717.000000858387     65.24257887044342     240.10889254299298     1:07
4359000     8718.00000085859     49.349000412972714     344.95552565285766     1:07
4359500     8719.000000858794     53.27378449186307     256.6622458763889     1:07
4360000     8720.000000858998     66.92672634931881     288.4636802454603     1:07
4360500     8721.000000859201     72.86918283494816     403.31645864652154     1:07
4361000     8722.000000859405     70.31031022207867     401.8911020760965     1:07
4361500     8723.000000859609     63.146276268423605     410.890053253982     1:07
4362000     8724.000000859813     42.68096196717744     326.80562439029853     1:07
4362500     8725.000000860016     58.14731347345196     201.61987411171816     1:07
4363000     8726.00000086022     53.12318205037286     296.647044949597     1:06
4363500     8727.000000860424     46.575549453832025     409.1055946985874     1:06
4364000     8728.000000860628     60.417966885924784     292.3716390296182     1:06
4364500     8729.000000860831     37.03417357329573     229.9693851611633     1:06
4365000     8730.000000861035     52.77959587590556     230.6249705227886     1:06
4365500     8731.000000861239     43.12885367940538     309.15347979943107     1:06
4366000     8732.000000861442     58.872221780597386     284.7179154545218     1:06
4366500     8733.000000861646     76.7506933317344     359.80652541760844     1:06
4367000     8734.00000086185     64.29801839231288     255.05052607295713     1:06
4367500     8735.000000862054     64.15606516019835     238.7229781762646     1:06
4368000     8736.000000862257     66.74460984634612     289.8964264831472     1:06
4368500     8737.000000862461     54.58756623092387     298.09067922455296     1:06
4369000     8738.000000862665     54.770337572864946     308.4908482973133     1:06
4369500     8739.000000862869     35.89593265635148     299.1226683452927     1:06
4370000     8740.000000863072     49.93437205799876     285.36504812737616     1:06
4370500     8741.000000863276     43.531309107625304     332.72670649696954     1:06
4371000     8742.00000086348     73.27810580374205     226.71700001668867     1:06
4371500     8743.000000863683     63.96224383558632     320.780947053662     1:06
4372000     8744.000000863887     56.008537851373546     242.6008002591632     1:06
4372500     8745.00000086409     48.798040347453764     398.66926353151456     1:05
4373000     8746.000000864295     50.241606843388524     304.3190246259758     1:05
4373500     8747.000000864498     48.82062650572874     265.0246247371276     1:05
4374000     8748.000000864702     54.85698970647559     322.31434505448055     1:05
4374500     8749.000000864906     52.69867095514513     358.26022785551675     1:05
4375000     8750.00000086511     46.5648747230087     370.6233977110122     1:05
4375500     8751.000000865313     54.60926098477108     249.80518650901155     1:05
4376000     8752.000000865517     38.46893924996078     232.1901179848712     1:05
4376500     8753.00000086572     40.98300379160753     277.41201113189976     1:05
4377000     8754.000000865924     59.81212971281394     333.89291340405657     1:05
4377500     8755.000000866128     43.58723490124652     206.2567528036626     1:05
4378000     8756.000000866332     43.73987347368569     287.94615427633227     1:05
4378500     8757.000000866536     36.85935168957138     419.71310458213867     1:05
4379000     8758.00000086674     66.39791173673433     298.1581136195881     1:05
4379500     8759.000000866943     60.48555879283583     280.6868466350424     1:05
4380000     8760.000000867147     90.48691447624032     266.8713159789023     1:05
4380500     8761.00000086735     50.21528186320802     393.68618788934253     1:05
4381000     8762.000000867554     53.621819739803584     387.4588155059843     1:05
4381500     8763.000000867758     63.89164279806829     377.21736143154686     1:05
4382000     8764.000000867962     79.73757446399748     302.83740733535586     1:05
4382500     8765.000000868165     92.49944544982787     248.89966677718058     1:04
4383000     8766.00000086837     36.04739615440678     338.5937652728038     1:04
4383500     8767.000000868573     52.187574026535344     221.4306838371461     1:04
4384000     8768.000000868777     50.22310504442055     257.45056822702554     1:04
4384500     8769.00000086898     58.041103147787055     326.5247961092296     1:04
4385000     8770.000000869184     66.80505556473184     306.1177666583707     1:04
4385500     8771.000000869388     66.31807462406476     315.3607267708161     1:04
4386000     8772.000000869592     50.7065321071704     359.74855702358474     1:04
4386500     8773.000000869795     52.77233005827014     270.80811178188657     1:04
4387000     8774.000000869999     44.73281820964752     273.8423570161144     1:04
4387500     8775.000000870203     74.22747603157131     346.48463303538796     1:04
4388000     8776.000000870406     74.06717779187329     388.54789707198825     1:04
4388500     8777.00000087061     66.87740545418296     486.64071220648     1:04
4389000     8778.000000870814     56.62319978887342     363.0037439120123     1:04
4389500     8779.000000871018     61.624176856430665     281.4943160998697     1:04
4390000     8780.000000871221     62.29251134946384     305.2070464046102     1:04
4390500     8781.000000871425     39.84468663740779     340.8205876393459     1:04
4391000     8782.000000871629     51.50438906190692     311.2302483265588     1:04
4391500     8783.000000871833     74.80967976465405     232.44095538660847     1:04
4392000     8784.000000872036     54.99582539505218     422.1314002218495     1:03
4392500     8785.00000087224     83.53278426430586     311.1709146653521     1:03
4393000     8786.000000872444     71.35966650827481     293.92546459726293     1:03
4393500     8787.000000872647     72.06186971566734     216.02710309321245     1:03
4394000     8788.000000872851     59.79235409268364     205.5051112674926     1:03
4394500     8789.000000873055     44.62612862142072     272.2555687662048     1:03
4395000     8790.000000873259     47.999517897774865     239.08870577100134     1:03
4395500     8791.000000873462     44.20505350133243     333.60210684404643     1:03
4396000     8792.000000873666     58.63844036521749     294.7382146516651     1:03
4396500     8793.00000087387     62.883938684093835     327.91164910320106     1:03
4397000     8794.000000874074     68.97965819855904     330.45323196362176     1:03
4397500     8795.000000874277     75.7225285960692     254.23573087873368     1:03
4398000     8796.000000874481     47.756280443968535     344.38879494295054     1:03
4398500     8797.000000874685     56.52721662983964     221.37222883721444     1:03
4399000     8798.000000874888     52.065568518477164     336.83627638727495     1:03
4399500     8799.000000875092     64.46259899518697     259.29778993511525     1:03
4400000     8800.000000875296     40.476624058908556     230.31693115797336     1:03
4400500     8801.0000008755     44.17278095741261     247.30268227833315     1:03
4401000     8802.000000875703     60.211673283016864     302.91186942214523     1:03
4401500     8803.000000875907     53.016028878876284     389.97896484382585     1:02
4402000     8804.00000087611     43.33465736613476     276.9025542909506     1:02
4402500     8805.000000876315     57.555111453466736     236.6954438885221     1:02
4403000     8806.000000876518     51.30509883252989     318.13484690175244     1:02
4403500     8807.000000876722     46.00731207722828     348.72148793118146     1:02
4404000     8808.000000876926     62.306134310799905     195.49801698336879     1:02
4404500     8809.00000087713     51.731664632758395     330.7870402742482     1:02
4405000     8810.000000877333     53.13368234926662     306.8794375268988     1:02
4405500     8811.000000877537     58.57466185966854     293.65752173363626     1:02
4406000     8812.00000087774     55.49611366449329     311.98127799672955     1:02
4406500     8813.000000877944     57.771204201970875     318.7066994222014     1:02
4407000     8814.000000878148     49.54702225467878     306.49173531117583     1:02
4407500     8815.000000878352     62.54458814705367     334.28849378202256     1:02
4408000     8816.000000878556     56.74643725458719     248.86584258061356     1:02
4408500     8817.00000087876     43.69430405433735     334.7537818852126     1:02
4409000     8818.000000878963     50.348093420958435     288.36225124975863     1:02
4409500     8819.000000879167     48.84193473397556     323.23076803304264     1:02
4410000     8820.00000087937     40.24121846510167     315.4901636516962     1:02
4410500     8821.000000879574     56.59603674832755     195.21910330231205     1:02
4411000     8822.000000879778     49.70149332611345     254.8171552851747     1:01
4411500     8823.000000879982     54.91575540761443     214.3659363116788     1:01
4412000     8824.000000880185     71.50437935561723     227.54890043061263     1:01
4412500     8825.000000880389     46.79178617149665     263.96706817172907     1:01
4413000     8826.000000880593     46.67583599518372     251.96031767179855     1:01
4413500     8827.000000880797     35.51980646015767     270.3628665042599     1:01
4414000     8828.000000881     38.71219738489839     318.72077485894937     1:01
4414500     8829.000000881204     41.64638050234021     286.40258279233115     1:01
4415000     8830.000000881408     60.700531417879574     289.53983958131147     1:01
4415500     8831.000000881611     75.59147745917647     417.6093523381899     1:01
4416000     8832.000000881815     77.78221564116075     421.5009161942095     1:01
4416500     8833.000000882019     70.35923008328297     417.13196074859206     1:01
4417000     8834.000000882223     53.07920665931516     311.61084355788665     1:01
4417500     8835.000000882426     42.36402870497835     286.20497371219636     1:01
4418000     8836.00000088263     45.85297259065868     371.82080639341854     1:01
4418500     8837.000000882834     50.648933830120995     226.66915850870606     1:01
4419000     8838.000000883038     42.85112579147915     311.49463382296574     1:01
4419500     8839.000000883241     90.63070766973937     289.72609281212664     1:01
4420000     8840.000000883445     61.38112089272471     295.69666108306114     1:01
4420500     8841.000000883649     58.548010093889445     270.1340193204731     1:00
4421000     8842.000000883852     50.01164846319284     291.328963954015     1:00
4421500     8843.000000884056     38.7915779538028     264.2196149426173     1:00
4422000     8844.00000088426     60.268140634299755     210.50212684173144     1:00
4422500     8845.000000884464     46.95833913846883     429.7129261277944     1:00
4423000     8846.000000884667     44.901339269943435     252.46457227127712     1:00
4423500     8847.000000884871     59.27384719209448     279.09748275477756     1:00
4424000     8848.000000885075     86.80273436924085     356.50135839646737     1:00
4424500     8849.000000885278     55.834634290090264     238.41210239210275     1:00
4425000     8850.000000885482     55.379445471463214     310.23913662084874     1:00
4425500     8851.000000885686     52.698091497137     386.9612949200179     1:00
4426000     8852.00000088589     45.82492640394884     625.4318589964656     1:00
4426500     8853.000000886093     77.74748807343707     366.89112661911975     1:00
4427000     8854.000000886297     64.87454462247774     296.40756296123925     1:00
4427500     8855.0000008865     76.03460778489949     323.96303135838775     1:00
4428000     8856.000000886705     68.51825478208985     447.4756754762152     1:00
4428500     8857.000000886908     57.85056790596019     352.8175774912673     1:00
4429000     8858.000000887112     67.04282219919247     299.34373041580614     1:00
4429500     8859.000000887316     48.863698449866604     304.1058865882803     0:59
4430000     8860.00000088752     40.663959551565256     256.9747344932121     0:59
4430500     8861.000000887723     60.82885441929494     269.5626684700807     0:59
4431000     8862.000000887927     43.712581734745015     306.5545555235723     0:59
4431500     8863.00000088813     50.12843685836771     287.0167994284998     0:59
4432000     8864.000000888334     57.8763202032124     341.69213573001656     0:59
4432500     8865.000000888538     60.72121353967282     492.9558241978747     0:59
4433000     8866.000000888742     54.91891196530412     350.74864619646104     0:59
4433500     8867.000000888946     62.1179495135396     401.3004943515108     0:59
4434000     8868.00000088915     58.37288673541491     238.0691670964662     0:59
4434500     8869.000000889353     45.08071669907969     314.6771146635531     0:59
4435000     8870.000000889557     40.66012395362628     256.90595129983814     0:59
4435500     8871.00000088976     38.85253257253942     258.57761590390925     0:59
4436000     8872.000000889964     43.87669681674794     244.86677640665863     0:59
4436500     8873.000000890168     50.90269946592076     351.9094008504914     0:59
4437000     8874.000000890372     53.66709160750685     249.6992651516803     0:59
4437500     8875.000000890575     40.87288184584378     213.71748843208397     0:59
4438000     8876.00000089078     44.263984861684435     256.99024225924546     0:59
4438500     8877.000000890983     58.20062664424722     219.46363443125665     0:59
4439000     8878.000000891187     46.30076614347678     424.0664079413662     0:58
4439500     8879.00000089139     59.9564527119681     282.406437706957     0:58
4440000     8880.000000891594     50.340539473012825     303.758678160393     0:58
4440500     8881.000000891798     55.111468100371894     304.1643546664117     0:58
4441000     8882.000000892001     62.0409156357245     278.37234782332496     0:58
4441500     8883.000000892205     49.95608811183848     334.441137589374     0:58
4442000     8884.000000892409     84.58099091240132     325.3140068784244     0:58
4442500     8885.000000892613     65.71457256200455     253.3599213293165     0:58
4443000     8886.000000892816     66.15160043530597     266.4128762265971     0:58
4443500     8887.00000089302     60.69128580425814     301.1383866732717     0:58
4444000     8888.000000893224     47.19285252241963     400.65831432026204     0:58
4444500     8889.000000893428     63.28686594482548     407.7016150754181     0:58
4445000     8890.000000893631     64.68969601641214     405.68258689725985     0:58
4445500     8891.000000893835     61.12951990327571     191.72616331510184     0:58
4446000     8892.000000894039     50.1406551673835     369.3038046392032     0:58
4446500     8893.000000894242     83.82550660871362     239.50916049747485     0:58
4447000     8894.000000894446     45.68414148456259     340.1459920063047     0:58
4447500     8895.00000089465     51.07997056114249     283.05023950763695     0:58
4448000     8896.000000894854     65.35579410794873     262.04672242200235     0:58
4448500     8897.000000895057     50.61703910688226     379.4870139336613     0:57
4449000     8898.000000895261     63.45536314035047     252.57730683788589     0:57
4449500     8899.000000895465     48.645626179949375     311.9182092985369     0:57
4450000     8900.000000895669     66.63727733392955     392.67995604090964     0:57
4450500     8901.000000895872     42.98095456439796     398.2082443949264     0:57
4451000     8902.000000896076     85.82001470483715     409.34788142798556     0:57
4451500     8903.00000089628     74.68308061968725     330.94837037971445     0:57
4452000     8904.000000896483     64.63487384642889     339.23529737612824     0:57
4452500     8905.000000896687     60.27756019369821     323.418424506258     0:57
4453000     8906.000000896891     54.582000635109296     239.7806180062019     0:57
4453500     8907.000000897095     61.09760277205868     326.2574137675586     0:57
4454000     8908.000000897298     69.36429051757761     302.57778738964083     0:57
4454500     8909.000000897502     72.0805150606426     296.1549181038526     0:57
4455000     8910.000000897706     56.85818102109039     295.65910146200605     0:57
4455500     8911.00000089791     57.25626570469069     186.3847126905555     0:57
4456000     8912.000000898113     50.19280875363086     343.51595196518684     0:57
4456500     8913.000000898317     70.70458828875951     207.56005523386725     0:57
4457000     8914.00000089852     51.39242125418906     271.1976791910892     0:57
4457500     8915.000000898724     73.97603223441331     195.6987573235988     0:57
4458000     8916.000000898928     53.21979068463054     342.47941361686736     0:56
4458500     8917.000000899132     58.202566557054865     421.0681120627342     0:56
4459000     8918.000000899336     82.07603988379503     361.2580781066002     0:56
4459500     8919.00000089954     47.23637669796091     245.79448344975478     0:56
4460000     8920.000000899743     43.87834134002168     374.26597085554334     0:56
4460500     8921.000000899947     66.84149910601667     276.388748682162     0:56
4461000     8922.00000090015     76.56604717276758     300.8654463873146     0:56
4461500     8923.000000900354     42.933751794687566     299.0348153928579     0:56
4462000     8924.000000900558     43.3190881268294     217.4146912757634     0:56
4462500     8925.000000900762     36.94187058987063     238.82339627556001     0:56
4463000     8926.000000900965     68.81332326412513     319.09553464596655     0:56
4463500     8927.00000090117     63.4397849058891     224.15694376311782     0:56
4464000     8928.000000901373     67.72528228093898     289.3423148797843     0:56
4464500     8929.000000901577     60.84691870609737     387.68322811440964     0:56
4465000     8930.00000090178     68.43833555926807     335.82007425213413     0:56
4465500     8931.000000901984     62.35759212655381     415.3364518893753     0:56
4466000     8932.000000902188     59.325813480118256     263.2324351250188     0:56
4466500     8933.000000902392     35.24296719095685     165.13776617992508     0:56
4467000     8934.000000902595     42.22735234166572     189.19418261428376     0:56
4467500     8935.000000902799     50.23969523045952     207.51944679381336     0:55
4468000     8936.000000903003     45.996406865817164     258.1660974629177     0:55
4468500     8937.000000903206     58.48518512907725     277.7497318344326     0:55
4469000     8938.00000090341     59.85645728421753     298.3096716457299     0:55
4469500     8939.000000903614     57.63318893975975     249.83299158521746     0:55
4470000     8940.000000903818     45.30366099993927     289.2469899158667     0:55
4470500     8941.000000904021     43.39569064473022     309.4636322138309     0:55
4471000     8942.000000904225     58.093187044819274     258.05842125336295     0:55
4471500     8943.000000904429     51.89691917255021     322.5386075057971     0:55
4472000     8944.000000904633     77.54886288152869     293.87051503925403     0:55
4472500     8945.000000904836     82.04936563581686     310.9424234992263     0:55
4473000     8946.00000090504     65.68833408109424     247.46063147540136     0:55
4473500     8947.000000905244     68.89268477701904     240.38970319271104     0:55
4474000     8948.000000905447     50.12281897642879     303.9992763731032     0:55
4474500     8949.000000905651     81.58415292929084     254.75336505785563     0:55
4475000     8950.000000905855     60.20306626864823     264.2291151406993     0:55
4475500     8951.000000906059     68.5437432921455     264.7920402882172     0:55
4476000     8952.000000906262     65.59880032799794     365.0439165360965     0:55
4476500     8953.000000906466     74.82830668381223     289.5459935524438     0:55
4477000     8954.00000090667     88.22442094789102     281.98173179054584     0:54
4477500     8955.000000906874     57.48713641792608     261.29237776724807     0:54
4478000     8956.000000907077     57.781407580660186     252.1033783313748     0:54
4478500     8957.000000907281     59.07862148387147     241.70234466851363     0:54
4479000     8958.000000907485     49.074280520300135     405.74396627954116     0:54
4479500     8959.000000907688     50.33009221773858     344.60793313761747     0:54
4480000     8960.000000907892     61.12868338819817     249.46793533807022     0:54
4480500     8961.000000908096     46.85259011846239     232.69260133593863     0:54
4481000     8962.0000009083     66.30851339892655     286.8333282214076     0:54
4481500     8963.000000908503     68.38127286001458     440.2690960364801     0:54
4482000     8964.000000908707     54.55219244650789     257.34552005750055     0:54
4482500     8965.00000090891     47.760235095195526     280.49634984323933     0:54
4483000     8966.000000909115     53.317891511084156     192.38312759730857     0:54
4483500     8967.000000909318     51.789220183448435     232.2602715313948     0:54
4484000     8968.000000909522     49.087722934446106     255.39362818829775     0:54
4484500     8969.000000909726     45.7334566513743     338.5980807881094     0:54
4485000     8970.00000090993     49.564548293773726     257.65247102546624     0:54
4485500     8971.000000910133     61.80212362008314     347.730859634486     0:54
4486000     8972.000000910337     70.10275859493134     341.0046654327196     0:54
4486500     8973.00000091054     43.214717894443424     291.3189628487714     0:53
4487000     8974.000000910744     43.08445014243097     145.0905293398604     0:53
4487500     8975.000000910948     48.74238552073615     268.62141139480383     0:53
4488000     8976.000000911152     71.76582295813631     275.5362032157931     0:53
4488500     8977.000000911356     43.395077614886304     341.409986841395     0:53
4489000     8978.00000091156     47.78168491699199     211.9183725327072     0:53
4489500     8979.000000911763     46.355202752470916     289.38089707075     0:53
4490000     8980.000000911967     43.503585860970645     267.7345155522962     0:53
4490500     8981.00000091217     47.22305436743687     221.53858760737737     0:53
4491000     8982.000000912374     53.78980206992941     294.609581741008     0:53
4491500     8983.000000912578     45.36433205327779     364.63151546193217     0:53
4492000     8984.000000912782     59.25941317767064     322.40662027908144     0:53
4492500     8985.000000912985     50.06649663420973     251.80708226965749     0:53
4493000     8986.000000913189     60.30315536871859     295.85854822296307     0:53
4493500     8987.000000913393     58.691177560056644     424.69881058935385     0:53
4494000     8988.000000913597     54.21086519907186     345.6748403978993     0:53
4494500     8989.0000009138     44.236285835783974     338.52543400388936     0:53
4495000     8990.000000914004     46.44362773729608     270.3731505224496     0:53
4495500     8991.000000914208     53.2463486416018     310.7811461909371     0:53
4496000     8992.000000914411     64.15739020241705     317.26366170690716     0:52
4496500     8993.000000914615     51.577011516757295     354.11970748507923     0:52
4497000     8994.000000914819     52.17600033046409     369.6428694658294     0:52
4497500     8995.000000915023     54.95800011713726     352.99578491669314     0:52
4498000     8996.000000915226     45.75366875051992     289.16267233990095     0:52
4498500     8997.00000091543     52.18003227633545     247.0189531556742     0:52
4499000     8998.000000915634     36.31370112130844     336.4165082178529     0:52
4499500     8999.000000915838     51.544114075037726     326.08589288662336     0:52
4500000     9000.000000916041     45.36283754790276     225.36942599110537     0:52
4500500     9001.000000916245     55.71346240629725     258.65276736925057     0:52
4501000     9002.000000916449     35.009860680010775     323.0689566013861     0:52
4501500     9003.000000916652     58.7988212406342     203.66789816039253     0:52
4502000     9004.000000916856     55.78555662608858     459.14126171095023     0:52
4502500     9005.00000091706     73.90180124644746     262.2012528323308     0:52
4503000     9006.000000917264     56.52146876202954     270.7183677701993     0:52
4503500     9007.000000917467     51.571475001252395     261.98587788965483     0:52
4504000     9008.000000917671     51.54737390528163     277.87043170284534     0:52
4504500     9009.000000917875     66.15677739018105     456.89632458455907     0:52
4505000     9010.000000918079     51.63459469867183     304.4604181783616     0:52
4505500     9011.000000918282     60.74688298187351     427.27933684124355     0:51
4506000     9012.000000918486     44.989404133968435     326.01564648488124     0:51
4506500     9013.00000091869     45.70343153168841     215.12685363370989     0:51
4507000     9014.000000918893     54.21260452966527     170.78756781794402     0:51
4507500     9015.000000919097     56.0533715659663     224.81351114617968     0:51
4508000     9016.0000009193     51.80008497138107     177.69494928874064     0:51
4508500     9017.000000919505     55.935684678612404     251.95805194634073     0:51
4509000     9018.000000919708     75.5049965740335     403.0886391186119     0:51
4509500     9019.000000919912     39.45473921919273     453.08120367822     0:51
4510000     9020.000000920116     70.05752702086727     302.0692128549095     0:51
4510500     9021.00000092032     44.707699703637786     368.3608815465858     0:51
4511000     9022.000000920523     54.39931461830554     285.68360439921304     0:51
4511500     9023.000000920727     64.85464638655435     247.0866526991008     0:51
4512000     9024.00000092093     46.82175037120004     311.0806265521155     0:51
4512500     9025.000000921134     53.83795525404889     196.90221506091243     0:51
4513000     9026.000000921338     60.87863865500003     240.58589183503477     0:51
4513500     9027.000000921542     47.70011868239993     323.718498859896     0:51
4514000     9028.000000921746     77.17465689116113     358.02655404100125     0:51
4514500     9029.00000092195     61.24949111737834     335.64781464666163     0:51
4515000     9030.000000922153     61.59647390477272     313.7474057597895     0:50
4515500     9031.000000922357     73.01457390846593     333.9160730552576     0:50
4516000     9032.00000092256     42.852276007977366     433.458892710512     0:50
4516500     9033.000000922764     62.303350992770845     395.65204708217505     0:50
4517000     9034.000000922968     70.14816051656265     241.0421854305348     0:50
4517500     9035.000000923172     64.45628971659573     399.5837083112632     0:50
4518000     9036.000000923375     60.98448379798384     318.5949882489454     0:50
4518500     9037.00000092358     70.17705156725782     332.78777917124677     0:50
4519000     9038.000000923783     60.97908965377769     379.6427006990406     0:50
4519500     9039.000000923987     71.43376809297666     345.61364895419285     0:50
4520000     9040.00000092419     51.6502857400709     306.80996443426676     0:50
4520500     9041.000000924394     43.263841954962686     218.0149987620725     0:50
4521000     9042.000000924598     55.528185511721006     251.29429610654282     0:50
4521500     9043.000000924801     57.0979556812332     258.30316571556693     0:50
4522000     9044.000000925005     57.58601655004264     368.45352945144316     0:50
4522500     9045.000000925209     66.27778508666313     342.5695773418925     0:50
4523000     9046.000000925413     55.71682480356884     296.84190547651264     0:50
4523500     9047.000000925616     66.57498283104349     239.28555864056128     0:50
4524000     9048.00000092582     53.646963936952545     427.0391780802653     0:50
4524500     9049.000000926024     82.96164828403994     323.3277063624371     0:49
4525000     9050.000000926228     57.6884482510323     355.5766913082568     0:49
4525500     9051.000000926431     43.491313132398375     293.1350187829196     0:49
4526000     9052.000000926635     48.86150264176189     272.03057722946863     0:49
4526500     9053.000000926839     61.2989771744746     304.05142179554383     0:49
4527000     9054.000000927042     57.11233178157215     424.3613068154054     0:49
4527500     9055.000000927246     65.60815543582754     254.8782304782163     0:49
4528000     9056.00000092745     62.87223405202718     314.65367869905305     0:49
4528500     9057.000000927654     59.76104728259651     276.92656736734494     0:49
4529000     9058.000000927857     53.41633579500569     256.2482501821674     0:49
4529500     9059.000000928061     43.38923453825248     249.69536126060376     0:49
4530000     9060.000000928265     62.074453487875076     271.9559350025865     0:49
4530500     9061.000000928469     53.06728252505076     361.3899795984504     0:49
4531000     9062.000000928672     55.610507496843866     268.9444909800098     0:49
4531500     9063.000000928876     59.471644495438056     287.44988600065284     0:49
4532000     9064.00000092908     53.22330799482751     344.9512292220362     0:49
4532500     9065.000000929283     44.64640443786749     286.3710937809941     0:49
4533000     9066.000000929487     43.99837508333718     425.81858136212065     0:49
4533500     9067.000000929691     59.56355670538858     243.45392056085083     0:49
4534000     9068.000000929895     75.49287051597304     388.322605996039     0:48
4534500     9069.000000930098     74.54461940402524     354.5422703204841     0:48
4535000     9070.000000930302     54.04008632341737     254.49658516432044     0:48
4535500     9071.000000930506     45.93340327084013     242.77516547902155     0:48
4536000     9072.00000093071     31.601596505014584     257.82368946092174     0:48
4536500     9073.000000930913     45.80736514883665     249.6733452737559     0:48
4537000     9074.000000931117     69.05310486685693     283.5572698823653     0:48
4537500     9075.00000093132     61.5782101615556     273.5516872443866     0:48
4538000     9076.000000931524     65.12805611789747     393.1442538337485     0:48
4538500     9077.000000931728     63.66089627374805     351.3961676309137     0:48
4539000     9078.000000931932     52.020315052425644     285.77506364102237     0:48
4539500     9079.000000932136     51.98091405234425     273.4103656705375     0:48
4540000     9080.00000093234     50.088895437428334     250.48342999103994     0:48
4540500     9081.000000932543     39.49554703767626     275.74384095015716     0:48
4541000     9082.000000932747     55.956008098342295     218.91786744592952     0:48
4541500     9083.00000093295     42.354272375509765     250.70548939538213     0:48
4542000     9084.000000933154     52.4446455858195     328.008357062528     0:48
4542500     9085.000000933358     44.45871339787749     319.25589468807254     0:48
4543000     9086.000000933562     58.78188833852488     302.63999699542023     0:48
4543500     9087.000000933765     57.325358919710936     270.7033387389351     0:47
4544000     9088.00000093397     42.832705134081266     194.10025454263078     0:47
4544500     9089.000000934173     45.144598447743135     206.60102643507815     0:47
4545000     9090.000000934377     44.47743576325905     243.8605795303008     0:47
4545500     9091.00000093458     60.31665358440904     357.70716677066184     0:47
4546000     9092.000000934784     44.74339041813897     249.31259989188766     0:47
4546500     9093.000000934988     72.21081139281529     220.46085946880416     0:47
4547000     9094.000000935192     51.56982116565456     183.1284369693383     0:47
4547500     9095.000000935395     51.55303358253383     245.4093800176443     0:47
4548000     9096.000000935599     44.9780447508777     250.85959088919512     0:47
4548500     9097.000000935803     43.0836982080919     233.65157401956304     0:47
4549000     9098.000000936006     47.70089952020999     370.2366704993028     0:47
4549500     9099.00000093621     65.21511330630966     413.7574981592716     0:47
4550000     9100.000000936414     54.9876198503531     276.3832776352478     0:47
4550500     9101.000000936618     52.423134918057826     164.33352073353606     0:47
4551000     9102.000000936821     59.92735220902739     192.21750663136518     0:47
4551500     9103.000000937025     52.14041209415183     371.25963682469086     0:47
4552000     9104.000000937229     46.54902569571851     241.1146580325087     0:47
4552500     9105.000000937433     40.352354089526614     283.8475377174194     0:47
4553000     9106.000000937636     41.91033041125121     343.0387036060956     0:46
4553500     9107.00000093784     62.04930974253426     292.37899847170723     0:46
4554000     9108.000000938044     40.72683522719586     243.76410872233015     0:46
4554500     9109.000000938247     61.813154158698524     317.17261767372247     0:46
4555000     9110.000000938451     65.13444220750137     446.9986333167408     0:46
4555500     9111.000000938655     61.68897358323585     374.9837785075909     0:46
4556000     9112.000000938859     50.31625465016822     323.6586494332396     0:46
4556500     9113.000000939062     71.89415006800573     229.357013090036     0:46
4557000     9114.000000939266     54.24678648082744     330.6957200004212     0:46
4557500     9115.00000093947     72.07249548634098     269.1611973318627     0:46
4558000     9116.000000939674     67.39513069860374     256.5205120970574     0:46
4558500     9117.000000939877     47.87414796589616     254.3197523303497     0:46
4559000     9118.000000940081     43.938319490356605     214.33087607991783     0:46
4559500     9119.000000940285     39.31691431331194     325.89140135869303     0:46
4560000     9120.000000940488     65.31536567081884     373.74089721512485     0:46
4560500     9121.000000940692     74.91571018766007     216.6066730593603     0:46
4561000     9122.000000940896     53.01905127317542     210.0684587498464     0:46
4561500     9123.0000009411     46.641656144611204     359.52715026985004     0:46
4562000     9124.000000941303     67.29593023968732     338.3527447068969     0:46
4562500     9125.000000941507     59.10893471514822     241.43463682498103     0:45
4563000     9126.00000094171     73.61862762957873     370.35203145905706     0:45
4563500     9127.000000941915     61.0717877827164     307.83274475859105     0:45
4564000     9128.000000942118     57.22446703363528     350.44597801802786     0:45
4564500     9129.000000942322     55.16752277486654     364.3766071072255     0:45
4565000     9130.000000942526     55.280619577104574     458.48587427213647     0:45
4565500     9131.00000094273     47.238080908147424     318.29388575505243     0:45
4566000     9132.000000942933     44.31862990838857     234.49844480660317     0:45
4566500     9133.000000943137     47.94476681167515     247.35862912173303     0:45
4567000     9134.00000094334     51.22944065748942     375.5198836579741     0:45
4567500     9135.000000943544     69.30116858545904     282.91888071264043     0:45
4568000     9136.000000943748     64.57151407328809     194.415505420564     0:45
4568500     9137.000000943952     40.86634877341936     292.793771350061     0:45
4569000     9138.000000944156     46.12712376845104     264.55296699360315     0:45
4569500     9139.00000094436     67.89859728762787     232.45101736602837     0:45
4570000     9140.000000944563     58.13935389306084     238.2654826215468     0:45
4570500     9141.000000944767     41.86007738786515     183.9826259294814     0:45
4571000     9142.00000094497     44.37491392572497     189.7646002624641     0:45
4571500     9143.000000945174     50.17688413959985     295.9405887148124     0:45
4572000     9144.000000945378     73.81608107036197     261.85242232016674     0:44
4572500     9145.000000945582     48.55107361944323     288.14138636943545     0:44
4573000     9146.000000945785     61.27218626024609     317.549911773671     0:44
4573500     9147.000000945989     63.52013456672978     227.11211514980647     0:44
4574000     9148.000000946193     42.60993070576387     210.38374053108137     0:44
4574500     9149.000000946397     40.733031725747594     286.97764925616076     0:44
4575000     9150.0000009466     31.803844835611983     248.82328437472137     0:44
4575500     9151.000000946804     49.0454057198167     202.29070656542507     0:44
4576000     9152.000000947008     49.44187543356355     266.7142202312463     0:44
4576500     9153.000000947211     41.70340832713748     190.36046794213178     0:44
4577000     9154.000000947415     59.893058038175184     302.41034196638833     0:44
4577500     9155.000000947619     52.89250779344525     410.0435963193086     0:44
4578000     9156.000000947823     71.59547528974093     284.4976574026691     0:44
4578500     9157.000000948026     42.398565706491354     390.0037388292593     0:44
4579000     9158.00000094823     56.10524769783501     321.88799167239733     0:44
4579500     9159.000000948434     35.471110423823234     302.87791085918474     0:44
4580000     9160.000000948638     40.91782616713709     173.04019284299005     0:44
4580500     9161.000000948841     46.030935674726834     329.613495479883     0:44
4581000     9162.000000949045     59.266439637555834     341.59485799711854     0:44
4581500     9163.000000949249     68.41733341610018     322.1975850179749     0:44
4582000     9164.000000949452     53.25435746610225     272.4315735805963     0:43
4582500     9165.000000949656     49.577173797378464     293.4185693639325     0:43
4583000     9166.00000094986     48.60529947083927     185.07402960251554     0:43
4583500     9167.000000950064     58.09720865729338     240.88506025692922     0:43
4584000     9168.000000950267     64.27189440569072     272.2722138270236     0:43
4584500     9169.000000950471     46.4463870596378     289.8725190495445     0:43
4585000     9170.000000950675     55.43230668151136     194.9196144160848     0:43
4585500     9171.000000950879     58.86554964389978     287.1233111454573     0:43
4586000     9172.000000951082     52.32649147434728     353.20152616677365     0:43
4586500     9173.000000951286     47.59999673200883     268.9380065663626     0:43
4587000     9174.00000095149     43.87904772987548     202.52212618267373     0:43
4587500     9175.000000951693     37.192833815215465     255.59570720337126     0:43
4588000     9176.000000951897     39.57834374419224     215.0321640281135     0:43
4588500     9177.0000009521     60.24367475196658     327.22809945645145     0:43
4589000     9178.000000952305     47.85535589363235     315.5531641494987     0:43
4589500     9179.000000952508     65.43552283840455     315.6800451626366     0:43
4590000     9180.000000952712     46.83439204549859     282.60344112112796     0:43
4590500     9181.000000952916     55.060452894828416     324.4528557628394     0:43
4591000     9182.00000095312     73.03027125291334     274.9712281815518     0:43
4591500     9183.000000953323     65.9302446423747     305.1910928899339     0:42
4592000     9184.000000953527     55.83524600312654     216.45962366994107     0:42
4592500     9185.00000095373     48.515877522276014     385.83828898812413     0:42
4593000     9186.000000953934     45.852531560660225     256.15840595271936     0:42
4593500     9187.000000954138     46.48712000123783     207.8060736580446     0:42
4594000     9188.000000954342     53.04878126094155     291.5538212212333     0:42
4594500     9189.000000954546     74.23789755230911     279.63934735059934     0:42
4595000     9190.00000095475     63.17752121535062     290.8169167818454     0:42
4595500     9191.000000954953     52.875554949030914     292.70008300175334     0:42
4596000     9192.000000955157     43.145077975527215     359.27786108477954     0:42
4596500     9193.00000095536     58.684233429571464     213.31543834133612     0:42
4597000     9194.000000955564     67.84550488989754     303.3644858153652     0:42
4597500     9195.000000955768     60.96787880793653     354.57131361158395     0:42
4598000     9196.000000955972     66.84314316880642     304.4024265342049     0:42
4598500     9197.000000956175     45.74782140199261     327.0261965853541     0:42
4599000     9198.00000095638     48.79093535068631     312.62025616982294     0:42
4599500     9199.000000956583     49.94385684078651     322.99463057631243     0:42
4600000     9200.000000956787     89.42289874179704     338.965861853965     0:42
4600500     9201.00000095699     64.40668219681078     375.6774946624832     0:42
4601000     9202.000000957194     64.60826507888646     250.50353447789337     0:41
4601500     9203.000000957398     54.68097755252438     235.28278794542004     0:41
4602000     9204.000000957602     39.790998056486444     346.3676577414013     0:41
4602500     9205.000000957805     51.043886250178275     222.78510924097523     0:41
4603000     9206.000000958009     69.56283143922201     305.15567804520737     0:41
4603500     9207.000000958213     74.20410853198507     302.66246170983436     0:41
4604000     9208.000000958416     64.82009187496516     231.8443097962419     0:41
4604500     9209.00000095862     52.44534523843788     319.1842643221654     0:41
4605000     9210.000000958824     43.170820574406605     218.54487035805576     0:41
4605500     9211.000000959028     59.51078176879605     306.71268965607317     0:41
4606000     9212.000000959231     69.95799014653306     376.2464994291457     0:41
4606500     9213.000000959435     56.211742756630656     371.3449394312901     0:41
4607000     9214.000000959639     48.177779005633056     246.4925989536352     0:41
4607500     9215.000000959843     38.83172008524508     276.3226814918209     0:41
4608000     9216.000000960046     56.06702644448683     265.3887353819919     0:41
4608500     9217.00000096025     40.44371587026495     241.72022683015746     0:41
4609000     9218.000000960454     61.736283087224194     254.38875792577687     0:41
4609500     9219.000000960657     41.67387730406011     391.7053782797579     0:41
4610000     9220.000000960861     43.41783330747734     229.106906372165     0:41
4610500     9221.000000961065     50.30300846561016     220.3977852971428     0:40
4611000     9222.000000961269     57.51865833231005     257.867180433086     0:40
4611500     9223.000000961472     53.14446737102662     280.8123091963181     0:40
4612000     9224.000000961676     44.12379782888735     238.66350811427782     0:40
4612500     9225.00000096188     37.78962635077511     230.91008244710588     0:40
4613000     9226.000000962084     38.78610390100101     231.31987864055245     0:40
4613500     9227.000000962287     35.83277826853379     268.57984131956283     0:40
4614000     9228.000000962491     58.70987036607124     240.27573365653942     0:40
4614500     9229.000000962695     41.63628840971859     388.7251789483709     0:40
4615000     9230.000000962898     56.06846951879385     367.51381943032646     0:40
4615500     9231.000000963102     46.29299045302912     317.85216364757486     0:40
4616000     9232.000000963306     43.58961624278294     308.84866551868515     0:40
4616500     9233.00000096351     38.93025378392991     249.98709903687705     0:40
4617000     9234.000000963713     53.78989588343262     276.74733441730405     0:40
4617500     9235.000000963917     78.70681717578663     310.154839873127     0:40
4618000     9236.00000096412     82.1602829633373     376.85855268887934     0:40
4618500     9237.000000964324     61.93966042842436     442.35801256433285     0:40
4619000     9238.000000964528     57.51794697667964     332.9499424549155     0:40
4619500     9239.000000964732     64.54338953705138     300.5892316107556     0:40
4620000     9240.000000964936     62.08179683205924     338.26615665857116     0:39
4620500     9241.00000096514     54.29153508567367     262.08273058105954     0:39
4621000     9242.000000965343     58.66233508122599     445.7583817111889     0:39
4621500     9243.000000965547     64.54424470018427     336.38956770752895     0:39
4622000     9244.00000096575     52.75845070017539     277.05517722162017     0:39
4622500     9245.000000965954     64.08079669193     204.13629659855815     0:39
4623000     9246.000000966158     41.05975436840055     269.4111891553265     0:39
4623500     9247.000000966362     44.70486982705603     249.9277243004354     0:39
4624000     9248.000000966565     49.293947031856305     275.18850677730234     0:39
4624500     9249.00000096677     51.46396374929958     318.2934281149352     0:39
4625000     9250.000000966973     43.411754083094195     347.01325193358196     0:39
4625500     9251.000000967177     56.283360517214476     223.39844721586874     0:39
4626000     9252.00000096738     40.88677452532414     376.3686646371887     0:39
4626500     9253.000000967584     54.48581299380652     330.1382162995337     0:39
4627000     9254.000000967788     52.225071262319716     361.03635825107483     0:39
4627500     9255.000000967992     59.71365468965922     253.95311035147733     0:39
4628000     9256.000000968195     57.93067712468138     368.2382301201371     0:39
4628500     9257.000000968399     33.28348228296096     243.704257067536     0:39
4629000     9258.000000968603     53.7237046217362     163.47544618574148     0:39
4629500     9259.000000968806     64.62620321152707     387.4414273703104     0:38
4630000     9260.00000096901     65.41173982224228     402.0904911476611     0:38
4630500     9261.000000969214     55.470510099239675     458.8821785042423     0:38
4631000     9262.000000969418     53.858939667202606     368.3335103275487     0:38
4631500     9263.000000969621     48.52212712219574     269.1737821928985     0:38
4632000     9264.000000969825     44.750639996382915     274.1681395261535     0:38
4632500     9265.000000970029     36.92422853894959     207.8889796118748     0:38
4633000     9266.000000970233     51.87240400963543     253.55964278090704     0:38
4633500     9267.000000970436     58.56154984017752     214.51079607138792     0:38
4634000     9268.00000097064     54.86993881980891     272.213961490751     0:38
4634500     9269.000000970844     56.92926634758322     354.62470952789494     0:38
4635000     9270.000000971047     61.67110897860533     309.9927010989735     0:38
4635500     9271.000000971251     55.05999762125026     378.71104403960635     0:38
4636000     9272.000000971455     65.33049152328482     501.3061153144831     0:38
4636500     9273.000000971659     67.06073876584594     213.67478089252523     0:38
4637000     9274.000000971862     61.116953863881804     236.20647450771034     0:38
4637500     9275.000000972066     61.17198151568965     290.7762937228541     0:38
4638000     9276.00000097227     65.04666422846196     323.29451733044004     0:38
4638500     9277.000000972474     50.7883790407451     352.70859559299515     0:38
4639000     9278.000000972677     58.540235191928275     310.68314305389043     0:37
4639500     9279.000000972881     65.85722008333619     347.7430980201028     0:37
4640000     9280.000000973085     65.61352821542215     420.88252010445086     0:37
4640500     9281.000000973288     51.77900536985743     325.18249715131464     0:37
4641000     9282.000000973492     50.330048124083476     151.80670935818338     0:37
4641500     9283.000000973696     45.19306848214757     220.74712508409445     0:37
4642000     9284.0000009739     52.96115059992292     172.91859096629375     0:37
4642500     9285.000000974103     44.72164079913131     255.59017066858257     0:37
4643000     9286.000000974307     57.383172922296694     289.6610103617923     0:37
4643500     9287.00000097451     56.64161819158289     354.66551685346127     0:37
4644000     9288.000000974715     66.0290242812273     331.8112617677521     0:37
4644500     9289.000000974918     58.89534948639783     336.77007880243815     0:37
4645000     9290.000000975122     52.74222809972963     311.64947689914493     0:37
4645500     9291.000000975326     55.2653287079699     350.51497364132774     0:37
4646000     9292.00000097553     66.69460414381814     329.975667644911     0:37
4646500     9293.000000975733     76.05737700850455     245.7100621806178     0:37
4647000     9294.000000975937     60.28138847796373     357.0443403549293     0:37
4647500     9295.00000097614     68.5685615773329     328.4376610802359     0:37
4648000     9296.000000976344     79.7880809649659     365.99856389576547     0:37
4648500     9297.000000976548     52.32628990667121     325.06299553662984     0:36
4649000     9298.000000976752     58.968123194262546     287.12203277564623     0:36
4649500     9299.000000976956     46.74266691071824     428.2860487080466     0:36
4650000     9300.00000097716     58.02787844441099     362.7807409397738     0:36
4650500     9301.000000977363     82.07820015871397     232.71962188968908     0:36
4651000     9302.000000977567     44.77612442389659     433.43605245801257     0:36
4651500     9303.00000097777     72.39398933685561     358.4697630913577     0:36
4652000     9304.000000977974     65.38425159655043     255.65833114589526     0:36
4652500     9305.000000978178     43.09604123208197     330.3494404637837     0:36
4653000     9306.000000978382     49.080328368525045     267.3311926378628     0:36
4653500     9307.000000978585     55.33957299657129     427.41755428015244     0:36
4654000     9308.00000097879     45.66172220484361     377.302690339859     0:36
4654500     9309.000000978993     43.47593881763885     326.2627124728622     0:36
4655000     9310.000000979197     53.713093802350386     448.364105779061     0:36
4655500     9311.0000009794     76.42660585226798     323.51710804875836     0:36
4656000     9312.000000979604     58.797506877252374     296.90336141470056     0:36
4656500     9313.000000979808     51.42492477355728     306.93376867980857     0:36
4657000     9314.000000980011     44.612468429693706     285.2944727362525     0:36
4657500     9315.000000980215     55.59290761856931     229.694243481171     0:36
4658000     9316.000000980419     42.34999228761245     241.13245252177612     0:35
4658500     9317.000000980623     48.497104111828776     304.3900495196702     0:35
4659000     9318.000000980826     50.68856082396667     288.758373307385     0:35
4659500     9319.00000098103     59.72935352648659     286.8307836881053     0:35
4660000     9320.000000981234     58.73174050898399     244.79981234243832     0:35
4660500     9321.000000981438     58.66404356921248     296.9020597220998     0:35
4661000     9322.000000981641     61.73634483073812     313.462386642253     0:35
4661500     9323.000000981845     52.86467490792512     384.320569908224     0:35
4662000     9324.000000982049     50.933041958392494     318.50428977086193     0:35
4662500     9325.000000982252     44.612031599090756     454.7658862254913     0:35
4663000     9326.000000982456     37.44902215141178     224.14404846436906     0:35
4663500     9327.00000098266     53.281130479277294     162.9581638162487     0:35
4664000     9328.000000982864     49.44907707434896     184.90606744505777     0:35
4664500     9329.000000983067     54.878677407184966     285.5403359173545     0:35
4665000     9330.000000983271     40.94445987591058     334.0884586473881     0:35
4665500     9331.000000983475     37.09625380796882     304.85379144058     0:35
4666000     9332.000000983679     44.50369373236316     321.4882980916109     0:35
4666500     9333.000000983882     65.33844271464517     345.0453433384038     0:35
4667000     9334.000000984086     62.6362513639819     336.028114552863     0:35
4667500     9335.00000098429     45.40306528237596     323.99506965411615     0:34
4668000     9336.000000984493     32.22669928542268     411.83753099921006     0:34
4668500     9337.000000984697     52.1613487889868     223.44867073630232     0:34
4669000     9338.0000009849     38.905122144855966     235.80442395680362     0:34
4669500     9339.000000985105     48.55032141527715     324.77398689002706     0:34
4670000     9340.000000985308     38.65104317296135     304.9646403245295     0:34
4670500     9341.000000985512     58.502461509742375     255.62085551594555     0:34
4671000     9342.000000985716     47.12364210889183     419.05261000942954     0:34
4671500     9343.00000098592     46.79655336315312     218.5177310106572     0:34
4672000     9344.000000986123     50.39427291935874     280.8556527723269     0:34
4672500     9345.000000986327     44.5127492083617     348.88915326194166     0:34
4673000     9346.00000098653     54.80043296241121     344.2358093586445     0:34
4673500     9347.000000986734     38.34186346666496     319.2844722015085     0:34
4674000     9348.000000986938     40.391775964254805     233.67785577611951     0:34
4674500     9349.000000987142     73.14754267102825     364.4776183755382     0:34
4675000     9350.000000987346     49.20273621328016     346.7742130540084     0:34
4675500     9351.00000098755     61.3815883233263     336.320292483216     0:34
4676000     9352.000000987753     58.10868060842773     394.54677683608736     0:34
4676500     9353.000000987957     41.051738874214436     281.5978238512099     0:34
4677000     9354.00000098816     42.821809510318644     317.9465347021307     0:33
4677500     9355.000000988364     64.33347244639168     351.40496199370904     0:33
4678000     9356.000000988568     35.66036761206527     337.72747587783283     0:33
4678500     9357.000000988772     58.48582131896961     263.0609757600604     0:33
4679000     9358.000000988975     46.08368722791687     379.4274602196336     0:33
4679500     9359.00000098918     40.01764179568414     423.6428753816654     0:33
4680000     9360.000000989383     50.778709207612735     311.222803052729     0:33
4680500     9361.000000989587     56.56736330158549     262.4956046985542     0:33
4681000     9362.00000098979     67.1339176726101     233.40412542158145     0:33
4681500     9363.000000989994     43.97190120454178     183.60975991423226     0:33
4682000     9364.000000990198     49.56593622924794     314.2281193090107     0:33
4682500     9365.000000990402     43.794902141618536     365.2412629866043     0:33
4683000     9366.000000990605     76.52217543837037     240.72478333404868     0:33
4683500     9367.000000990809     47.94106870327619     263.0808200633946     0:33
4684000     9368.000000991013     29.59563701340079     346.0583401036505     0:33
4684500     9369.000000991216     57.033607571404445     405.8048514027458     0:33
4685000     9370.00000099142     51.949305070919195     425.20427216136017     0:33
4685500     9371.000000991624     52.17850009229818     374.5090663020665     0:33
4686000     9372.000000991828     55.83756737819107     452.69564032941673     0:33
4686500     9373.000000992031     66.40875365946596     255.69254294155397     0:32
4687000     9374.000000992235     46.356152195587526     350.8019563294689     0:32
4687500     9375.000000992439     38.22532910785674     223.78146821106964     0:32
4688000     9376.000000992643     40.6652253425695     192.62775028694116     0:32
4688500     9377.000000992846     35.994295649999856     241.3455365029125     0:32
4689000     9378.00000099305     29.316909051896403     177.27476227786067     0:32
4689500     9379.000000993254     50.53175382964906     264.6897594657688     0:32
4690000     9380.000000993457     60.272399963744306     284.2096325757554     0:32
4690500     9381.000000993661     50.6536594828778     207.42292280116354     0:32
4691000     9382.000000993865     53.52539536078962     185.68385180613035     0:32
4691500     9383.000000994069     48.751576940372274     384.72806665746526     0:32
4692000     9384.000000994272     48.512264822920315     387.7492414419427     0:32
4692500     9385.000000994476     58.781659717028674     462.52353566681916     0:32
4693000     9386.00000099468     45.75014321127918     383.99693324014453     0:32
4693500     9387.000000994884     46.00062911470803     321.47316696562217     0:32
4694000     9388.000000995087     49.423723841423964     309.54981977861627     0:32
4694500     9389.000000995291     56.56229604881861     297.82417786917034     0:32
4695000     9390.000000995495     77.12952970854991     276.960747581573     0:32
4695500     9391.000000995698     48.7984313700386     326.86256474094284     0:32
4696000     9392.000000995902     35.42065598316566     189.700511367812     0:31
4696500     9393.000000996106     43.97428734266515     229.02975041840685     0:31
4697000     9394.00000099631     44.80088073862686     343.8337746953286     0:31
4697500     9395.000000996513     79.69498538059548     274.4613692343967     0:31
4698000     9396.000000996717     53.904050022584954     284.1037889852751     0:31
4698500     9397.00000099692     55.25248870999957     237.90890618227093     0:31
4699000     9398.000000997125     52.155946355600406     180.2961958169429     0:31
4699500     9399.000000997328     55.11559004589907     216.77155578514413     0:31
4700000     9400.000000997532     50.35164706043787     258.31024654356247     0:31
4700500     9401.000000997736     48.05779305230658     215.93296708296958     0:31
4701000     9402.00000099794     43.397101164500214     315.2305367491054     0:31
4701500     9403.000000998143     48.49694263737024     195.51210007328558     0:31
4702000     9404.000000998347     76.38872913811986     294.6734624500945     0:31
4702500     9405.00000099855     51.424249175576335     384.7222884181692     0:31
4703000     9406.000000998754     47.168761436787406     150.00837939806704     0:31
4703500     9407.000000998958     50.31463669887091     114.02490432891406     0:31
4704000     9408.000000999162     57.005769724121535     180.3800497949449     0:31
4704500     9409.000000999366     31.268995433939892     342.4659360476011     0:31
4705000     9410.00000099957     52.06581592730822     248.64994087711253     0:31
4705500     9411.000000999773     80.40117750970154     219.4748565923117     0:30
4706000     9412.000000999977     54.91958246829     344.0550032464816     0:30
4706500     9413.00000100018     61.151744261286694     250.28581383898972     0:30
4707000     9414.000001000384     68.21010860323895     276.7522630579912     0:30
4707500     9415.000001000588     62.622988341011876     292.0886975052136     0:30
4708000     9416.000001000792     70.47255036179757     355.52723943793944     0:30
4708500     9417.000001000995     37.65324296034834     419.8146596129362     0:30
4709000     9418.000001001199     57.88845104540525     304.78822606560885     0:30
4709500     9419.000001001403     49.362315884233226     318.41613146668084     0:30
4710000     9420.000001001607     53.997607900710875     317.6921550699789     0:30
4710500     9421.00000100181     61.8119772826073     307.13810407184883     0:30
4711000     9422.000001002014     48.237954491682444     346.9984363191633     0:30
4711500     9423.000001002218     60.9307113504189     334.34944817124835     0:30
4712000     9424.000001002421     60.69037031166857     206.44955201253947     0:30
4712500     9425.000001002625     38.199700712298636     216.91260632541193     0:30
4713000     9426.000001002829     46.597501651003654     218.6234707989813     0:30
4713500     9427.000001003033     67.78669690227912     227.29638635522383     0:30
4714000     9428.000001003236     39.39634667352556     252.45369208092782     0:30
4714500     9429.00000100344     48.43389794322235     382.15039009687314     0:30
4715000     9430.000001003644     75.55376583024395     273.4820024302312     0:29
4715500     9431.000001003848     42.06966309373729     316.1317859461614     0:29
4716000     9432.000001004051     46.97109701498897     252.95418364638545     0:29
4716500     9433.000001004255     47.78246401841119     275.7343371676796     0:29
4717000     9434.000001004459     72.45042949088514     264.335960061125     0:29
4717500     9435.000001004662     62.73900702200689     268.42766493675964     0:29
4718000     9436.000001004866     38.13648489780479     313.4442750792972     0:29
4718500     9437.00000100507     65.70739597231221     374.7272290809988     0:29
4719000     9438.000001005274     50.92681613267678     405.76064846791604     0:29
4719500     9439.000001005477     75.56768128968804     237.0841276473586     0:29
4720000     9440.000001005681     43.71485479716773     277.89391414339235     0:29
4720500     9441.000001005885     46.06975347850488     331.844858984896     0:29
4721000     9442.000001006088     64.49746243558786     301.2209430516652     0:29
4721500     9443.000001006292     62.90342910802565     321.50395818234347     0:29
4722000     9444.000001006496     48.42427769604927     366.41057494894926     0:29
4722500     9445.0000010067     45.77938276110848     229.76740636990516     0:29
4723000     9446.000001006903     49.256141850860956     242.79075050330923     0:29
4723500     9447.000001007107     48.82702239397446     214.09958283682943     0:29
4724000     9448.00000100731     60.986310559614196     231.3633532831311     0:29
4724500     9449.000001007515     62.3918421980793     341.52238854360013     0:28
4725000     9450.000001007718     65.854390258634     341.03072069423075     0:28
4725500     9451.000001007922     53.79301699164472     447.02403350575554     0:28
4726000     9452.000001008126     42.46086372288789     305.58060977853506     0:28
4726500     9453.00000100833     47.61460247357502     367.3082782767029     0:28
4727000     9454.000001008533     49.574733993235725     276.6634592235557     0:28
4727500     9455.000001008737     70.16586738060948     276.92247490800247     0:28
4728000     9456.00000100894     59.58839564970219     343.22443370891904     0:28
4728500     9457.000001009144     49.42007163538216     265.16193246614637     0:28
4729000     9458.000001009348     40.331279458386064     241.52523794313268     0:28
4729500     9459.000001009552     44.87192904769398     226.4291299484725     0:28
4730000     9460.000001009756     61.77253291671764     290.1230436401178     0:28
4730500     9461.00000100996     52.99564778451435     261.7059693450959     0:28
4731000     9462.000001010163     38.98065567057836     257.0201803171812     0:28
4731500     9463.000001010367     52.71134225554124     241.71900542317218     0:28
4732000     9464.00000101057     39.690328422113055     302.987317847388     0:28
4732500     9465.000001010774     46.56221265422482     256.368844940604     0:28
4733000     9466.000001010978     67.6822818683583     294.0889870449547     0:28
4733500     9467.000001011182     57.05582098455778     343.8376871598917     0:28
4734000     9468.000001011385     43.86453224993494     256.12153501997796     0:27
4734500     9469.00000101159     43.73336762471888     237.02130104117555     0:27
4735000     9470.000001011793     39.9866515712086     232.82941483009958     0:27
4735500     9471.000001011997     42.56061472264122     272.4034492994399     0:27
4736000     9472.0000010122     71.98846696592898     281.39688041138083     0:27
4736500     9473.000001012404     43.36527850730158     389.681818456933     0:27
4737000     9474.000001012608     56.1145541516039     313.5004945789439     0:27
4737500     9475.000001012811     47.37873828040034     279.6114511629348     0:27
4738000     9476.000001013015     58.942864836378305     144.53792429667612     0:27
4738500     9477.000001013219     48.07809100207584     305.3781319268056     0:27
4739000     9478.000001013423     54.20014679204081     256.2370813874332     0:27
4739500     9479.000001013626     58.86240078435941     154.04352193146923     0:27
4740000     9480.00000101383     48.93083604484974     370.3649967019558     0:27
4740500     9481.000001014034     46.22842660873357     325.4698304320859     0:27
4741000     9482.000001014238     31.96642137004079     297.58809601900816     0:27
4741500     9483.000001014441     38.2332163002464     244.45522379281545     0:27
4742000     9484.000001014645     45.39197306051864     269.28143229449154     0:27
4742500     9485.000001014849     38.33609669408804     388.7364982756066     0:27
4743000     9486.000001015052     47.9431145502553     276.8189103270404     0:27
4743500     9487.000001015256     63.45236039886595     308.3120825538506     0:26
4744000     9488.00000101546     49.32023926305766     364.2483205751118     0:26
4744500     9489.000001015664     64.90842778628297     233.5649153489584     0:26
4745000     9490.000001015867     62.443994780411344     269.3936366611931     0:26
4745500     9491.000001016071     54.63896813680111     343.1248812895745     0:26
4746000     9492.000001016275     51.62061746240266     462.50174951722323     0:26
4746500     9493.000001016479     74.70169166229698     331.3821945138982     0:26
4747000     9494.000001016682     50.849961516138194     218.54173362449163     0:26
4747500     9495.000001016886     45.822514382396946     292.5946315877347     0:26
4748000     9496.00000101709     35.25565669192139     235.29621208781828     0:26
4748500     9497.000001017293     43.023930635669785     255.07790504203865     0:26
4749000     9498.000001017497     53.627941384124085     377.7274506518939     0:26
4749500     9499.000001017701     58.64148407800059     325.0408112285068     0:26
4750000     9500.000001017905     60.71844798682997     410.121529263448     0:26
4750500     9501.000001018108     71.16494295722299     287.6538258982438     0:26
4751000     9502.000001018312     79.54013878669446     388.5941301551472     0:26
4751500     9503.000001018516     55.95899190880135     342.0724858661927     0:26
4752000     9504.00000101872     47.840822042652974     366.86009728228663     0:26
4752500     9505.000001018923     62.870359660449935     524.063991381809     0:26
4753000     9506.000001019127     87.42325330922387     379.2562782578241     0:25
4753500     9507.00000101933     46.43890706622091     393.8548483500126     0:25
4754000     9508.000001019534     41.29820928399437     335.07490424516254     0:25
4754500     9509.000001019738     60.298969461451065     244.36924894252783     0:25
4755000     9510.000001019942     47.98463155637768     288.83164421236194     0:25
4755500     9511.000001020146     43.34793241136805     233.43973314553605     0:25
4756000     9512.00000102035     37.50260856345858     243.74886641953375     0:25
4756500     9513.000001020553     39.29980190365177     304.8144448530552     0:25
4757000     9514.000001020757     49.968885723408164     201.37932034066841     0:25
4757500     9515.00000102096     52.03306975120557     282.65594767141516     0:25
4758000     9516.000001021164     46.238288844968054     344.55223465891925     0:25
4758500     9517.000001021368     50.47892213663084     265.2214454440036     0:25
4759000     9518.000001021572     45.37759989772496     207.7562720669772     0:25
4759500     9519.000001021775     44.93017988631635     210.9568451196284     0:25
4760000     9520.00000102198     51.482426560501096     377.161668741163     0:25
4760500     9521.000001022183     61.157681909443625     200.16806576813937     0:25
4761000     9522.000001022387     46.071575039271806     250.76647023163412     0:25
4761500     9523.00000102259     45.95692314432898     269.99665792239733     0:25
4762000     9524.000001022794     45.3306213716545     220.00738558161768     0:25
4762500     9525.000001022998     46.680719888117494     247.23575308931228     0:24
4763000     9526.000001023202     58.46959115740208     212.69610822592327     0:24
4763500     9527.000001023405     43.36353244084944     311.31515173473247     0:24
4764000     9528.000001023609     54.46065687200513     528.8243301688896     0:24
4764500     9529.000001023813     74.45690394768178     395.624206404203     0:24
4765000     9530.000001024016     40.34307979664618     419.1264775709438     0:24
4765500     9531.00000102422     53.722343725733424     445.86854897874025     0:24
4766000     9532.000001024424     38.75512711448039     346.9161594751811     0:24
4766500     9533.000001024628     37.44518311476992     250.10957453731965     0:24
4767000     9534.000001024831     37.26236201457908     256.3606103247598     0:24
4767500     9535.000001025035     47.13974404032075     325.6791910981785     0:24
4768000     9536.000001025239     58.760526950497194     337.381726250476     0:24
4768500     9537.000001025443     63.25280151456798     265.4440429436107     0:24
4769000     9538.000001025646     48.49570231137665     347.0776456956026     0:24
4769500     9539.00000102585     67.92656570529982     221.6453981369813     0:24
4770000     9540.000001026054     54.90337042859028     353.7765426670362     0:24
4770500     9541.000001026257     61.42279964344533     337.91980039649496     0:24
4771000     9542.000001026461     42.77204838988655     168.6543598352241     0:24
4771500     9543.000001026665     52.147686682917254     385.1188486923644     0:24
4772000     9544.000001026869     50.917165171247916     303.27835618216113     0:23
4772500     9545.000001027072     52.691606499259024     319.3384559102437     0:23
4773000     9546.000001027276     48.46631476510214     189.75111625097347     0:23
4773500     9547.00000102748     45.65228637588683     261.28056447156234     0:23
4774000     9548.000001027684     54.80332391714779     390.32864761867654     0:23
4774500     9549.000001027887     35.99250389351357     434.652568196568     0:23
4775000     9550.000001028091     53.90309151543448     411.1287734129827     0:23
4775500     9551.000001028295     41.76809047701096     237.3131153975743     0:23
4776000     9552.000001028498     57.97854231725404     199.13312644771477     0:23
4776500     9553.000001028702     43.49511357276168     323.183162223283     0:23
4777000     9554.000001028906     36.91777842841503     361.5589852025007     0:23
4777500     9555.00000102911     36.5730404973969     248.39443295960183     0:23
4778000     9556.000001029313     36.47944072261413     160.55220975883867     0:23
4778500     9557.000001029517     45.448343231981426     340.6952427818683     0:23
4779000     9558.00000102972     56.46617371393239     191.23905866761083     0:23
4779500     9559.000001029925     45.77701593779108     229.97139843498198     0:23
4780000     9560.000001030128     52.84323658240004     253.66075528417375     0:23
4780500     9561.000001030332     50.5312324717558     459.9439258576707     0:23
4781000     9562.000001030536     50.365262630244445     305.3394675369323     0:23
4781500     9563.00000103074     60.11935690646368     211.54649111215147     0:22
4782000     9564.000001030943     51.30105105222253     386.53291625760204     0:22
4782500     9565.000001031147     62.174351217797835     300.1099932824711     0:22
4783000     9566.00000103135     91.60671199674289     251.6524309344187     0:22
4783500     9567.000001031554     62.205849686292424     308.2467716951788     0:22
4784000     9568.000001031758     41.698084511958996     259.7074971907485     0:22
4784500     9569.000001031962     65.02372932933952     332.0609371956565     0:22
4785000     9570.000001032166     66.1680667075953     407.8596518479871     0:22
4785500     9571.00000103237     61.72310960836461     335.04490585797555     0:22
4786000     9572.000001032573     61.428660428347484     317.5844926167528     0:22
4786500     9573.000001032777     64.22870288343859     273.2691530816867     0:22
4787000     9574.00000103298     55.14290539590411     305.52546317564935     0:22
4787500     9575.000001033184     69.55552634620773     274.3647700420981     0:22
4788000     9576.000001033388     49.09133365129736     285.3564295997661     0:22
4788500     9577.000001033592     49.571697076461476     198.89720337658568     0:22
4789000     9578.000001033795     58.45580462247028     274.39370698805845     0:22
4789500     9579.000001033999     51.87661734172127     240.64785000031367     0:22
4790000     9580.000001034203     47.818212880595354     288.98047726237263     0:22
4790500     9581.000001034407     70.77760404021996     215.38177782756972     0:22
4791000     9582.00000103461     60.712537024012136     220.31896894482622     0:21
4791500     9583.000001034814     72.37821038107319     352.3900575337624     0:21
4792000     9584.000001035018     77.83286616203048     386.07539084099466     0:21
4792500     9585.000001035221     62.29282689779063     253.3972921399168     0:21
4793000     9586.000001035425     49.85407774823352     301.5081977663622     0:21
4793500     9587.000001035629     58.44786299271499     242.06421961934188     0:21
4794000     9588.000001035833     68.82206934590101     219.22234358255403     0:21
4794500     9589.000001036036     35.15473579939567     382.2075765114247     0:21
4795000     9590.00000103624     53.900197147401116     243.57172007205125     0:21
4795500     9591.000001036444     34.90534879956755     331.67241613931304     0:21
4796000     9592.000001036648     47.96055791730208     325.3950947202942     0:21
4796500     9593.000001036851     60.340853704340645     249.99640366743435     0:21
4797000     9594.000001037055     45.45546905945832     260.73204568768506     0:21
4797500     9595.000001037259     55.527594575225066     199.37353631012903     0:21
4798000     9596.000001037462     50.04698563041103     319.59698479503135     0:21
4798500     9597.000001037666     64.65580167997035     194.33927482209796     0:21
4799000     9598.00000103787     52.611826581833554     307.5651424609746     0:21
4799500     9599.000001038074     42.904367236706264     275.7242376974203     0:21
4800000     9600.000001038277     50.31651949810697     387.1019488275486     0:21
4800500     9601.000001038481     59.628904878726416     352.54039599355445     0:20
4801000     9602.000001038685     67.31087304316867     296.4539630578534     0:20
4801500     9603.000001038889     55.3245534018684     301.9250237767704     0:20
4802000     9604.000001039092     61.01811124825474     326.576781275285     0:20
4802500     9605.000001039296     60.48476914985838     267.66215983067826     0:20
4803000     9606.0000010395     37.12703040996416     355.4391801405746     0:20
4803500     9607.000001039703     42.82840329184995     441.01818754166015     0:20
4804000     9608.000001039907     68.72032429629616     280.3656591262823     0:20
4804500     9609.00000104011     77.16148476742023     280.815825682054     0:20
4805000     9610.000001040315     41.138997477724445     237.3050547702252     0:20
4805500     9611.000001040518     41.3315885790073     341.9100504106549     0:20
4806000     9612.000001040722     51.0351954860879     336.4301218488348     0:20
4806500     9613.000001040926     46.78621133614553     345.30811120680943     0:20
4807000     9614.00000104113     68.4806581994074     229.33334687656293     0:20
4807500     9615.000001041333     47.8897708134391     495.9709890167308     0:20
4808000     9616.000001041537     75.6005522498345     306.27598599292133     0:20
4808500     9617.00000104174     49.7488460099197     359.4900730890541     0:20
4809000     9618.000001041944     58.498861489206774     233.77163576870132     0:20
4809500     9619.000001042148     38.37472523018789     372.7229455559158     0:20
4810000     9620.000001042352     49.008252322299825     337.900848631859     0:19
4810500     9621.000001042556     51.469682448788205     260.36225387282985     0:19
4811000     9622.00000104276     43.128105137670616     201.65040565351686     0:19
4811500     9623.000001042963     48.169354357934935     436.30518493545355     0:19
4812000     9624.000001043167     44.20295208365923     459.9060418412545     0:19
4812500     9625.00000104337     70.4787786454217     355.50384689790656     0:19
4813000     9626.000001043574     74.7416793542165     322.7329561422852     0:19
4813500     9627.000001043778     65.54341857205367     277.13969247215397     0:19
4814000     9628.000001043982     44.68236329638478     366.51528366653287     0:19
4814500     9629.000001044185     38.83666859924557     237.62662232178374     0:19
4815000     9630.00000104439     80.30955752791806     220.1322707161536     0:19
4815500     9631.000001044593     69.0812959361686     223.10901812936146     0:19
4816000     9632.000001044797     59.03007558413913     374.795715060173     0:19
4816500     9633.000001045     48.083415446727884     323.39284267557946     0:19
4817000     9634.000001045204     65.69878597567578     394.4188024854466     0:19
4817500     9635.000001045408     42.448841020505256     321.11183330695206     0:19
4818000     9636.000001045611     69.99383181475957     241.38099239865505     0:19
4818500     9637.000001045815     54.39510459557857     267.7478050861121     0:19
4819000     9638.000001046019     53.0413591590563     315.1209566745607     0:19
4819500     9639.000001046223     64.78388053085843     269.0174851599666     0:18
4820000     9640.000001046426     47.60097505628852     275.59277340494543     0:18
4820500     9641.00000104663     53.732703646311734     249.43760210053065     0:18
4821000     9642.000001046834     54.72333416330423     285.286475853018     0:18
4821500     9643.000001047038     42.54750553645363     348.41474657769584     0:18
4822000     9644.000001047241     52.88862878530131     366.49830622568817     0:18
4822500     9645.000001047445     70.66892184300713     312.352931372231     0:18
4823000     9646.000001047649     47.66461247859252     419.31434581412026     0:18
4823500     9647.000001047852     66.57230907985672     404.51174236365006     0:18
4824000     9648.000001048056     68.86870274991526     311.4201999754004     0:18
4824500     9649.00000104826     83.39976197896641     252.96044500406938     0:18
4825000     9650.000001048464     57.28586996198834     289.2157463871837     0:18
4825500     9651.000001048667     51.59209491176267     221.33316958258288     0:18
4826000     9652.000001048871     48.39092178296795     234.3848319662215     0:18
4826500     9653.000001049075     66.98253532735367     312.21147485073516     0:18
4827000     9654.000001049279     71.93886307263642     339.7446859924685     0:18
4827500     9655.000001049482     63.852944550157076     353.69787170070737     0:18
4828000     9656.000001049686     47.30470118399995     269.78504347681377     0:18
4828500     9657.00000104989     41.211024229076145     256.7006982541122     0:18
4829000     9658.000001050093     44.36102030281921     296.9004171486434     0:17
4829500     9659.000001050297     55.159039064299975     274.84898770120327     0:17
4830000     9660.000001050501     50.8991323209612     286.02829614551985     0:17
4830500     9661.000001050705     34.916638563626975     406.7936553390076     0:17
4831000     9662.000001050908     42.919392250701605     383.61958149924135     0:17
4831500     9663.000001051112     41.988653643904286     271.3402081249683     0:17
4832000     9664.000001051316     50.548441154389536     337.6825274613959     0:17
4832500     9665.00000105152     49.571426891605256     210.2097625954691     0:17
4833000     9666.000001051723     48.97243205861639     284.8517866201367     0:17
4833500     9667.000001051927     62.2840495708686     336.3293455521784     0:17
4834000     9668.00000105213     50.529641655477235     347.4295614519738     0:17
4834500     9669.000001052334     55.476921822617555     310.5699747754262     0:17
4835000     9670.000001052538     44.262445883048485     407.3913873887127     0:17
4835500     9671.000001052742     54.28833540546117     252.9357613066523     0:17
4836000     9672.000001052946     49.256324773410256     440.7768504590993     0:17
4836500     9673.00000105315     50.687052302647714     373.9555182238015     0:17
4837000     9674.000001053353     63.010905493785     311.8891315197399     0:17
4837500     9675.000001053557     42.88399632019832     313.7720656742581     0:17
4838000     9676.00000105376     54.36861305853495     211.9872874768347     0:17
4838500     9677.000001053964     41.11195020941483     352.18539581641835     0:16
4839000     9678.000001054168     37.74402144552988     280.86016087623386     0:16
4839500     9679.000001054372     64.16970216303326     234.26605987289634     0:16
4840000     9680.000001054575     47.983677166385235     254.06855060387258     0:16
4840500     9681.00000105478     78.86566027408543     348.4780345294861     0:16
4841000     9682.000001054983     62.138127475991325     270.97906361581744     0:16
4841500     9683.000001055187     52.89917962911244     304.55050968266124     0:16
4842000     9684.00000105539     66.6432541541954     214.1264876485117     0:16
4842500     9685.000001055594     41.76569392921323     215.8588755936122     0:16
4843000     9686.000001055798     61.094303705190384     224.56432678045869     0:16
4843500     9687.000001056002     37.027642302238235     395.21854040918186     0:16
4844000     9688.000001056205     47.4910002179285     323.38998315141316     0:16
4844500     9689.000001056409     47.382983523990674     237.990402572571     0:16
4845000     9690.000001056613     48.162646872773905     417.5594807060969     0:16
4845500     9691.000001056816     57.069602064497246     391.2297485658613     0:16
4846000     9692.00000105702     76.84334775371013     280.07897287733647     0:16
4846500     9693.000001057224     67.90902740448394     230.23662878309565     0:16
4847000     9694.000001057428     55.11962024618066     289.3807724403497     0:16
4847500     9695.000001057631     49.35451411578248     195.5832243612984     0:16
4848000     9696.000001057835     46.33260785183069     344.8397556360765     0:15
4848500     9697.000001058039     44.678285539547346     251.43291882433206     0:15
4849000     9698.000001058243     42.95343491002899     295.5036293728545     0:15
4849500     9699.000001058446     64.36463073263741     221.32071492229167     0:15
4850000     9700.00000105865     51.6009397199677     267.89582686390503     0:15
4850500     9701.000001058854     47.22077644712772     194.6046547339576     0:15
4851000     9702.000001059057     65.7655456518458     292.7282714629643     0:15
4851500     9703.000001059261     64.02018334883036     280.9662138390053     0:15
4852000     9704.000001059465     57.91368105310795     363.5839584396589     0:15
4852500     9705.000001059669     77.0188614874831     329.359001655672     0:15
4853000     9706.000001059872     58.452883988730605     372.2740405136088     0:15
4853500     9707.000001060076     62.28179003478539     421.9545545760867     0:15
4854000     9708.00000106028     76.57669199148137     199.56463506240593     0:15
4854500     9709.000001060484     65.84680786866198     242.63345533732522     0:15
4855000     9710.000001060687     37.52888367512713     352.2146534931193     0:15
4855500     9711.000001060891     56.68665466890417     293.74400176571925     0:15
4856000     9712.000001061095     82.9080512673035     211.2364032168706     0:15
4856500     9713.000001061298     50.6683151090013     289.26435330891877     0:15
4857000     9714.000001061502     61.04901072817387     242.47647620361738     0:15
4857500     9715.000001061706     75.57011645857517     236.10747532043604     0:14
4858000     9716.00000106191     47.721353969371535     304.4416774086823     0:14
4858500     9717.000001062113     46.17071692312362     290.35835654056984     0:14
4859000     9718.000001062317     38.7144911533332     325.37123756510414     0:14
4859500     9719.00000106252     46.34050375080608     281.03373459859694     0:14
4860000     9720.000001062725     70.97083524970924     251.77386090544434     0:14
4860500     9721.000001062928     48.82995563592584     363.73084473908295     0:14
4861000     9722.000001063132     56.941975580985115     260.5711121422992     0:14
4861500     9723.000001063336     58.456123285865374     249.0415487518909     0:14
4862000     9724.00000106354     47.07757038757774     173.90222484798784     0:14
4862500     9725.000001063743     46.14014914736532     388.6567090505386     0:14
4863000     9726.000001063947     43.41651958246382     295.78659342082545     0:14
4863500     9727.00000106415     52.12256721942293     360.8500702419358     0:14
4864000     9728.000001064354     40.44742362895863     287.08411684630346     0:14
4864500     9729.000001064558     48.73129990876765     294.3510292670229     0:14
4865000     9730.000001064762     40.91190997922274     256.66394454079114     0:14
4865500     9731.000001064966     57.29879609452968     294.31998099101895     0:14
4866000     9732.00000106517     35.191058003796684     319.26238331580623     0:14
4866500     9733.000001065373     70.4052228620589     289.2804240914532     0:14
4867000     9734.000001065577     72.4850999338318     230.86531964423048     0:13
4867500     9735.00000106578     68.02751247818327     179.47729673206163     0:13
4868000     9736.000001065984     51.52415886754659     418.85394144979807     0:13
4868500     9737.000001066188     50.87849960220137     335.19055781147307     0:13
4869000     9738.000001066392     66.47437645589008     401.9115372960914     0:13
4869500     9739.000001066595     66.21083383750675     305.7239349325928     0:13
4870000     9740.000001066799     72.03969183824296     191.8247602992947     0:13
4870500     9741.000001067003     74.7045438161374     237.59447261916824     0:13
4871000     9742.000001067207     47.12235649868677     287.52990709735946     0:13
4871500     9743.00000106741     39.53741180669931     346.35899164183945     0:13
4872000     9744.000001067614     58.745920233071956     444.88151103539064     0:13
4872500     9745.000001067818     53.334090266071996     379.7007324496766     0:13
4873000     9746.000001068021     51.492032375367046     280.4612555778853     0:13
4873500     9747.000001068225     44.094154827225054     286.81744033991913     0:13
4874000     9748.000001068429     62.844596714732006     314.2018609963383     0:13
4874500     9749.000001068633     55.151781191936436     400.9718019904551     0:13
4875000     9750.000001068836     70.70336092283247     259.21094792752456     0:13
4875500     9751.00000106904     57.64588599686425     348.43426576667065     0:13
4876000     9752.000001069244     47.30864379953391     353.8960724967262     0:13
4876500     9753.000001069448     59.41767662181502     336.03741756075476     0:12
4877000     9754.000001069651     49.388101842377296     335.73747573287466     0:12
4877500     9755.000001069855     59.16700641803726     314.6493644431296     0:12
4878000     9756.000001070059     45.46223928340834     351.0288874116725     0:12
4878500     9757.000001070262     57.64862092176742     185.30234183949293     0:12
4879000     9758.000001070466     80.91409243312484     339.40386607142983     0:12
4879500     9759.00000107067     54.51798815835565     191.64831293315342     0:12
4880000     9760.000001070874     51.9432421498646     408.7404612416236     0:12
4880500     9761.000001071077     41.781110557448415     401.0779763382958     0:12
4881000     9762.000001071281     49.666856917921905     192.24352314265474     0:12
4881500     9763.000001071485     44.339049200877525     261.42044337466075     0:12
4882000     9764.000001071689     40.15489059410589     261.6839113626954     0:12
4882500     9765.000001071892     53.93063683735403     240.26146136866558     0:12
4883000     9766.000001072096     60.31451983274803     247.05738368796008     0:12
4883500     9767.0000010723     56.549779947682566     289.2412176828551     0:12
4884000     9768.000001072503     65.92536516112489     372.93665719376685     0:12
4884500     9769.000001072707     84.17690051703329     242.6826656000108     0:12
4885000     9770.00000107291     65.43528170249414     266.46850052283975     0:12
4885500     9771.000001073115     54.563920980858995     389.6219852084941     0:12
4886000     9772.000001073318     67.589070024205     309.0466404977875     0:11
4886500     9773.000001073522     34.20985038396333     365.2302681924746     0:11
4887000     9774.000001073726     59.230829965910004     255.14664328515556     0:11
4887500     9775.00000107393     46.485700485108055     425.7637805928534     0:11
4888000     9776.000001074133     52.00036158682133     319.99001569904186     0:11
4888500     9777.000001074337     60.04091734774437     376.16661328008587     0:11
4889000     9778.00000107454     53.64054083998536     381.47421432667005     0:11
4889500     9779.000001074744     49.986229738705276     328.15072808925396     0:11
4890000     9780.000001074948     55.693210581501376     343.9346936896761     0:11
4890500     9781.000001075152     42.668185635505495     343.3241457791766     0:11
4891000     9782.000001075356     53.14157215660674     319.7666418871825     0:11
4891500     9783.00000107556     81.08287648508173     295.68046910920856     0:11
4892000     9784.000001075763     46.221668692049946     351.9920907233983     0:11
4892500     9785.000001075967     69.52778714028142     312.2012527360244     0:11
4893000     9786.00000107617     62.711436826612214     523.5386883400786     0:11
4893500     9787.000001076374     49.88983230396639     521.9850474172398     0:11
4894000     9788.000001076578     78.93832590823666     212.86547532110342     0:11
4894500     9789.000001076782     72.44945961533728     397.54100626646317     0:11
4895000     9790.000001076985     52.319691668360406     355.9603006771352     0:11
4895500     9791.00000107719     66.18987989573463     441.0841156913623     0:10
4896000     9792.000001077393     69.41486636132078     330.5847170843408     0:10
4896500     9793.000001077597     59.971534613109895     271.0557061291392     0:10
4897000     9794.0000010778     68.87058658045868     372.409947034614     0:10
4897500     9795.000001078004     84.34611928929132     388.62287371328284     0:10
4898000     9796.000001078208     70.13262147781359     309.5379036374205     0:10
4898500     9797.000001078412     66.45622247183536     312.6157718004266     0:10
4899000     9798.000001078615     75.09409235709637     239.01720938398543     0:10
4899500     9799.000001078819     58.36621084923678     243.94900128755108     0:10
4900000     9800.000001079023     47.88850396720329     303.88640601118647     0:10
4900500     9801.000001079226     52.374134078852364     301.01367877256195     0:10
4901000     9802.00000107943     46.11081351446421     364.97354293675187     0:10
4901500     9803.000001079634     56.697254127805536     258.5726361129296     0:10
4902000     9804.000001079838     50.52963657244186     255.1968803318384     0:10
4902500     9805.000001080041     37.1055047496597     316.09985067758475     0:10
4903000     9806.000001080245     58.34842745552618     185.16696421057503     0:10
4903500     9807.000001080449     44.31782566476829     319.8329248193824     0:10
4904000     9808.000001080653     59.56744347664721     333.96622281706624     0:10
4904500     9809.000001080856     65.78806425659866     439.31132463394465     0:10
4905000     9810.00000108106     65.7845219435635     348.69120511736776     0:09
4905500     9811.000001081264     54.16619039176584     286.129491961763     0:09
4906000     9812.000001081467     56.08242225061366     282.8668928340695     0:09
4906500     9813.000001081671     77.90761731590965     349.35702697366884     0:09
4907000     9814.000001081875     75.2302156946219     246.1277484580553     0:09
4907500     9815.000001082079     66.13416047568143     310.9138845422608     0:09
4908000     9816.000001082282     65.89588450007204     306.2287573196935     0:09
4908500     9817.000001082486     61.79593472839292     259.2089994210685     0:09
4909000     9818.00000108269     70.80049065444393     331.53379361527493     0:09
4909500     9819.000001082894     65.10465134736177     301.28465703792324     0:09
4910000     9820.000001083097     62.675808040961215     326.5397833386922     0:09
4910500     9821.000001083301     73.28854236325174     438.62409964976945     0:09
4911000     9822.000001083505     56.48357549490788     256.07225248812904     0:09
4911500     9823.000001083708     54.552586039860614     347.6704057043724     0:09
4912000     9824.000001083912     69.66637294288012     368.68718011270124     0:09
4912500     9825.000001084116     74.16330484476924     393.1324990508974     0:09
4913000     9826.00000108432     69.72034721266061     436.68285176409626     0:09
4913500     9827.000001084523     63.82506111220954     383.5962531877008     0:09
4914000     9828.000001084727     74.87013862838245     243.24480963993656     0:09
4914500     9829.00000108493     46.173906957622705     279.1199621458382     0:08
4915000     9830.000001085134     55.527275475530814     251.9435010443735     0:08
4915500     9831.000001085338     52.86300551500784     307.11076884208     0:08
4916000     9832.000001085542     59.36790052792128     330.79890486553984     0:08
4916500     9833.000001085746     61.79037967459465     319.6245400776212     0:08
4917000     9834.00000108595     50.86374947176182     312.29392483555137     0:08
4917500     9835.000001086153     47.64220862328449     311.07904031179373     0:08
4918000     9836.000001086357     59.13529795553666     304.2906740919629     0:08
4918500     9837.00000108656     53.44966939212162     304.18488220880965     0:08
4919000     9838.000001086764     52.70065947587193     280.09441997505405     0:08
4919500     9839.000001086968     44.53117323263638     330.86200669517183     0:08
4920000     9840.000001087172     46.014609524086666     297.9146481084485     0:08
4920500     9841.000001087375     36.14069937204454     315.91991930323707     0:08
4921000     9842.00000108758     76.21817463107607     229.57838419356676     0:08
4921500     9843.000001087783     63.48961288602135     238.0155967557201     0:08
4922000     9844.000001087987     73.39773236449793     263.76959922208323     0:08
4922500     9845.00000108819     79.42196447737035     286.1304233233395     0:08
4923000     9846.000001088394     47.40990955461558     305.07582885417145     0:08
4923500     9847.000001088598     51.35844173603806     254.67647648062658     0:08
4924000     9848.000001088802     52.81469849827755     282.5329162990435     0:07
4924500     9849.000001089005     50.431788446354744     336.77508668732844     0:07
4925000     9850.000001089209     68.15057111527506     272.44032691659453     0:07
4925500     9851.000001089413     80.37941702538353     384.0384944512724     0:07
4926000     9852.000001089616     51.861583021116985     449.20705494679817     0:07
4926500     9853.00000108982     75.84889836945467     279.8902596855777     0:07
4927000     9854.000001090024     58.68421347557876     209.06067602066904     0:07
4927500     9855.000001090228     41.067505176226405     352.4183238344811     0:07
4928000     9856.000001090431     45.01328010234397     400.16692549670717     0:07
4928500     9857.000001090635     45.207691242479655     245.69034440886665     0:07
4929000     9858.000001090839     76.97002466059661     204.02757393926862     0:07
4929500     9859.000001091043     55.024352285817315     396.59384002457904     0:07
4930000     9860.000001091246     60.424909913557656     399.26931710699654     0:07
4930500     9861.00000109145     64.37122043841265     286.05096841580854     0:07
4931000     9862.000001091654     50.95844702594957     335.26517093330585     0:07
4931500     9863.000001091857     44.92762801444388     319.70249041092245     0:07
4932000     9864.000001092061     52.3674050627223     374.07398152629816     0:07
4932500     9865.000001092265     39.35418241540475     345.2256115974907     0:07
4933000     9866.000001092469     68.56599380042405     184.36835735737085     0:07
4933500     9867.000001092672     53.493411536345775     342.29798856678974     0:06
4934000     9868.000001092876     61.02789517384184     308.89288334813136     0:06
4934500     9869.00000109308     43.88491117997597     294.38859503967564     0:06
4935000     9870.000001093284     49.70104616432451     290.6105176983153     0:06
4935500     9871.000001093487     53.92623674752423     227.82254277370984     0:06
4936000     9872.000001093691     76.69506196287574     313.4273669044737     0:06
4936500     9873.000001093895     64.08538926023147     373.06413273217987     0:06
4937000     9874.000001094098     44.75255422221829     308.6392545741801     0:06
4937500     9875.000001094302     46.41459100002055     301.9966432441777     0:06
4938000     9876.000001094506     57.76146968695974     295.73838251424587     0:06
4938500     9877.00000109471     57.283880649189996     306.46165438601673     0:06
4939000     9878.000001094913     58.186311942861266     246.40720941333566     0:06
4939500     9879.000001095117     51.733922694988905     250.34954594097636     0:06
4940000     9880.00000109532     50.691659203759855     246.45331423326112     0:06
4940500     9881.000001095525     45.15623040516874     259.3987271905047     0:06
4941000     9882.000001095728     51.50561695490518     255.39617698412442     0:06
4941500     9883.000001095932     58.416246147076436     347.0072468117384     0:06
4942000     9884.000001096136     54.60398661748803     287.16264019850684     0:06
4942500     9885.00000109634     51.73355907773379     310.1941919825584     0:06
4943000     9886.000001096543     34.763553865600215     267.94677333027     0:05
4943500     9887.000001096747     74.78717827410196     299.7635226103656     0:05
4944000     9888.00000109695     39.8540543304739     350.3282694548085     0:05
4944500     9889.000001097154     52.152598431590775     324.1148528860366     0:05
4945000     9890.000001097358     54.08718003927646     222.88845893984904     0:05
4945500     9891.000001097562     60.575334275178534     293.7666224013376     0:05
4946000     9892.000001097766     52.04510610355811     378.6253492807644     0:05
4946500     9893.00000109797     51.35893930901375     266.8785849150049     0:05
4947000     9894.000001098173     53.931577918296796     270.3949603096807     0:05
4947500     9895.000001098377     46.970580917656605     251.3751337915132     0:05
4948000     9896.00000109858     57.030137888423724     302.08251857905236     0:05
4948500     9897.000001098784     74.02936343311188     361.36419282753724     0:05
4949000     9898.000001098988     62.61181014691289     473.3903789866344     0:05
4949500     9899.000001099192     62.304670521515106     412.88487537358753     0:05
4950000     9900.000001099395     53.638166953495215     361.9493136660558     0:05
4950500     9901.0000010996     48.568104171273205     287.5981644986639     0:05
4951000     9902.000001099803     56.75090166831558     240.42985859423652     0:05
4951500     9903.000001100007     60.70978695801148     259.73256199659517     0:05
4952000     9904.00000110021     43.475345617341475     267.4195932278045     0:05
4952500     9905.000001100414     68.43193589205998     162.66848726113867     0:04
4953000     9906.000001100618     56.86013304684451     232.1717526564016     0:04
4953500     9907.000001100821     75.96200760311785     297.2454010231834     0:04
4954000     9908.000001101025     47.45546769485367     318.1284042899068     0:04
4954500     9909.000001101229     49.36903468773113     278.2546161492313     0:04
4955000     9910.000001101433     42.44793955859359     499.48711926781715     0:04
4955500     9911.000001101636     69.5165101473969     353.2264449811604     0:04
4956000     9912.00000110184     61.83902862670544     254.16289872314096     0:04
4956500     9913.000001102044     47.54608217568733     216.42147519083076     0:04
4957000     9914.000001102248     69.07026471468288     250.20450405522558     0:04
4957500     9915.000001102451     38.94921981149912     368.95679248118836     0:04
4958000     9916.000001102655     48.429994048606375     320.83538113684784     0:04
4958500     9917.000001102859     54.61180076063397     127.87038704150747     0:04
4959000     9918.000001103062     33.46229937877371     332.9262263263132     0:04
4959500     9919.000001103266     50.14506202830512     343.13678535765433     0:04
4960000     9920.00000110347     49.40386023723357     234.71426842840768     0:04
4960500     9921.000001103674     56.79267230020139     262.54253354194225     0:04
4961000     9922.000001103877     52.39788414708681     277.7321394275709     0:04
4961500     9923.000001104081     41.91058436178827     296.68098181243334     0:04
4962000     9924.000001104285     52.339708401835935     279.86028038287475     0:03
4962500     9925.000001104489     73.59569549325505     324.1823498626797     0:03
4963000     9926.000001104692     60.00664636653852     217.8132307175275     0:03
4963500     9927.000001104896     57.348626157418664     308.99326933318054     0:03
4964000     9928.0000011051     51.63406864793558     277.5750651136312     0:03
4964500     9929.000001105303     54.09657991968089     331.77652316283053     0:03
4965000     9930.000001105507     80.78106849682234     387.14191928153195     0:03
4965500     9931.00000110571     51.53039152107698     299.4879112716326     0:03
4966000     9932.000001105915     55.7277964214656     260.3580330049405     0:03
4966500     9933.000001106118     57.39001379719065     275.36994606808634     0:03
4967000     9934.000001106322     58.24398866303454     250.029656855267     0:03
4967500     9935.000001106526     49.73423773967136     204.39337322191534     0:03
4968000     9936.00000110673     51.86805641442868     242.91875093769292     0:03
4968500     9937.000001106933     58.70000425536841     299.77004654923877     0:03
4969000     9938.000001107137     43.7468437930724     402.1379747004716     0:03
4969500     9939.00000110734     38.15155072699696     283.1390993845804     0:03
4970000     9940.000001107544     36.38997349762184     207.79206642168663     0:03
4970500     9941.000001107748     36.376028268937034     157.31492200949577     0:03
4971000     9942.000001107952     41.411936999625084     179.59000572352414     0:03
4971500     9943.000001108156     60.20900522877599     275.4681347702567     0:02
4972000     9944.00000110836     51.159533156037185     231.51568679808295     0:02
4972500     9945.000001108563     51.86631610515957     288.07437110648476     0:02
4973000     9946.000001108767     54.08549527497223     326.4284990960029     0:02
4973500     9947.00000110897     88.860769308319     340.29680498677925     0:02
4974000     9948.000001109174     43.112668905449766     280.4289509288758     0:02
4974500     9949.000001109378     48.35494935691946     178.08529286488218     0:02
4975000     9950.000001109582     61.06385274024302     329.3199819262665     0:02
4975500     9951.000001109785     66.65526572993139     307.6463807990176     0:02
4976000     9952.00000110999     51.32718395445096     321.7877891212097     0:02
4976500     9953.000001110193     52.61613659871739     298.578989028155     0:02
4977000     9954.000001110397     39.571027963641484     419.6745951931518     0:02
4977500     9955.0000011106     46.695976968324885     349.99839850576245     0:02
4978000     9956.000001110804     49.19501181043603     257.74648255062215     0:02
4978500     9957.000001111008     36.44572085748365     263.0464007360802     0:02
4979000     9958.000001111212     49.28319645028881     246.4957598697595     0:02
4979500     9959.000001111415     40.267591419609744     284.80926144880846     0:02
4980000     9960.000001111619     53.47957011548982     238.73922113087752     0:02
4980500     9961.000001111823     60.74725892763587     273.9730448994615     0:02
4981000     9962.000001112026     53.85978310223521     324.4167145452088     0:01
4981500     9963.00000111223     46.02892279956018     257.90210489375795     0:01
4982000     9964.000001112434     54.85786150761254     192.93759977148355     0:01
4982500     9965.000001112638     50.51184581318262     288.88597851372714     0:01
4983000     9966.000001112841     53.739511226463094     141.06342646024987     0:01
4983500     9967.000001113045     50.3164015853493     220.98028700818242     0:01
4984000     9968.000001113249     63.44399603661674     239.13985141350543     0:01
4984500     9969.000001113453     58.88175528728033     308.4372356219501     0:01
4985000     9970.000001113656     38.473873200766775     246.53519703592733     0:01
4985500     9971.00000111386     42.572406483971974     310.84908254665544     0:01
4986000     9972.000001114064     48.07822495585782     382.504247941695     0:01
4986500     9973.000001114267     53.968240290646406     298.7233528334653     0:01
4987000     9974.000001114471     49.88521389108956     263.0178380203851     0:01
4987500     9975.000001114675     51.81230062081852     441.84129773119133     0:01
4988000     9976.000001114879     50.50543594865468     305.0216750319634     0:01
4988500     9977.000001115082     64.41437499601619     320.1449177179409     0:01
4989000     9978.000001115286     60.357396279286206     300.60572263944346     0:01
4989500     9979.00000111549     52.103908851564995     323.6412525212459     0:01
4990000     9980.000001115694     45.275800394129476     361.4686163919276     0:01
4990500     9981.000001115897     77.96393248375597     307.1635148687368     0:00
4991000     9982.000001116101     44.165827863303264     381.47481795824723     0:00
4991500     9983.000001116305     65.11757056906254     226.73484415467757     0:00
4992000     9984.000001116508     61.82464834887338     295.99532444425466     0:00
4992500     9985.000001116712     41.86627312982813     365.9198988146265     0:00
4993000     9986.000001116916     55.58519565192404     269.2670522325638     0:00
4993500     9987.00000111712     65.62312312385728     269.60514273330534     0:00
4994000     9988.000001117323     69.53910964442031     181.62194378020203     0:00
4994500     9989.000001117527     70.70917485209571     427.69557622173426     0:00
4995000     9990.00000111773     54.997355197516015     544.61959107141     0:00
4995500     9991.000001117935     56.74861007681005     247.12909649496368     0:00
4996000     9992.000001118138     67.15677494681773     300.77750450312124     0:00
4996500     9993.000001118342     43.70733761961054     537.1215787712081     0:00
4997000     9994.000001118546     53.59838997308782     437.5316236370088     0:00
4997500     9995.00000111875     54.487579257096     204.33848237049222     0:00
4998000     9996.000001118953     49.076953968556154     253.07595650843461     0:00
4998500     9997.000001119157     45.87760494853154     389.588314172178     0:00
4999000     9998.00000111936     60.29036722723612     224.1206203710078     0:00
4999500     9999.000001119564     42.250735496457764     280.0244047183838     0:00
5000000     10000.000001119768     34.589058267348776     347.7589315195909     0:00
